# Exported from Webots PROTO
v 0.021203 -0.033480 0.077200
v 0.021203 -0.033480 0.087200
v 0.021223 -0.033405 0.077200
v 0.021223 -0.033405 0.087200
v 0.021224 -0.033326 0.077200
v 0.021224 -0.033326 0.087200
v 0.021204 -0.033251 0.077200
v 0.021204 -0.033251 0.087200
v 0.021166 -0.033183 0.077200
v 0.021166 -0.033183 0.087200
v 0.021111 -0.033127 0.077200
v 0.021111 -0.033127 0.087200
v 0.021043 -0.033087 0.077200
v 0.021043 -0.033087 0.087200
v 0.020968 -0.033066 0.077200
v 0.020968 -0.033066 0.087200
v 0.020889 -0.033066 0.077200
v 0.020889 -0.033066 0.087200
v 0.020814 -0.033085 0.077200
v 0.020814 -0.033085 0.087200
v 0.020745 -0.033124 0.077200
v 0.020745 -0.033124 0.087200
v 0.020690 -0.033179 0.077200
v 0.020690 -0.033179 0.087200
v 0.020650 -0.033247 0.077200
v 0.020650 -0.033247 0.087200
v 0.020629 -0.033322 0.077200
v 0.020629 -0.033322 0.087200
v 0.020629 -0.033400 0.077200
v 0.020629 -0.033400 0.087200
v 0.020648 -0.033476 0.077200
v 0.020648 -0.033476 0.087200
v 0.020687 -0.033544 0.077200
v 0.020687 -0.033544 0.087200
v 0.020742 -0.033600 0.077200
v 0.020742 -0.033600 0.087200
v 0.020810 -0.033640 0.077200
v 0.020810 -0.033640 0.087200
v 0.020885 -0.033661 0.077200
v 0.020885 -0.033661 0.087200
v 0.020963 -0.033661 0.077200
v 0.020963 -0.033661 0.087200
v 0.021039 -0.033641 0.077200
v 0.021039 -0.033641 0.087200
v 0.021107 -0.033603 0.077200
v 0.021107 -0.033603 0.087200
v 0.021163 -0.033548 0.077200
v 0.021163 -0.033548 0.087200
v 0.020926 -0.033363 0.077200
v 0.020926 -0.033363 0.087200
v 0.021981 -0.031638 0.077200
v 0.021981 -0.031638 0.087200
v 0.022002 -0.031563 0.077200
v 0.022002 -0.031563 0.087200
v 0.022003 -0.031484 0.077200
v 0.022003 -0.031484 0.087200
v 0.021983 -0.031409 0.077200
v 0.021983 -0.031409 0.087200
v 0.021944 -0.031340 0.077200
v 0.021944 -0.031340 0.087200
v 0.021890 -0.031285 0.077200
v 0.021890 -0.031285 0.087200
v 0.021822 -0.031245 0.077200
v 0.021822 -0.031245 0.087200
v 0.021746 -0.031224 0.077200
v 0.021746 -0.031224 0.087200
v 0.021668 -0.031224 0.077200
v 0.021668 -0.031224 0.087200
v 0.021592 -0.031243 0.077200
v 0.021592 -0.031243 0.087200
v 0.021524 -0.031282 0.077200
v 0.021524 -0.031282 0.087200
v 0.021468 -0.031337 0.077200
v 0.021468 -0.031337 0.087200
v 0.021429 -0.031404 0.077200
v 0.021429 -0.031404 0.087200
v 0.021408 -0.031480 0.077200
v 0.021408 -0.031480 0.087200
v 0.021407 -0.031558 0.077200
v 0.021407 -0.031558 0.087200
v 0.021427 -0.031634 0.077200
v 0.021427 -0.031634 0.087200
v 0.021466 -0.031702 0.077200
v 0.021466 -0.031702 0.087200
v 0.021521 -0.031758 0.077200
v 0.021521 -0.031758 0.087200
v 0.021588 -0.031798 0.077200
v 0.021588 -0.031798 0.087200
v 0.021664 -0.031818 0.077200
v 0.021664 -0.031818 0.087200
v 0.021742 -0.031819 0.077200
v 0.021742 -0.031819 0.087200
v 0.021818 -0.031799 0.077200
v 0.021818 -0.031799 0.087200
v 0.021886 -0.031761 0.077200
v 0.021886 -0.031761 0.087200
v 0.021942 -0.031706 0.077200
v 0.021942 -0.031706 0.087200
v 0.021705 -0.031521 0.077200
v 0.021705 -0.031521 0.087200
v 0.029606 -0.035948 0.088696
v 0.020396 -0.032053 0.088704
v 0.029758 -0.035590 0.088645
v 0.020547 -0.031696 0.088653
v 0.029898 -0.035257 0.088495
v 0.020688 -0.031363 0.088503
v 0.030019 -0.034970 0.088257
v 0.020809 -0.031076 0.088265
v 0.030112 -0.034751 0.087946
v 0.020901 -0.030857 0.087954
v 0.030170 -0.034613 0.087584
v 0.020959 -0.030719 0.087592
v 0.030189 -0.034565 0.087196
v 0.020979 -0.030671 0.087204
v 0.030169 -0.034612 0.086808
v 0.020959 -0.030718 0.086816
v 0.030111 -0.034750 0.086446
v 0.020900 -0.030856 0.086454
v 0.030018 -0.034970 0.086135
v 0.020807 -0.031076 0.086143
v 0.029896 -0.035256 0.085897
v 0.020686 -0.031362 0.085905
v 0.029755 -0.035589 0.085747
v 0.020545 -0.031695 0.085755
v 0.029604 -0.035947 0.085696
v 0.020394 -0.032052 0.085704
v 0.029453 -0.036304 0.085747
v 0.020242 -0.032410 0.085755
v 0.029312 -0.036637 0.085897
v 0.020102 -0.032743 0.085905
v 0.029191 -0.036924 0.086135
v 0.019981 -0.033030 0.086143
v 0.029099 -0.037143 0.086446
v 0.019888 -0.033249 0.086454
v 0.029041 -0.037281 0.086808
v 0.019830 -0.033387 0.086816
v 0.029021 -0.037329 0.087196
v 0.019811 -0.033435 0.087204
v 0.029041 -0.037282 0.087584
v 0.019831 -0.033388 0.087592
v 0.029100 -0.037144 0.087946
v 0.019889 -0.033250 0.087954
v 0.029193 -0.036924 0.088257
v 0.019982 -0.033030 0.088265
v 0.029314 -0.036638 0.088495
v 0.020104 -0.032744 0.088503
v 0.029455 -0.036305 0.088645
v 0.020245 -0.032411 0.088653
v 0.029605 -0.035947 0.087196
v 0.020395 -0.032053 0.087204
v 0.022232 0.031349 0.077200
v 0.022232 0.031349 0.087200
v 0.022186 0.031412 0.077200
v 0.022186 0.031412 0.087200
v 0.022125 0.031461 0.077200
v 0.022125 0.031461 0.087200
v 0.022054 0.031493 0.077200
v 0.022054 0.031493 0.087200
v 0.021976 0.031505 0.077200
v 0.021976 0.031505 0.087200
v 0.021898 0.031496 0.077200
v 0.021898 0.031496 0.087200
v 0.021825 0.031468 0.077200
v 0.021825 0.031468 0.087200
v 0.021762 0.031422 0.077200
v 0.021762 0.031422 0.087200
v 0.021713 0.031361 0.077200
v 0.021713 0.031361 0.087200
v 0.021681 0.031289 0.077200
v 0.021681 0.031289 0.087200
v 0.021669 0.031212 0.077200
v 0.021669 0.031212 0.087200
v 0.021678 0.031134 0.077200
v 0.021678 0.031134 0.087200
v 0.021706 0.031061 0.077200
v 0.021706 0.031061 0.087200
v 0.021752 0.030998 0.077200
v 0.021752 0.030998 0.087200
v 0.021813 0.030949 0.077200
v 0.021813 0.030949 0.087200
v 0.021885 0.030917 0.077200
v 0.021885 0.030917 0.087200
v 0.021962 0.030905 0.077200
v 0.021962 0.030905 0.087200
v 0.022040 0.030913 0.077200
v 0.022040 0.030913 0.087200
v 0.022113 0.030941 0.077200
v 0.022113 0.030941 0.087200
v 0.022176 0.030988 0.077200
v 0.022176 0.030988 0.087200
v 0.022225 0.031049 0.077200
v 0.022225 0.031049 0.087200
v 0.022257 0.031120 0.077200
v 0.022257 0.031120 0.087200
v 0.022269 0.031198 0.077200
v 0.022269 0.031198 0.087200
v 0.022261 0.031275 0.077200
v 0.022261 0.031275 0.087200
v 0.021969 0.031205 0.077200
v 0.021969 0.031205 0.087200
v 0.021274 0.033104 0.077200
v 0.021274 0.033104 0.087200
v 0.021227 0.033167 0.077200
v 0.021227 0.033167 0.087200
v 0.021166 0.033216 0.077200
v 0.021166 0.033216 0.087200
v 0.021095 0.033248 0.077200
v 0.021095 0.033248 0.087200
v 0.021017 0.033260 0.077200
v 0.021017 0.033260 0.087200
v 0.020939 0.033251 0.077200
v 0.020939 0.033251 0.087200
v 0.020866 0.033223 0.077200
v 0.020866 0.033223 0.087200
v 0.020803 0.033177 0.077200
v 0.020803 0.033177 0.087200
v 0.020754 0.033116 0.077200
v 0.020754 0.033116 0.087200
v 0.020722 0.033044 0.077200
v 0.020722 0.033044 0.087200
v 0.020710 0.032967 0.077200
v 0.020710 0.032967 0.087200
v 0.020719 0.032889 0.077200
v 0.020719 0.032889 0.087200
v 0.020747 0.032816 0.077200
v 0.020747 0.032816 0.087200
v 0.020793 0.032753 0.077200
v 0.020793 0.032753 0.087200
v 0.020854 0.032704 0.077200
v 0.020854 0.032704 0.087200
v 0.020926 0.032672 0.077200
v 0.020926 0.032672 0.087200
v 0.021003 0.032660 0.077200
v 0.021003 0.032660 0.087200
v 0.021081 0.032668 0.077200
v 0.021081 0.032668 0.087200
v 0.021154 0.032697 0.077200
v 0.021154 0.032697 0.087200
v 0.021217 0.032743 0.077200
v 0.021217 0.032743 0.087200
v 0.021266 0.032804 0.077200
v 0.021266 0.032804 0.087200
v 0.021298 0.032875 0.077200
v 0.021298 0.032875 0.087200
v 0.021310 0.032953 0.077200
v 0.021310 0.032953 0.087200
v 0.021302 0.033031 0.077200
v 0.021302 0.033031 0.087200
v 0.021010 0.032960 0.077200
v 0.021010 0.032960 0.087200
v 0.029389 0.036398 0.088696
v 0.020613 0.031603 0.088704
v 0.029203 0.036738 0.088645
v 0.020427 0.031944 0.088653
v 0.029029 0.037056 0.088495
v 0.020253 0.032262 0.088503
v 0.028880 0.037328 0.088257
v 0.020104 0.032534 0.088265
v 0.028766 0.037537 0.087946
v 0.019990 0.032743 0.087954
v 0.028694 0.037669 0.087584
v 0.019918 0.032875 0.087592
v 0.028669 0.037714 0.087196
v 0.019893 0.032919 0.087204
v 0.028693 0.037669 0.086808
v 0.019917 0.032874 0.086816
v 0.028765 0.037537 0.086446
v 0.019989 0.032743 0.086454
v 0.028879 0.037328 0.086135
v 0.020103 0.032533 0.086143
v 0.029027 0.037055 0.085897
v 0.020252 0.032261 0.085905
v 0.029201 0.036737 0.085747
v 0.020425 0.031943 0.085755
v 0.029387 0.036397 0.085696
v 0.020611 0.031602 0.085704
v 0.029573 0.036056 0.085747
v 0.020797 0.031262 0.085755
v 0.029747 0.035738 0.085897
v 0.020971 0.030944 0.085905
v 0.029896 0.035466 0.086135
v 0.021120 0.030672 0.086143
v 0.030010 0.035257 0.086446
v 0.021234 0.030463 0.086454
v 0.030082 0.035125 0.086808
v 0.021306 0.030331 0.086816
v 0.030107 0.035081 0.087196
v 0.021331 0.030286 0.087204
v 0.030083 0.035126 0.087584
v 0.021307 0.030331 0.087592
v 0.030011 0.035257 0.087946
v 0.021235 0.030463 0.087954
v 0.029897 0.035467 0.088257
v 0.021121 0.030672 0.088265
v 0.029748 0.035739 0.088495
v 0.020973 0.030945 0.088503
v 0.029575 0.036057 0.088645
v 0.020799 0.031263 0.088653
v 0.029388 0.036397 0.087196
v 0.020612 0.031603 0.087204
v -0.026999 0.001002 0.039200
v -0.024999 0.001000 0.039200
v -0.026999 0.000968 0.039459
v -0.024999 0.000966 0.039459
v -0.026999 0.000868 0.039700
v -0.024999 0.000866 0.039700
v -0.026999 0.000709 0.039907
v -0.024999 0.000707 0.039907
v -0.027000 0.000502 0.040066
v -0.025000 0.000500 0.040066
v -0.027000 0.000260 0.040166
v -0.025000 0.000259 0.040166
v -0.027000 0.000002 0.040200
v -0.025000 0.000000 0.040200
v -0.027000 -0.000257 0.040166
v -0.025000 -0.000259 0.040166
v -0.027000 -0.000498 0.040066
v -0.025000 -0.000500 0.040066
v -0.027001 -0.000706 0.039907
v -0.025001 -0.000707 0.039907
v -0.027001 -0.000864 0.039700
v -0.025001 -0.000866 0.039700
v -0.027001 -0.000964 0.039459
v -0.025001 -0.000966 0.039459
v -0.027001 -0.000998 0.039200
v -0.025001 -0.001000 0.039200
v -0.027001 -0.000964 0.038941
v -0.025001 -0.000966 0.038941
v -0.027001 -0.000864 0.038700
v -0.025001 -0.000866 0.038700
v -0.027001 -0.000706 0.038493
v -0.025001 -0.000707 0.038493
v -0.027000 -0.000498 0.038334
v -0.025000 -0.000500 0.038334
v -0.027000 -0.000257 0.038234
v -0.025000 -0.000259 0.038234
v -0.027000 0.000002 0.038200
v -0.025000 0.000000 0.038200
v -0.027000 0.000260 0.038234
v -0.025000 0.000259 0.038234
v -0.027000 0.000502 0.038334
v -0.025000 0.000500 0.038334
v -0.026999 0.000709 0.038493
v -0.024999 0.000707 0.038493
v -0.026999 0.000868 0.038700
v -0.024999 0.000866 0.038700
v -0.026999 0.000968 0.038941
v -0.024999 0.000966 0.038941
v -0.027000 0.000002 0.039200
v -0.025000 0.000000 0.039200
v -0.028000 0.000302 0.029200
v -0.028000 0.000302 0.039200
v -0.028077 0.000292 0.029200
v -0.028077 0.000292 0.039200
v -0.028150 0.000262 0.029200
v -0.028150 0.000262 0.039200
v -0.028212 0.000215 0.029200
v -0.028212 0.000215 0.039200
v -0.028260 0.000153 0.029200
v -0.028260 0.000153 0.039200
v -0.028290 0.000080 0.029200
v -0.028290 0.000080 0.039200
v -0.028300 0.000003 0.029200
v -0.028300 0.000003 0.039200
v -0.028290 -0.000075 0.029200
v -0.028290 -0.000075 0.039200
v -0.028260 -0.000147 0.029200
v -0.028260 -0.000147 0.039200
v -0.028212 -0.000210 0.029200
v -0.028212 -0.000210 0.039200
v -0.028150 -0.000257 0.029200
v -0.028150 -0.000257 0.039200
v -0.028078 -0.000287 0.029200
v -0.028078 -0.000287 0.039200
v -0.028000 -0.000298 0.029200
v -0.028000 -0.000298 0.039200
v -0.027923 -0.000287 0.029200
v -0.027923 -0.000287 0.039200
v -0.027850 -0.000258 0.029200
v -0.027850 -0.000258 0.039200
v -0.027788 -0.000210 0.029200
v -0.027788 -0.000210 0.039200
v -0.027740 -0.000148 0.029200
v -0.027740 -0.000148 0.039200
v -0.027710 -0.000075 0.029200
v -0.027710 -0.000075 0.039200
v -0.027700 0.000002 0.029200
v -0.027700 0.000002 0.039200
v -0.027710 0.000080 0.029200
v -0.027710 0.000080 0.039200
v -0.027740 0.000152 0.029200
v -0.027740 0.000152 0.039200
v -0.027788 0.000214 0.029200
v -0.027788 0.000214 0.039200
v -0.027850 0.000262 0.029200
v -0.027850 0.000262 0.039200
v -0.027922 0.000292 0.029200
v -0.027922 0.000292 0.039200
v -0.028000 0.000002 0.029200
v -0.028000 0.000002 0.039200
v -0.026000 0.000301 0.029200
v -0.026000 0.000301 0.039200
v -0.026077 0.000291 0.029200
v -0.026077 0.000291 0.039200
v -0.026150 0.000261 0.029200
v -0.026150 0.000261 0.039200
v -0.026212 0.000213 0.029200
v -0.026212 0.000213 0.039200
v -0.026260 0.000151 0.029200
v -0.026260 0.000151 0.039200
v -0.026290 0.000079 0.029200
v -0.026290 0.000079 0.039200
v -0.026300 0.000001 0.029200
v -0.026300 0.000001 0.039200
v -0.026290 -0.000077 0.029200
v -0.026290 -0.000077 0.039200
v -0.026260 -0.000149 0.029200
v -0.026260 -0.000149 0.039200
v -0.026212 -0.000211 0.029200
v -0.026212 -0.000211 0.039200
v -0.026150 -0.000259 0.029200
v -0.026150 -0.000259 0.039200
v -0.026078 -0.000289 0.029200
v -0.026078 -0.000289 0.039200
v -0.026000 -0.000299 0.029200
v -0.026000 -0.000299 0.039200
v -0.025923 -0.000289 0.029200
v -0.025923 -0.000289 0.039200
v -0.025850 -0.000259 0.029200
v -0.025850 -0.000259 0.039200
v -0.025788 -0.000212 0.029200
v -0.025788 -0.000212 0.039200
v -0.025740 -0.000149 0.029200
v -0.025740 -0.000149 0.039200
v -0.025710 -0.000077 0.029200
v -0.025710 -0.000077 0.039200
v -0.025700 0.000001 0.029200
v -0.025700 0.000001 0.039200
v -0.025710 0.000078 0.029200
v -0.025710 0.000078 0.039200
v -0.025740 0.000151 0.029200
v -0.025740 0.000151 0.039200
v -0.025788 0.000213 0.029200
v -0.025788 0.000213 0.039200
v -0.025850 0.000260 0.029200
v -0.025850 0.000260 0.039200
v -0.025922 0.000291 0.029200
v -0.025922 0.000291 0.039200
v -0.026000 0.000001 0.029200
v -0.026000 0.000001 0.039200
v -0.025502 -0.002000 0.037200
v -0.025498 0.002000 0.037200
v -0.028498 0.002003 0.037200
v -0.028502 -0.001997 0.037200
v -0.025502 -0.002000 0.041200
v -0.025498 0.002000 0.041200
v -0.028498 0.002003 0.041200
v -0.028502 -0.001997 0.041200
v -0.026999 0.001002 0.039200
v -0.024999 0.001000 0.039200
v -0.026999 0.000968 0.039459
v -0.024999 0.000966 0.039459
v -0.026999 0.000868 0.039700
v -0.024999 0.000866 0.039700
v -0.026999 0.000709 0.039907
v -0.024999 0.000707 0.039907
v -0.027000 0.000502 0.040066
v -0.025000 0.000500 0.040066
v -0.027000 0.000260 0.040166
v -0.025000 0.000259 0.040166
v -0.027000 0.000002 0.040200
v -0.025000 0.000000 0.040200
v -0.027000 -0.000257 0.040166
v -0.025000 -0.000259 0.040166
v -0.027000 -0.000498 0.040066
v -0.025000 -0.000500 0.040066
v -0.027001 -0.000706 0.039907
v -0.025001 -0.000707 0.039907
v -0.027001 -0.000864 0.039700
v -0.025001 -0.000866 0.039700
v -0.027001 -0.000964 0.039459
v -0.025001 -0.000966 0.039459
v -0.027001 -0.000998 0.039200
v -0.025001 -0.001000 0.039200
v -0.027001 -0.000964 0.038941
v -0.025001 -0.000966 0.038941
v -0.027001 -0.000864 0.038700
v -0.025001 -0.000866 0.038700
v -0.027001 -0.000706 0.038493
v -0.025001 -0.000707 0.038493
v -0.027000 -0.000498 0.038334
v -0.025000 -0.000500 0.038334
v -0.027000 -0.000257 0.038234
v -0.025000 -0.000259 0.038234
v -0.027000 0.000002 0.038200
v -0.025000 0.000000 0.038200
v -0.027000 0.000260 0.038234
v -0.025000 0.000259 0.038234
v -0.027000 0.000502 0.038334
v -0.025000 0.000500 0.038334
v -0.026999 0.000709 0.038493
v -0.024999 0.000707 0.038493
v -0.026999 0.000868 0.038700
v -0.024999 0.000866 0.038700
v -0.026999 0.000968 0.038941
v -0.024999 0.000966 0.038941
v -0.027000 0.000002 0.039200
v -0.025000 0.000000 0.039200
v -0.025502 -0.002000 0.037200
v -0.025498 0.002000 0.037200
v -0.028498 0.002003 0.037200
v -0.028502 -0.001997 0.037200
v -0.025502 -0.002000 0.041200
v -0.025498 0.002000 0.041200
v -0.028498 0.002003 0.041200
v -0.028502 -0.001997 0.041200
v -0.025000 -0.000300 0.037950
v -0.025000 -0.000300 0.040450
v -0.025104 -0.000314 0.037950
v -0.025104 -0.000314 0.040450
v -0.025200 -0.000353 0.037950
v -0.025200 -0.000353 0.040450
v -0.025283 -0.000417 0.037950
v -0.025283 -0.000417 0.040450
v -0.025347 -0.000500 0.037950
v -0.025347 -0.000500 0.040450
v -0.025387 -0.000596 0.037950
v -0.025387 -0.000596 0.040450
v -0.025401 -0.000700 0.037950
v -0.025401 -0.000700 0.040450
v -0.025387 -0.000803 0.037950
v -0.025387 -0.000803 0.040450
v -0.025347 -0.000900 0.037950
v -0.025347 -0.000900 0.040450
v -0.025284 -0.000983 0.037950
v -0.025284 -0.000983 0.040450
v -0.025201 -0.001046 0.037950
v -0.025201 -0.001046 0.040450
v -0.025104 -0.001086 0.037950
v -0.025104 -0.001086 0.040450
v -0.025001 -0.001100 0.037950
v -0.025001 -0.001100 0.040450
v -0.024897 -0.001086 0.037950
v -0.024897 -0.001086 0.040450
v -0.024801 -0.001047 0.037950
v -0.024801 -0.001047 0.040450
v -0.024718 -0.000983 0.037950
v -0.024718 -0.000983 0.040450
v -0.024654 -0.000900 0.037950
v -0.024654 -0.000900 0.040450
v -0.024614 -0.000804 0.037950
v -0.024614 -0.000804 0.040450
v -0.024601 -0.000700 0.037950
v -0.024601 -0.000700 0.040450
v -0.024614 -0.000597 0.037950
v -0.024614 -0.000597 0.040450
v -0.024654 -0.000500 0.037950
v -0.024654 -0.000500 0.040450
v -0.024717 -0.000417 0.037950
v -0.024717 -0.000417 0.040450
v -0.024800 -0.000354 0.037950
v -0.024800 -0.000354 0.040450
v -0.024897 -0.000314 0.037950
v -0.024897 -0.000314 0.040450
v -0.025001 -0.000700 0.037950
v -0.025001 -0.000700 0.040450
v -0.024999 0.001100 0.037950
v -0.024999 0.001100 0.040450
v -0.025103 0.001086 0.037950
v -0.025103 0.001086 0.040450
v -0.025199 0.001047 0.037950
v -0.025199 0.001047 0.040450
v -0.025282 0.000983 0.037950
v -0.025282 0.000983 0.040450
v -0.025346 0.000900 0.037950
v -0.025346 0.000900 0.040450
v -0.025386 0.000804 0.037950
v -0.025386 0.000804 0.040450
v -0.025399 0.000700 0.037950
v -0.025399 0.000700 0.040450
v -0.025386 0.000597 0.037950
v -0.025386 0.000597 0.040450
v -0.025346 0.000500 0.037950
v -0.025346 0.000500 0.040450
v -0.025283 0.000417 0.037950
v -0.025283 0.000417 0.040450
v -0.025200 0.000354 0.037950
v -0.025200 0.000354 0.040450
v -0.025103 0.000314 0.037950
v -0.025103 0.000314 0.040450
v -0.025000 0.000300 0.037950
v -0.025000 0.000300 0.040450
v -0.024896 0.000314 0.037950
v -0.024896 0.000314 0.040450
v -0.024800 0.000353 0.037950
v -0.024800 0.000353 0.040450
v -0.024717 0.000417 0.037950
v -0.024717 0.000417 0.040450
v -0.024653 0.000500 0.037950
v -0.024653 0.000500 0.040450
v -0.024613 0.000596 0.037950
v -0.024613 0.000596 0.040450
v -0.024599 0.000700 0.037950
v -0.024599 0.000700 0.040450
v -0.024613 0.000803 0.037950
v -0.024613 0.000803 0.040450
v -0.024653 0.000900 0.037950
v -0.024653 0.000900 0.040450
v -0.024716 0.000983 0.037950
v -0.024716 0.000983 0.040450
v -0.024799 0.001046 0.037950
v -0.024799 0.001046 0.040450
v -0.024896 0.001086 0.037950
v -0.024896 0.001086 0.040450
v -0.024999 0.000700 0.037950
v -0.024999 0.000700 0.040450
v -0.025001 -0.000700 0.029200
v -0.025001 -0.000700 0.039200
v -0.025078 -0.000710 0.029200
v -0.025078 -0.000710 0.039200
v -0.025151 -0.000740 0.029200
v -0.025151 -0.000740 0.039200
v -0.025213 -0.000788 0.029200
v -0.025213 -0.000788 0.039200
v -0.025260 -0.000850 0.029200
v -0.025260 -0.000850 0.039200
v -0.025291 -0.000922 0.029200
v -0.025291 -0.000922 0.039200
v -0.025301 -0.001000 0.029200
v -0.025301 -0.001000 0.039200
v -0.025291 -0.001077 0.029200
v -0.025291 -0.001077 0.039200
v -0.025261 -0.001150 0.029200
v -0.025261 -0.001150 0.039200
v -0.025213 -0.001212 0.029200
v -0.025213 -0.001212 0.039200
v -0.025151 -0.001260 0.029200
v -0.025151 -0.001260 0.039200
v -0.025079 -0.001290 0.029200
v -0.025079 -0.001290 0.039200
v -0.025001 -0.001300 0.029200
v -0.025001 -0.001300 0.039200
v -0.024923 -0.001290 0.029200
v -0.024923 -0.001290 0.039200
v -0.024851 -0.001260 0.029200
v -0.024851 -0.001260 0.039200
v -0.024789 -0.001212 0.029200
v -0.024789 -0.001212 0.039200
v -0.024741 -0.001150 0.029200
v -0.024741 -0.001150 0.039200
v -0.024711 -0.001078 0.029200
v -0.024711 -0.001078 0.039200
v -0.024701 -0.001000 0.029200
v -0.024701 -0.001000 0.039200
v -0.024711 -0.000923 0.029200
v -0.024711 -0.000923 0.039200
v -0.024741 -0.000850 0.029200
v -0.024741 -0.000850 0.039200
v -0.024788 -0.000788 0.029200
v -0.024788 -0.000788 0.039200
v -0.024851 -0.000740 0.029200
v -0.024851 -0.000740 0.039200
v -0.024923 -0.000710 0.029200
v -0.024923 -0.000710 0.039200
v -0.025001 -0.001000 0.029200
v -0.025001 -0.001000 0.039200
v -0.024999 0.001300 0.029200
v -0.024999 0.001300 0.039200
v -0.025077 0.001290 0.029200
v -0.025077 0.001290 0.039200
v -0.025149 0.001260 0.029200
v -0.025149 0.001260 0.039200
v -0.025211 0.001212 0.029200
v -0.025211 0.001212 0.039200
v -0.025259 0.001150 0.029200
v -0.025259 0.001150 0.039200
v -0.025289 0.001078 0.029200
v -0.025289 0.001078 0.039200
v -0.025299 0.001000 0.029200
v -0.025299 0.001000 0.039200
v -0.025289 0.000923 0.029200
v -0.025289 0.000923 0.039200
v -0.025259 0.000850 0.029200
v -0.025259 0.000850 0.039200
v -0.025212 0.000788 0.029200
v -0.025212 0.000788 0.039200
v -0.025149 0.000740 0.029200
v -0.025149 0.000740 0.039200
v -0.025077 0.000710 0.029200
v -0.025077 0.000710 0.039200
v -0.024999 0.000700 0.029200
v -0.024999 0.000700 0.039200
v -0.024922 0.000710 0.029200
v -0.024922 0.000710 0.039200
v -0.024849 0.000740 0.029200
v -0.024849 0.000740 0.039200
v -0.024787 0.000788 0.029200
v -0.024787 0.000788 0.039200
v -0.024740 0.000850 0.029200
v -0.024740 0.000850 0.039200
v -0.024709 0.000922 0.029200
v -0.024709 0.000922 0.039200
v -0.024699 0.001000 0.029200
v -0.024699 0.001000 0.039200
v -0.024709 0.001077 0.029200
v -0.024709 0.001077 0.039200
v -0.024739 0.001150 0.029200
v -0.024739 0.001150 0.039200
v -0.024787 0.001212 0.029200
v -0.024787 0.001212 0.039200
v -0.024849 0.001260 0.029200
v -0.024849 0.001260 0.039200
v -0.024921 0.001290 0.029200
v -0.024921 0.001290 0.039200
v -0.024999 0.001000 0.029200
v -0.024999 0.001000 0.039200
v -0.024999 0.001700 0.038200
v -0.024999 0.001700 0.040200
v -0.025439 0.001642 0.038200
v -0.025439 0.001642 0.040200
v -0.025849 0.001473 0.038200
v -0.025849 0.001473 0.040200
v -0.026201 0.001203 0.038200
v -0.026201 0.001203 0.040200
v -0.026472 0.000851 0.038200
v -0.026472 0.000851 0.040200
v -0.026642 0.000441 0.038200
v -0.026642 0.000441 0.040200
v -0.026700 0.000001 0.038200
v -0.026700 0.000001 0.040200
v -0.026642 -0.000439 0.038200
v -0.026642 -0.000439 0.040200
v -0.026473 -0.000849 0.038200
v -0.026473 -0.000849 0.040200
v -0.026203 -0.001201 0.038200
v -0.026203 -0.001201 0.040200
v -0.025851 -0.001472 0.038200
v -0.025851 -0.001472 0.040200
v -0.025441 -0.001642 0.038200
v -0.025441 -0.001642 0.040200
v -0.025001 -0.001700 0.038200
v -0.025001 -0.001700 0.040200
v -0.024561 -0.001642 0.038200
v -0.024561 -0.001642 0.040200
v -0.024151 -0.001473 0.038200
v -0.024151 -0.001473 0.040200
v -0.023799 -0.001203 0.038200
v -0.023799 -0.001203 0.040200
v -0.023528 -0.000851 0.038200
v -0.023528 -0.000851 0.040200
v -0.023358 -0.000441 0.038200
v -0.023358 -0.000441 0.040200
v -0.023300 -0.000001 0.038200
v -0.023300 -0.000001 0.040200
v -0.023358 0.000439 0.038200
v -0.023358 0.000439 0.040200
v -0.023527 0.000849 0.038200
v -0.023527 0.000849 0.040200
v -0.023797 0.001201 0.038200
v -0.023797 0.001201 0.040200
v -0.024149 0.001472 0.038200
v -0.024149 0.001472 0.040200
v -0.024559 0.001642 0.038200
v -0.024559 0.001642 0.040200
v -0.025000 0.000000 0.038200
v -0.025000 0.000000 0.040200
v -0.024999 0.001100 0.037950
v -0.024999 0.001100 0.040450
v -0.025103 0.001086 0.037950
v -0.025103 0.001086 0.040450
v -0.025199 0.001047 0.037950
v -0.025199 0.001047 0.040450
v -0.025282 0.000983 0.037950
v -0.025282 0.000983 0.040450
v -0.025346 0.000900 0.037950
v -0.025346 0.000900 0.040450
v -0.025386 0.000804 0.037950
v -0.025386 0.000804 0.040450
v -0.025399 0.000700 0.037950
v -0.025399 0.000700 0.040450
v -0.025386 0.000597 0.037950
v -0.025386 0.000597 0.040450
v -0.025346 0.000500 0.037950
v -0.025346 0.000500 0.040450
v -0.025283 0.000417 0.037950
v -0.025283 0.000417 0.040450
v -0.025200 0.000354 0.037950
v -0.025200 0.000354 0.040450
v -0.025103 0.000314 0.037950
v -0.025103 0.000314 0.040450
v -0.025000 0.000300 0.037950
v -0.025000 0.000300 0.040450
v -0.024896 0.000314 0.037950
v -0.024896 0.000314 0.040450
v -0.024800 0.000353 0.037950
v -0.024800 0.000353 0.040450
v -0.024717 0.000417 0.037950
v -0.024717 0.000417 0.040450
v -0.024653 0.000500 0.037950
v -0.024653 0.000500 0.040450
v -0.024613 0.000596 0.037950
v -0.024613 0.000596 0.040450
v -0.024599 0.000700 0.037950
v -0.024599 0.000700 0.040450
v -0.024613 0.000803 0.037950
v -0.024613 0.000803 0.040450
v -0.024653 0.000900 0.037950
v -0.024653 0.000900 0.040450
v -0.024716 0.000983 0.037950
v -0.024716 0.000983 0.040450
v -0.024799 0.001046 0.037950
v -0.024799 0.001046 0.040450
v -0.024896 0.001086 0.037950
v -0.024896 0.001086 0.040450
v -0.024999 0.000700 0.037950
v -0.024999 0.000700 0.040450
v -0.025000 -0.000300 0.037950
v -0.025000 -0.000300 0.040450
v -0.025104 -0.000314 0.037950
v -0.025104 -0.000314 0.040450
v -0.025200 -0.000353 0.037950
v -0.025200 -0.000353 0.040450
v -0.025283 -0.000417 0.037950
v -0.025283 -0.000417 0.040450
v -0.025347 -0.000500 0.037950
v -0.025347 -0.000500 0.040450
v -0.025387 -0.000596 0.037950
v -0.025387 -0.000596 0.040450
v -0.025401 -0.000700 0.037950
v -0.025401 -0.000700 0.040450
v -0.025387 -0.000803 0.037950
v -0.025387 -0.000803 0.040450
v -0.025347 -0.000900 0.037950
v -0.025347 -0.000900 0.040450
v -0.025284 -0.000983 0.037950
v -0.025284 -0.000983 0.040450
v -0.025201 -0.001046 0.037950
v -0.025201 -0.001046 0.040450
v -0.025104 -0.001086 0.037950
v -0.025104 -0.001086 0.040450
v -0.025001 -0.001100 0.037950
v -0.025001 -0.001100 0.040450
v -0.024897 -0.001086 0.037950
v -0.024897 -0.001086 0.040450
v -0.024801 -0.001047 0.037950
v -0.024801 -0.001047 0.040450
v -0.024718 -0.000983 0.037950
v -0.024718 -0.000983 0.040450
v -0.024654 -0.000900 0.037950
v -0.024654 -0.000900 0.040450
v -0.024614 -0.000804 0.037950
v -0.024614 -0.000804 0.040450
v -0.024601 -0.000700 0.037950
v -0.024601 -0.000700 0.040450
v -0.024614 -0.000597 0.037950
v -0.024614 -0.000597 0.040450
v -0.024654 -0.000500 0.037950
v -0.024654 -0.000500 0.040450
v -0.024717 -0.000417 0.037950
v -0.024717 -0.000417 0.040450
v -0.024800 -0.000354 0.037950
v -0.024800 -0.000354 0.040450
v -0.024897 -0.000314 0.037950
v -0.024897 -0.000314 0.040450
v -0.025001 -0.000700 0.037950
v -0.025001 -0.000700 0.040450
v -0.025000 0.000000 0.044200
v -0.025000 0.000000 0.044200
v -0.025000 0.000000 0.044200
v -0.025000 0.000000 0.044200
v -0.025000 0.000000 0.044200
v -0.025000 0.000000 0.044200
v -0.025000 0.000000 0.044200
v -0.025000 0.000000 0.044200
v -0.025000 0.000000 0.044200
v -0.025000 0.000000 0.044200
v -0.025000 0.000000 0.044200
v -0.025000 0.000000 0.044200
v -0.025000 0.000000 0.044200
v -0.025000 0.000000 0.044200
v -0.025000 0.000000 0.044200
v -0.025000 0.000000 0.044200
v -0.024482 0.000000 0.044132
v -0.024522 0.000198 0.044132
v -0.024634 0.000366 0.044132
v -0.024802 0.000478 0.044132
v -0.025000 0.000518 0.044132
v -0.025198 0.000478 0.044132
v -0.025366 0.000366 0.044132
v -0.025478 0.000198 0.044132
v -0.025518 0.000000 0.044132
v -0.025478 -0.000198 0.044132
v -0.025366 -0.000366 0.044132
v -0.025198 -0.000478 0.044132
v -0.025000 -0.000518 0.044132
v -0.024802 -0.000478 0.044132
v -0.024634 -0.000366 0.044132
v -0.024522 -0.000198 0.044132
v -0.024000 0.000000 0.043932
v -0.024076 0.000383 0.043932
v -0.024293 0.000707 0.043932
v -0.024617 0.000924 0.043932
v -0.025000 0.001000 0.043932
v -0.025383 0.000924 0.043932
v -0.025707 0.000707 0.043932
v -0.025924 0.000383 0.043932
v -0.026000 0.000000 0.043932
v -0.025924 -0.000383 0.043932
v -0.025707 -0.000707 0.043932
v -0.025383 -0.000924 0.043932
v -0.025000 -0.001000 0.043932
v -0.024617 -0.000924 0.043932
v -0.024293 -0.000707 0.043932
v -0.024076 -0.000383 0.043932
v -0.023586 0.000000 0.043614
v -0.023693 0.000541 0.043614
v -0.024000 0.001000 0.043614
v -0.024459 0.001307 0.043614
v -0.025000 0.001414 0.043614
v -0.025541 0.001307 0.043614
v -0.026000 0.001000 0.043614
v -0.026307 0.000541 0.043614
v -0.026414 0.000000 0.043614
v -0.026307 -0.000541 0.043614
v -0.026000 -0.001000 0.043614
v -0.025541 -0.001307 0.043614
v -0.025000 -0.001414 0.043614
v -0.024459 -0.001307 0.043614
v -0.024000 -0.001000 0.043614
v -0.023693 -0.000541 0.043614
v -0.023268 0.000000 0.043200
v -0.023400 0.000663 0.043200
v -0.023775 0.001225 0.043200
v -0.024337 0.001600 0.043200
v -0.025000 0.001732 0.043200
v -0.025663 0.001600 0.043200
v -0.026225 0.001225 0.043200
v -0.026600 0.000663 0.043200
v -0.026732 0.000000 0.043200
v -0.026600 -0.000663 0.043200
v -0.026225 -0.001225 0.043200
v -0.025663 -0.001600 0.043200
v -0.025000 -0.001732 0.043200
v -0.024337 -0.001600 0.043200
v -0.023775 -0.001225 0.043200
v -0.023400 -0.000663 0.043200
v -0.023068 0.000000 0.042718
v -0.023215 0.000739 0.042718
v -0.023634 0.001366 0.042718
v -0.024261 0.001785 0.042718
v -0.025000 0.001932 0.042718
v -0.025739 0.001785 0.042718
v -0.026366 0.001366 0.042718
v -0.026785 0.000739 0.042718
v -0.026932 0.000000 0.042718
v -0.026785 -0.000739 0.042718
v -0.026366 -0.001366 0.042718
v -0.025739 -0.001785 0.042718
v -0.025000 -0.001932 0.042718
v -0.024261 -0.001785 0.042718
v -0.023634 -0.001366 0.042718
v -0.023215 -0.000739 0.042718
v -0.023000 0.000000 0.042200
v -0.023152 0.000765 0.042200
v -0.023586 0.001414 0.042200
v -0.024235 0.001848 0.042200
v -0.025000 0.002000 0.042200
v -0.025765 0.001848 0.042200
v -0.026414 0.001414 0.042200
v -0.026848 0.000765 0.042200
v -0.027000 0.000000 0.042200
v -0.026848 -0.000765 0.042200
v -0.026414 -0.001414 0.042200
v -0.025765 -0.001848 0.042200
v -0.025000 -0.002000 0.042200
v -0.024235 -0.001848 0.042200
v -0.023586 -0.001414 0.042200
v -0.023152 -0.000765 0.042200
v -0.023068 0.000000 0.041682
v -0.023215 0.000739 0.041682
v -0.023634 0.001366 0.041682
v -0.024261 0.001785 0.041682
v -0.025000 0.001932 0.041682
v -0.025739 0.001785 0.041682
v -0.026366 0.001366 0.041682
v -0.026785 0.000739 0.041682
v -0.026932 0.000000 0.041682
v -0.026785 -0.000739 0.041682
v -0.026366 -0.001366 0.041682
v -0.025739 -0.001785 0.041682
v -0.025000 -0.001932 0.041682
v -0.024261 -0.001785 0.041682
v -0.023634 -0.001366 0.041682
v -0.023215 -0.000739 0.041682
v -0.023268 0.000000 0.041200
v -0.023400 0.000663 0.041200
v -0.023775 0.001225 0.041200
v -0.024337 0.001600 0.041200
v -0.025000 0.001732 0.041200
v -0.025663 0.001600 0.041200
v -0.026225 0.001225 0.041200
v -0.026600 0.000663 0.041200
v -0.026732 0.000000 0.041200
v -0.026600 -0.000663 0.041200
v -0.026225 -0.001225 0.041200
v -0.025663 -0.001600 0.041200
v -0.025000 -0.001732 0.041200
v -0.024337 -0.001600 0.041200
v -0.023775 -0.001225 0.041200
v -0.023400 -0.000663 0.041200
v -0.023586 0.000000 0.040786
v -0.023693 0.000541 0.040786
v -0.024000 0.001000 0.040786
v -0.024459 0.001307 0.040786
v -0.025000 0.001414 0.040786
v -0.025541 0.001307 0.040786
v -0.026000 0.001000 0.040786
v -0.026307 0.000541 0.040786
v -0.026414 0.000000 0.040786
v -0.026307 -0.000541 0.040786
v -0.026000 -0.001000 0.040786
v -0.025541 -0.001307 0.040786
v -0.025000 -0.001414 0.040786
v -0.024459 -0.001307 0.040786
v -0.024000 -0.001000 0.040786
v -0.023693 -0.000541 0.040786
v -0.024000 0.000000 0.040468
v -0.024076 0.000383 0.040468
v -0.024293 0.000707 0.040468
v -0.024617 0.000924 0.040468
v -0.025000 0.001000 0.040468
v -0.025383 0.000924 0.040468
v -0.025707 0.000707 0.040468
v -0.025924 0.000383 0.040468
v -0.026000 0.000000 0.040468
v -0.025924 -0.000383 0.040468
v -0.025707 -0.000707 0.040468
v -0.025383 -0.000924 0.040468
v -0.025000 -0.001000 0.040468
v -0.024617 -0.000924 0.040468
v -0.024293 -0.000707 0.040468
v -0.024076 -0.000383 0.040468
v -0.024482 0.000000 0.040268
v -0.024522 0.000198 0.040268
v -0.024634 0.000366 0.040268
v -0.024802 0.000478 0.040268
v -0.025000 0.000518 0.040268
v -0.025198 0.000478 0.040268
v -0.025366 0.000366 0.040268
v -0.025478 0.000198 0.040268
v -0.025518 0.000000 0.040268
v -0.025478 -0.000198 0.040268
v -0.025366 -0.000366 0.040268
v -0.025198 -0.000478 0.040268
v -0.025000 -0.000518 0.040268
v -0.024802 -0.000478 0.040268
v -0.024634 -0.000366 0.040268
v -0.024522 -0.000198 0.040268
v -0.025000 0.000000 0.040200
v -0.025000 0.000000 0.040200
v -0.025000 0.000000 0.040200
v -0.025000 0.000000 0.040200
v -0.025000 0.000000 0.040200
v -0.025000 0.000000 0.040200
v -0.025000 0.000000 0.040200
v -0.025000 0.000000 0.040200
v -0.025000 0.000000 0.040200
v -0.025000 0.000000 0.040200
v -0.025000 0.000000 0.040200
v -0.025000 0.000000 0.040200
v -0.025000 0.000000 0.040200
v -0.025000 0.000000 0.040200
v -0.025000 0.000000 0.040200
v -0.025000 0.000000 0.040200
v -0.024700 0.001000 0.026200
v -0.024700 0.001000 0.036200
v -0.024710 0.001078 0.026200
v -0.024710 0.001078 0.036200
v -0.024740 0.001150 0.026200
v -0.024740 0.001150 0.036200
v -0.024788 0.001212 0.026200
v -0.024788 0.001212 0.036200
v -0.024850 0.001260 0.026200
v -0.024850 0.001260 0.036200
v -0.024922 0.001290 0.026200
v -0.024922 0.001290 0.036200
v -0.025000 0.001300 0.026200
v -0.025000 0.001300 0.036200
v -0.025078 0.001290 0.026200
v -0.025078 0.001290 0.036200
v -0.025150 0.001260 0.026200
v -0.025150 0.001260 0.036200
v -0.025212 0.001212 0.026200
v -0.025212 0.001212 0.036200
v -0.025260 0.001150 0.026200
v -0.025260 0.001150 0.036200
v -0.025290 0.001078 0.026200
v -0.025290 0.001078 0.036200
v -0.025300 0.001000 0.026200
v -0.025300 0.001000 0.036200
v -0.025290 0.000922 0.026200
v -0.025290 0.000922 0.036200
v -0.025260 0.000850 0.026200
v -0.025260 0.000850 0.036200
v -0.025212 0.000788 0.026200
v -0.025212 0.000788 0.036200
v -0.025150 0.000740 0.026200
v -0.025150 0.000740 0.036200
v -0.025078 0.000710 0.026200
v -0.025078 0.000710 0.036200
v -0.025000 0.000700 0.026200
v -0.025000 0.000700 0.036200
v -0.024922 0.000710 0.026200
v -0.024922 0.000710 0.036200
v -0.024850 0.000740 0.026200
v -0.024850 0.000740 0.036200
v -0.024788 0.000788 0.026200
v -0.024788 0.000788 0.036200
v -0.024740 0.000850 0.026200
v -0.024740 0.000850 0.036200
v -0.024710 0.000922 0.026200
v -0.024710 0.000922 0.036200
v -0.025000 0.001000 0.026200
v -0.025000 0.001000 0.036200
v -0.024700 -0.001000 0.026200
v -0.024700 -0.001000 0.036200
v -0.024710 -0.000922 0.026200
v -0.024710 -0.000922 0.036200
v -0.024740 -0.000850 0.026200
v -0.024740 -0.000850 0.036200
v -0.024788 -0.000788 0.026200
v -0.024788 -0.000788 0.036200
v -0.024850 -0.000740 0.026200
v -0.024850 -0.000740 0.036200
v -0.024922 -0.000710 0.026200
v -0.024922 -0.000710 0.036200
v -0.025000 -0.000700 0.026200
v -0.025000 -0.000700 0.036200
v -0.025078 -0.000710 0.026200
v -0.025078 -0.000710 0.036200
v -0.025150 -0.000740 0.026200
v -0.025150 -0.000740 0.036200
v -0.025212 -0.000788 0.026200
v -0.025212 -0.000788 0.036200
v -0.025260 -0.000850 0.026200
v -0.025260 -0.000850 0.036200
v -0.025290 -0.000922 0.026200
v -0.025290 -0.000922 0.036200
v -0.025300 -0.001000 0.026200
v -0.025300 -0.001000 0.036200
v -0.025290 -0.001078 0.026200
v -0.025290 -0.001078 0.036200
v -0.025260 -0.001150 0.026200
v -0.025260 -0.001150 0.036200
v -0.025212 -0.001212 0.026200
v -0.025212 -0.001212 0.036200
v -0.025150 -0.001260 0.026200
v -0.025150 -0.001260 0.036200
v -0.025078 -0.001290 0.026200
v -0.025078 -0.001290 0.036200
v -0.025000 -0.001300 0.026200
v -0.025000 -0.001300 0.036200
v -0.024922 -0.001290 0.026200
v -0.024922 -0.001290 0.036200
v -0.024850 -0.001260 0.026200
v -0.024850 -0.001260 0.036200
v -0.024788 -0.001212 0.026200
v -0.024788 -0.001212 0.036200
v -0.024740 -0.001150 0.026200
v -0.024740 -0.001150 0.036200
v -0.024710 -0.001078 0.026200
v -0.024710 -0.001078 0.036200
v -0.025000 -0.001000 0.026200
v -0.025000 -0.001000 0.036200
v -0.023000 0.000000 0.036200
v -0.023000 0.000000 0.042200
v -0.023068 0.000518 0.036200
v -0.023068 0.000518 0.042200
v -0.023268 0.001000 0.036200
v -0.023268 0.001000 0.042200
v -0.023586 0.001414 0.036200
v -0.023586 0.001414 0.042200
v -0.024000 0.001732 0.036200
v -0.024000 0.001732 0.042200
v -0.024482 0.001932 0.036200
v -0.024482 0.001932 0.042200
v -0.025000 0.002000 0.036200
v -0.025000 0.002000 0.042200
v -0.025518 0.001932 0.036200
v -0.025518 0.001932 0.042200
v -0.026000 0.001732 0.036200
v -0.026000 0.001732 0.042200
v -0.026414 0.001414 0.036200
v -0.026414 0.001414 0.042200
v -0.026732 0.001000 0.036200
v -0.026732 0.001000 0.042200
v -0.026932 0.000518 0.036200
v -0.026932 0.000518 0.042200
v -0.027000 0.000000 0.036200
v -0.027000 0.000000 0.042200
v -0.026932 -0.000518 0.036200
v -0.026932 -0.000518 0.042200
v -0.026732 -0.001000 0.036200
v -0.026732 -0.001000 0.042200
v -0.026414 -0.001414 0.036200
v -0.026414 -0.001414 0.042200
v -0.026000 -0.001732 0.036200
v -0.026000 -0.001732 0.042200
v -0.025518 -0.001932 0.036200
v -0.025518 -0.001932 0.042200
v -0.025000 -0.002000 0.036200
v -0.025000 -0.002000 0.042200
v -0.024482 -0.001932 0.036200
v -0.024482 -0.001932 0.042200
v -0.024000 -0.001732 0.036200
v -0.024000 -0.001732 0.042200
v -0.023586 -0.001414 0.036200
v -0.023586 -0.001414 0.042200
v -0.023268 -0.001000 0.036200
v -0.023268 -0.001000 0.042200
v -0.023068 -0.000518 0.036200
v -0.023068 -0.000518 0.042200
v -0.025000 0.000000 0.036200
v -0.025000 0.000000 0.042200
v -0.025000 0.000000 0.044200
v -0.025000 0.000000 0.044200
v -0.025000 0.000000 0.044200
v -0.025000 0.000000 0.044200
v -0.025000 0.000000 0.044200
v -0.025000 0.000000 0.044200
v -0.025000 0.000000 0.044200
v -0.025000 0.000000 0.044200
v -0.025000 0.000000 0.044200
v -0.025000 0.000000 0.044200
v -0.025000 0.000000 0.044200
v -0.025000 0.000000 0.044200
v -0.025000 0.000000 0.044200
v -0.025000 0.000000 0.044200
v -0.025000 0.000000 0.044200
v -0.025000 0.000000 0.044200
v -0.024482 0.000000 0.044132
v -0.024522 0.000198 0.044132
v -0.024634 0.000366 0.044132
v -0.024802 0.000478 0.044132
v -0.025000 0.000518 0.044132
v -0.025198 0.000478 0.044132
v -0.025366 0.000366 0.044132
v -0.025478 0.000198 0.044132
v -0.025518 0.000000 0.044132
v -0.025478 -0.000198 0.044132
v -0.025366 -0.000366 0.044132
v -0.025198 -0.000478 0.044132
v -0.025000 -0.000518 0.044132
v -0.024802 -0.000478 0.044132
v -0.024634 -0.000366 0.044132
v -0.024522 -0.000198 0.044132
v -0.024000 0.000000 0.043932
v -0.024076 0.000383 0.043932
v -0.024293 0.000707 0.043932
v -0.024617 0.000924 0.043932
v -0.025000 0.001000 0.043932
v -0.025383 0.000924 0.043932
v -0.025707 0.000707 0.043932
v -0.025924 0.000383 0.043932
v -0.026000 0.000000 0.043932
v -0.025924 -0.000383 0.043932
v -0.025707 -0.000707 0.043932
v -0.025383 -0.000924 0.043932
v -0.025000 -0.001000 0.043932
v -0.024617 -0.000924 0.043932
v -0.024293 -0.000707 0.043932
v -0.024076 -0.000383 0.043932
v -0.023586 0.000000 0.043614
v -0.023693 0.000541 0.043614
v -0.024000 0.001000 0.043614
v -0.024459 0.001307 0.043614
v -0.025000 0.001414 0.043614
v -0.025541 0.001307 0.043614
v -0.026000 0.001000 0.043614
v -0.026307 0.000541 0.043614
v -0.026414 0.000000 0.043614
v -0.026307 -0.000541 0.043614
v -0.026000 -0.001000 0.043614
v -0.025541 -0.001307 0.043614
v -0.025000 -0.001414 0.043614
v -0.024459 -0.001307 0.043614
v -0.024000 -0.001000 0.043614
v -0.023693 -0.000541 0.043614
v -0.023268 0.000000 0.043200
v -0.023400 0.000663 0.043200
v -0.023775 0.001225 0.043200
v -0.024337 0.001600 0.043200
v -0.025000 0.001732 0.043200
v -0.025663 0.001600 0.043200
v -0.026225 0.001225 0.043200
v -0.026600 0.000663 0.043200
v -0.026732 0.000000 0.043200
v -0.026600 -0.000663 0.043200
v -0.026225 -0.001225 0.043200
v -0.025663 -0.001600 0.043200
v -0.025000 -0.001732 0.043200
v -0.024337 -0.001600 0.043200
v -0.023775 -0.001225 0.043200
v -0.023400 -0.000663 0.043200
v -0.023068 0.000000 0.042718
v -0.023215 0.000739 0.042718
v -0.023634 0.001366 0.042718
v -0.024261 0.001785 0.042718
v -0.025000 0.001932 0.042718
v -0.025739 0.001785 0.042718
v -0.026366 0.001366 0.042718
v -0.026785 0.000739 0.042718
v -0.026932 0.000000 0.042718
v -0.026785 -0.000739 0.042718
v -0.026366 -0.001366 0.042718
v -0.025739 -0.001785 0.042718
v -0.025000 -0.001932 0.042718
v -0.024261 -0.001785 0.042718
v -0.023634 -0.001366 0.042718
v -0.023215 -0.000739 0.042718
v -0.023000 0.000000 0.042200
v -0.023152 0.000765 0.042200
v -0.023586 0.001414 0.042200
v -0.024235 0.001848 0.042200
v -0.025000 0.002000 0.042200
v -0.025765 0.001848 0.042200
v -0.026414 0.001414 0.042200
v -0.026848 0.000765 0.042200
v -0.027000 0.000000 0.042200
v -0.026848 -0.000765 0.042200
v -0.026414 -0.001414 0.042200
v -0.025765 -0.001848 0.042200
v -0.025000 -0.002000 0.042200
v -0.024235 -0.001848 0.042200
v -0.023586 -0.001414 0.042200
v -0.023152 -0.000765 0.042200
v -0.023068 0.000000 0.041682
v -0.023215 0.000739 0.041682
v -0.023634 0.001366 0.041682
v -0.024261 0.001785 0.041682
v -0.025000 0.001932 0.041682
v -0.025739 0.001785 0.041682
v -0.026366 0.001366 0.041682
v -0.026785 0.000739 0.041682
v -0.026932 0.000000 0.041682
v -0.026785 -0.000739 0.041682
v -0.026366 -0.001366 0.041682
v -0.025739 -0.001785 0.041682
v -0.025000 -0.001932 0.041682
v -0.024261 -0.001785 0.041682
v -0.023634 -0.001366 0.041682
v -0.023215 -0.000739 0.041682
v -0.023268 0.000000 0.041200
v -0.023400 0.000663 0.041200
v -0.023775 0.001225 0.041200
v -0.024337 0.001600 0.041200
v -0.025000 0.001732 0.041200
v -0.025663 0.001600 0.041200
v -0.026225 0.001225 0.041200
v -0.026600 0.000663 0.041200
v -0.026732 0.000000 0.041200
v -0.026600 -0.000663 0.041200
v -0.026225 -0.001225 0.041200
v -0.025663 -0.001600 0.041200
v -0.025000 -0.001732 0.041200
v -0.024337 -0.001600 0.041200
v -0.023775 -0.001225 0.041200
v -0.023400 -0.000663 0.041200
v -0.023586 0.000000 0.040786
v -0.023693 0.000541 0.040786
v -0.024000 0.001000 0.040786
v -0.024459 0.001307 0.040786
v -0.025000 0.001414 0.040786
v -0.025541 0.001307 0.040786
v -0.026000 0.001000 0.040786
v -0.026307 0.000541 0.040786
v -0.026414 0.000000 0.040786
v -0.026307 -0.000541 0.040786
v -0.026000 -0.001000 0.040786
v -0.025541 -0.001307 0.040786
v -0.025000 -0.001414 0.040786
v -0.024459 -0.001307 0.040786
v -0.024000 -0.001000 0.040786
v -0.023693 -0.000541 0.040786
v -0.024000 0.000000 0.040468
v -0.024076 0.000383 0.040468
v -0.024293 0.000707 0.040468
v -0.024617 0.000924 0.040468
v -0.025000 0.001000 0.040468
v -0.025383 0.000924 0.040468
v -0.025707 0.000707 0.040468
v -0.025924 0.000383 0.040468
v -0.026000 0.000000 0.040468
v -0.025924 -0.000383 0.040468
v -0.025707 -0.000707 0.040468
v -0.025383 -0.000924 0.040468
v -0.025000 -0.001000 0.040468
v -0.024617 -0.000924 0.040468
v -0.024293 -0.000707 0.040468
v -0.024076 -0.000383 0.040468
v -0.024482 0.000000 0.040268
v -0.024522 0.000198 0.040268
v -0.024634 0.000366 0.040268
v -0.024802 0.000478 0.040268
v -0.025000 0.000518 0.040268
v -0.025198 0.000478 0.040268
v -0.025366 0.000366 0.040268
v -0.025478 0.000198 0.040268
v -0.025518 0.000000 0.040268
v -0.025478 -0.000198 0.040268
v -0.025366 -0.000366 0.040268
v -0.025198 -0.000478 0.040268
v -0.025000 -0.000518 0.040268
v -0.024802 -0.000478 0.040268
v -0.024634 -0.000366 0.040268
v -0.024522 -0.000198 0.040268
v -0.025000 0.000000 0.040200
v -0.025000 0.000000 0.040200
v -0.025000 0.000000 0.040200
v -0.025000 0.000000 0.040200
v -0.025000 0.000000 0.040200
v -0.025000 0.000000 0.040200
v -0.025000 0.000000 0.040200
v -0.025000 0.000000 0.040200
v -0.025000 0.000000 0.040200
v -0.025000 0.000000 0.040200
v -0.025000 0.000000 0.040200
v -0.025000 0.000000 0.040200
v -0.025000 0.000000 0.040200
v -0.025000 0.000000 0.040200
v -0.025000 0.000000 0.040200
v -0.025000 0.000000 0.040200
v -0.075000 -0.000500 0.038700
v 0.025000 -0.000500 0.038700
v 0.025000 0.000500 0.038700
v -0.075000 0.000500 0.038700
v -0.075000 -0.000500 0.039700
v 0.025000 -0.000500 0.039700
v 0.025000 0.000500 0.039700
v -0.075000 0.000500 0.039700
v -0.075000 -0.000500 0.038700
v 0.025000 -0.000500 0.038700
v 0.025000 0.000500 0.038700
v -0.075000 0.000500 0.038700
v -0.075000 -0.000500 0.039700
v 0.025000 -0.000500 0.039700
v 0.025000 0.000500 0.039700
v -0.075000 0.000500 0.039700
v -0.070000 0.038700 0.077200
v 0.036000 0.038700 0.077200
v 0.036000 -0.039300 0.077200
v -0.070000 -0.039300 0.077200
v -0.065000 0.017000 0.077200
v -0.065000 0.017000 0.087200
v -0.066035 0.016864 0.077200
v -0.066035 0.016864 0.087200
v -0.067000 0.016464 0.077200
v -0.067000 0.016464 0.087200
v -0.067828 0.015828 0.077200
v -0.067828 0.015828 0.087200
v -0.068464 0.015000 0.077200
v -0.068464 0.015000 0.087200
v -0.068864 0.014035 0.077200
v -0.068864 0.014035 0.087200
v -0.069000 0.013000 0.077200
v -0.069000 0.013000 0.087200
v -0.068864 0.011965 0.077200
v -0.068864 0.011965 0.087200
v -0.068464 0.011000 0.077200
v -0.068464 0.011000 0.087200
v -0.067828 0.010171 0.077200
v -0.067828 0.010171 0.087200
v -0.067000 0.009536 0.077200
v -0.067000 0.009536 0.087200
v -0.066035 0.009136 0.077200
v -0.066035 0.009136 0.087200
v -0.065000 0.009000 0.077200
v -0.065000 0.009000 0.087200
v -0.063965 0.009136 0.077200
v -0.063965 0.009136 0.087200
v -0.063000 0.009536 0.077200
v -0.063000 0.009536 0.087200
v -0.062172 0.010171 0.077200
v -0.062172 0.010171 0.087200
v -0.061536 0.011000 0.077200
v -0.061536 0.011000 0.087200
v -0.061136 0.011965 0.077200
v -0.061136 0.011965 0.087200
v -0.061000 0.013000 0.077200
v -0.061000 0.013000 0.087200
v -0.061136 0.014035 0.077200
v -0.061136 0.014035 0.087200
v -0.061536 0.015000 0.077200
v -0.061536 0.015000 0.087200
v -0.062172 0.015828 0.077200
v -0.062172 0.015828 0.087200
v -0.063000 0.016464 0.077200
v -0.063000 0.016464 0.087200
v -0.063965 0.016864 0.077200
v -0.063965 0.016864 0.087200
v -0.065000 0.013000 0.077200
v -0.065000 0.013000 0.087200
v -0.051000 0.017000 0.077200
v -0.051000 0.017000 0.087200
v -0.052035 0.016864 0.077200
v -0.052035 0.016864 0.087200
v -0.053000 0.016464 0.077200
v -0.053000 0.016464 0.087200
v -0.053828 0.015828 0.077200
v -0.053828 0.015828 0.087200
v -0.054464 0.015000 0.077200
v -0.054464 0.015000 0.087200
v -0.054864 0.014035 0.077200
v -0.054864 0.014035 0.087200
v -0.055000 0.013000 0.077200
v -0.055000 0.013000 0.087200
v -0.054864 0.011965 0.077200
v -0.054864 0.011965 0.087200
v -0.054464 0.011000 0.077200
v -0.054464 0.011000 0.087200
v -0.053828 0.010171 0.077200
v -0.053828 0.010171 0.087200
v -0.053000 0.009536 0.077200
v -0.053000 0.009536 0.087200
v -0.052035 0.009136 0.077200
v -0.052035 0.009136 0.087200
v -0.051000 0.009000 0.077200
v -0.051000 0.009000 0.087200
v -0.049965 0.009136 0.077200
v -0.049965 0.009136 0.087200
v -0.049000 0.009536 0.077200
v -0.049000 0.009536 0.087200
v -0.048172 0.010171 0.077200
v -0.048172 0.010171 0.087200
v -0.047536 0.011000 0.077200
v -0.047536 0.011000 0.087200
v -0.047136 0.011965 0.077200
v -0.047136 0.011965 0.087200
v -0.047000 0.013000 0.077200
v -0.047000 0.013000 0.087200
v -0.047136 0.014035 0.077200
v -0.047136 0.014035 0.087200
v -0.047536 0.015000 0.077200
v -0.047536 0.015000 0.087200
v -0.048172 0.015828 0.077200
v -0.048172 0.015828 0.087200
v -0.049000 0.016464 0.077200
v -0.049000 0.016464 0.087200
v -0.049965 0.016864 0.077200
v -0.049965 0.016864 0.087200
v -0.051000 0.013000 0.077200
v -0.051000 0.013000 0.087200
v -0.010000 0.035000 0.082200
v 0.030000 0.035000 0.082200
v 0.030000 -0.035000 0.082200
v -0.010000 -0.035000 0.082200
v 0.030000 -0.035000 0.076700
v 0.030000 0.035000 0.076700
v -0.010000 0.035000 0.076700
v -0.010000 -0.035000 0.076700
v 0.030000 -0.035000 0.081700
v 0.030000 0.035000 0.081700
v -0.010000 0.035000 0.081700
v -0.010000 -0.035000 0.081700
v -0.067646 -0.038108 0.052581
v -0.050341 -0.038155 0.049724
v -0.075471 -0.039663 0.052622
v -0.050321 -0.039658 0.052490
v -0.050331 -0.038105 0.052490
v -0.074982 -0.038160 0.049853
v -0.050330 -0.039712 0.049724
v -0.075491 -0.039713 0.049856
v -0.080542 -0.039582 0.057152
v -0.078480 -0.038370 0.038230
v 0.039892 -0.039756 0.045723
v 0.015735 -0.040212 0.020890
v -0.045288 -0.039960 0.035730
v -0.020149 -0.038403 0.035600
v 0.042080 -0.037994 0.057237
v 0.037781 -0.038205 0.045628
v 0.042383 -0.038446 0.032240
v 0.038983 -0.038441 0.032570
v 0.039694 -0.039988 0.032910
v -0.020138 -0.039956 0.035600
v -0.045299 -0.038407 0.035730
v -0.036690 -0.038294 0.041830
v -0.036669 -0.039797 0.044596
v 0.038882 -0.038218 0.044863
v 0.038681 -0.038165 0.047826
v 0.038792 -0.039761 0.045441
v -0.061834 -0.038249 0.044728
v -0.061823 -0.039793 0.044728
v 0.040081 -0.038169 0.047587
v 0.037681 -0.038200 0.045916
v -0.025107 -0.038656 0.021640
v 0.039581 -0.038164 0.047836
v 0.038792 -0.039727 0.047348
v 0.038083 -0.038402 0.034720
v 0.040282 -0.038209 0.045369
v 0.038694 -0.039951 0.034960
v 0.038292 -0.039756 0.045782
v 0.040783 -0.038409 0.034340
v 0.039992 -0.039753 0.045915
v 0.040082 -0.038213 0.045150
v 0.038885 -0.038779 0.047944
v -0.081220 -0.039857 0.042004
v 0.037781 -0.038178 0.047127
v 0.042394 -0.039999 0.032270
v 0.040494 -0.039959 0.034470
v 0.038792 -0.039727 0.047348
v 0.039692 -0.039728 0.047286
v 0.040581 -0.038188 0.046533
v -0.036679 -0.039848 0.041830
v -0.045319 -0.038457 0.032960
v -0.020147 -0.040006 0.032830
v -0.036680 -0.038244 0.044596
v -0.045308 -0.040010 0.032960
v -0.020158 -0.038453 0.032830
v -0.061847 -0.038299 0.041962
v -0.061836 -0.039852 0.041962
v 0.039583 -0.038388 0.035480
v 0.038885 -0.038779 0.044811
v 0.015734 -0.038659 0.020860
v 0.041991 -0.039547 0.057267
v -0.080543 -0.038030 0.057122
v -0.081221 -0.038303 0.041974
v 0.039992 -0.039732 0.047016
v 0.040187 -0.038977 0.045248
v 0.040681 -0.038189 0.046461
v -0.025106 -0.040209 0.021670
v 0.039492 -0.039761 0.045445
v 0.038092 -0.039742 0.046533
v 0.038194 -0.039971 0.033870
v 0.037681 -0.038183 0.046839
v -0.078479 -0.039924 0.038260
v 0.037688 -0.039158 0.046066
v 0.040488 -0.039105 0.046989
v 0.038282 -0.038215 0.045073
v 0.039388 -0.039112 0.047853
v 0.037586 -0.038872 0.046689
v 0.038183 -0.038430 0.033170
v 0.039182 -0.038263 0.047944
v -0.081190 0.000000 0.027690
v -0.081190 0.000000 0.027690
v -0.081190 0.000000 0.027690
v -0.081190 0.000000 0.027690
v -0.081190 0.000000 0.027690
v -0.081190 0.000000 0.027690
v -0.081190 0.000000 0.027690
v -0.081190 0.000000 0.027690
v -0.081190 0.000000 0.027690
v -0.081190 0.000000 0.027690
v -0.081190 0.000000 0.027690
v -0.081190 0.000000 0.027690
v -0.081190 0.000000 0.027690
v -0.081190 0.000000 0.027690
v -0.081190 0.000000 0.027690
v -0.081190 0.000000 0.027690
v -0.081190 0.003364 0.027247
v -0.082478 0.003108 0.027247
v -0.083569 0.002379 0.027247
v -0.084299 0.001287 0.027247
v -0.084555 0.000000 0.027247
v -0.084299 -0.001288 0.027247
v -0.083569 -0.002379 0.027247
v -0.082478 -0.003109 0.027247
v -0.081190 -0.003365 0.027247
v -0.079902 -0.003109 0.027247
v -0.078811 -0.002379 0.027247
v -0.078081 -0.001288 0.027247
v -0.077825 0.000000 0.027247
v -0.078081 0.001287 0.027247
v -0.078811 0.002379 0.027247
v -0.079902 0.003108 0.027247
v -0.081190 0.006500 0.025948
v -0.083677 0.006005 0.025948
v -0.085786 0.004596 0.025948
v -0.087195 0.002487 0.025948
v -0.087690 0.000000 0.025948
v -0.087195 -0.002488 0.025948
v -0.085786 -0.004596 0.025948
v -0.083677 -0.006005 0.025948
v -0.081190 -0.006500 0.025948
v -0.078703 -0.006005 0.025948
v -0.076594 -0.004596 0.025948
v -0.075185 -0.002488 0.025948
v -0.074690 0.000000 0.025948
v -0.075185 0.002487 0.025948
v -0.076594 0.004596 0.025948
v -0.078703 0.006005 0.025948
v -0.081190 0.009192 0.023882
v -0.084708 0.008492 0.023882
v -0.087690 0.006500 0.023882
v -0.089683 0.003518 0.023882
v -0.090382 0.000000 0.023882
v -0.089683 -0.003518 0.023882
v -0.087690 -0.006500 0.023882
v -0.084708 -0.008493 0.023882
v -0.081190 -0.009193 0.023882
v -0.077672 -0.008493 0.023882
v -0.074690 -0.006500 0.023882
v -0.072697 -0.003518 0.023882
v -0.071998 0.000000 0.023882
v -0.072697 0.003518 0.023882
v -0.074690 0.006500 0.023882
v -0.077672 0.008492 0.023882
v -0.081190 0.011258 0.021190
v -0.085498 0.010401 0.021190
v -0.089151 0.007961 0.021190
v -0.091591 0.004308 0.021190
v -0.092448 0.000000 0.021190
v -0.091591 -0.004309 0.021190
v -0.089151 -0.007961 0.021190
v -0.085498 -0.010402 0.021190
v -0.081190 -0.011259 0.021190
v -0.076882 -0.010402 0.021190
v -0.073229 -0.007961 0.021190
v -0.070789 -0.004309 0.021190
v -0.069932 0.000000 0.021190
v -0.070789 0.004308 0.021190
v -0.073229 0.007961 0.021190
v -0.076882 0.010401 0.021190
v -0.081190 0.012557 0.018055
v -0.085995 0.011601 0.018055
v -0.090069 0.008879 0.018055
v -0.092791 0.004805 0.018055
v -0.093747 0.000000 0.018055
v -0.092791 -0.004806 0.018055
v -0.090069 -0.008879 0.018055
v -0.085995 -0.011601 0.018055
v -0.081190 -0.012557 0.018055
v -0.076385 -0.011601 0.018055
v -0.072311 -0.008879 0.018055
v -0.069589 -0.004806 0.018055
v -0.068633 0.000000 0.018055
v -0.069589 0.004805 0.018055
v -0.072311 0.008879 0.018055
v -0.076385 0.011601 0.018055
v -0.081190 0.013000 0.014690
v -0.086165 0.012010 0.014690
v -0.090382 0.009192 0.014690
v -0.093200 0.004975 0.014690
v -0.094190 0.000000 0.014690
v -0.093200 -0.004975 0.014690
v -0.090382 -0.009193 0.014690
v -0.086165 -0.012011 0.014690
v -0.081190 -0.013000 0.014690
v -0.076215 -0.012011 0.014690
v -0.071998 -0.009193 0.014690
v -0.069180 -0.004975 0.014690
v -0.068190 0.000000 0.014690
v -0.069180 0.004975 0.014690
v -0.071998 0.009192 0.014690
v -0.076215 0.012010 0.014690
v -0.081190 0.012557 0.011325
v -0.085995 0.011601 0.011325
v -0.090069 0.008879 0.011325
v -0.092791 0.004805 0.011325
v -0.093747 0.000000 0.011325
v -0.092791 -0.004806 0.011325
v -0.090069 -0.008879 0.011325
v -0.085995 -0.011601 0.011325
v -0.081190 -0.012557 0.011325
v -0.076385 -0.011601 0.011325
v -0.072311 -0.008879 0.011325
v -0.069589 -0.004806 0.011325
v -0.068633 0.000000 0.011325
v -0.069589 0.004805 0.011325
v -0.072311 0.008879 0.011325
v -0.076385 0.011601 0.011325
v -0.081190 0.011258 0.008190
v -0.085498 0.010401 0.008190
v -0.089151 0.007961 0.008190
v -0.091591 0.004308 0.008190
v -0.092448 0.000000 0.008190
v -0.091591 -0.004309 0.008190
v -0.089151 -0.007961 0.008190
v -0.085498 -0.010402 0.008190
v -0.081190 -0.011259 0.008190
v -0.076882 -0.010402 0.008190
v -0.073229 -0.007961 0.008190
v -0.070789 -0.004309 0.008190
v -0.069932 0.000000 0.008190
v -0.070789 0.004308 0.008190
v -0.073229 0.007961 0.008190
v -0.076882 0.010401 0.008190
v -0.081190 0.009192 0.005498
v -0.084708 0.008492 0.005498
v -0.087690 0.006500 0.005498
v -0.089683 0.003518 0.005498
v -0.090382 0.000000 0.005498
v -0.089683 -0.003518 0.005498
v -0.087690 -0.006500 0.005498
v -0.084708 -0.008493 0.005498
v -0.081190 -0.009193 0.005498
v -0.077672 -0.008493 0.005498
v -0.074690 -0.006500 0.005498
v -0.072697 -0.003518 0.005498
v -0.071998 0.000000 0.005498
v -0.072697 0.003518 0.005498
v -0.074690 0.006500 0.005498
v -0.077672 0.008492 0.005498
v -0.081190 0.006500 0.003432
v -0.083677 0.006005 0.003432
v -0.085786 0.004596 0.003432
v -0.087195 0.002487 0.003432
v -0.087690 0.000000 0.003432
v -0.087195 -0.002488 0.003432
v -0.085786 -0.004596 0.003432
v -0.083677 -0.006005 0.003432
v -0.081190 -0.006500 0.003432
v -0.078703 -0.006005 0.003432
v -0.076594 -0.004596 0.003432
v -0.075185 -0.002488 0.003432
v -0.074690 0.000000 0.003432
v -0.075185 0.002487 0.003432
v -0.076594 0.004596 0.003432
v -0.078703 0.006005 0.003432
v -0.081190 0.003364 0.002133
v -0.082478 0.003108 0.002133
v -0.083569 0.002379 0.002133
v -0.084299 0.001287 0.002133
v -0.084555 0.000000 0.002133
v -0.084299 -0.001288 0.002133
v -0.083569 -0.002379 0.002133
v -0.082478 -0.003109 0.002133
v -0.081190 -0.003365 0.002133
v -0.079902 -0.003109 0.002133
v -0.078811 -0.002379 0.002133
v -0.078081 -0.001288 0.002133
v -0.077825 0.000000 0.002133
v -0.078081 0.001287 0.002133
v -0.078811 0.002379 0.002133
v -0.079902 0.003108 0.002133
v -0.081190 0.000000 0.001690
v -0.081190 0.000000 0.001690
v -0.081190 0.000000 0.001690
v -0.081190 0.000000 0.001690
v -0.081190 0.000000 0.001690
v -0.081190 0.000000 0.001690
v -0.081190 0.000000 0.001690
v -0.081190 0.000000 0.001690
v -0.081190 0.000000 0.001690
v -0.081190 0.000000 0.001690
v -0.081190 0.000000 0.001690
v -0.081190 0.000000 0.001690
v -0.081190 0.000000 0.001690
v -0.081190 0.000000 0.001690
v -0.081190 0.000000 0.001690
v -0.081190 0.000000 0.001690
v -0.080000 0.020016 0.014784
v -0.080000 -0.019975 0.015616
v -0.080259 0.020016 0.014750
v -0.080259 -0.019976 0.015582
v -0.080500 0.020013 0.014650
v -0.080500 -0.019978 0.015482
v -0.080707 0.020010 0.014491
v -0.080707 -0.019981 0.015323
v -0.080866 0.020006 0.014284
v -0.080866 -0.019985 0.015116
v -0.080966 0.020001 0.014043
v -0.080966 -0.019990 0.014875
v -0.081000 0.019995 0.013784
v -0.081000 -0.019996 0.014616
v -0.080966 0.019990 0.013525
v -0.080966 -0.020001 0.014357
v -0.080866 0.019985 0.013284
v -0.080866 -0.020006 0.014116
v -0.080707 0.019981 0.013077
v -0.080707 -0.020011 0.013909
v -0.080500 0.019977 0.012918
v -0.080500 -0.020014 0.013750
v -0.080259 0.019975 0.012818
v -0.080259 -0.020016 0.013650
v -0.080000 0.019975 0.012784
v -0.080000 -0.020017 0.013616
v -0.079741 0.019975 0.012818
v -0.079741 -0.020016 0.013650
v -0.079500 0.019977 0.012918
v -0.079500 -0.020014 0.013750
v -0.079293 0.019981 0.013077
v -0.079293 -0.020011 0.013909
v -0.079134 0.019985 0.013284
v -0.079134 -0.020006 0.014116
v -0.079034 0.019990 0.013525
v -0.079034 -0.020001 0.014357
v -0.079000 0.019995 0.013784
v -0.079000 -0.019996 0.014616
v -0.079034 0.020001 0.014043
v -0.079034 -0.019990 0.014875
v -0.079134 0.020006 0.014284
v -0.079134 -0.019985 0.015116
v -0.079293 0.020010 0.014491
v -0.079293 -0.019981 0.015323
v -0.079500 0.020013 0.014650
v -0.079500 -0.019978 0.015482
v -0.079741 0.020016 0.014750
v -0.079741 -0.019976 0.015582
v -0.080000 0.019995 0.013784
v -0.080000 -0.019996 0.014616
v -0.001780 0.046870 0.028915
v -0.001119 0.046870 0.029034
v -0.000538 0.046870 0.029377
v -0.000106 0.046870 0.029903
v 0.000123 0.046870 0.030549
v 0.000123 0.046870 0.031235
v -0.000106 0.046870 0.031881
v -0.000538 0.046870 0.032407
v -0.001119 0.046870 0.032750
v -0.001780 0.046870 0.032869
v -0.002441 0.046870 0.032750
v -0.003022 0.046870 0.032407
v -0.003454 0.046870 0.031881
v -0.003683 0.046870 0.031235
v -0.003683 0.046870 0.030549
v -0.003454 0.046870 0.029903
v -0.003022 0.046870 0.029377
v -0.002441 0.046870 0.029034
v -0.001860 0.027910 0.028915
v -0.001199 0.027910 0.029034
v -0.000618 0.027900 0.029377
v -0.000186 0.027900 0.029903
v 0.000044 0.027900 0.030549
v 0.000044 0.027900 0.031235
v -0.000186 0.027900 0.031881
v -0.000618 0.027900 0.032407
v -0.001199 0.027910 0.032750
v -0.001860 0.027910 0.032869
v -0.002521 0.027910 0.032750
v -0.003102 0.027920 0.032407
v -0.003534 0.027920 0.031881
v -0.003763 0.027920 0.031235
v -0.003763 0.027920 0.030549
v -0.003534 0.027920 0.029903
v -0.003102 0.027920 0.029377
v -0.002521 0.027910 0.029034
v -0.001940 0.008950 0.028915
v -0.001279 0.008950 0.029034
v -0.000698 0.008950 0.029377
v -0.000266 0.008940 0.029903
v -0.000036 0.008940 0.030549
v -0.000036 0.008940 0.031235
v -0.000266 0.008940 0.031881
v -0.000698 0.008950 0.032407
v -0.001279 0.008950 0.032750
v -0.001940 0.008950 0.032869
v -0.002601 0.008950 0.032750
v -0.003182 0.008960 0.032407
v -0.003614 0.008960 0.031881
v -0.003843 0.008960 0.031235
v -0.003843 0.008960 0.030549
v -0.003614 0.008960 0.029903
v -0.003182 0.008960 0.029377
v -0.002601 0.008950 0.029034
v -0.002020 -0.010010 0.028915
v -0.001359 -0.010010 0.029034
v -0.000777 -0.010010 0.029377
v -0.000346 -0.010020 0.029903
v -0.000116 -0.010020 0.030549
v -0.000116 -0.010020 0.031235
v -0.000346 -0.010020 0.031881
v -0.000777 -0.010010 0.032407
v -0.001359 -0.010010 0.032750
v -0.002020 -0.010010 0.032869
v -0.002681 -0.010010 0.032750
v -0.003262 -0.010000 0.032407
v -0.003694 -0.010000 0.031881
v -0.003923 -0.010000 0.031235
v -0.003923 -0.010000 0.030549
v -0.003694 -0.010000 0.029903
v -0.003262 -0.010000 0.029377
v -0.002681 -0.010010 0.029034
v -0.002100 -0.028970 0.028915
v -0.001439 -0.028970 0.029034
v -0.000857 -0.028970 0.029377
v -0.000426 -0.028980 0.029903
v -0.000196 -0.028980 0.030549
v -0.000196 -0.028980 0.031235
v -0.000426 -0.028980 0.031881
v -0.000857 -0.028970 0.032407
v -0.001439 -0.028970 0.032750
v -0.002100 -0.028970 0.032869
v -0.002761 -0.028970 0.032750
v -0.003342 -0.028960 0.032407
v -0.003774 -0.028960 0.031881
v -0.004003 -0.028960 0.031235
v -0.004003 -0.028960 0.030549
v -0.003774 -0.028960 0.029903
v -0.003342 -0.028960 0.029377
v -0.002761 -0.028970 0.029034
v -0.002180 -0.047930 0.028915
v -0.001519 -0.047930 0.029034
v -0.000937 -0.047930 0.029377
v -0.000506 -0.047940 0.029903
v -0.000276 -0.047940 0.030549
v -0.000276 -0.047940 0.031235
v -0.000506 -0.047940 0.031881
v -0.000937 -0.047930 0.032407
v -0.001519 -0.047930 0.032750
v -0.002180 -0.047930 0.032869
v -0.002841 -0.047930 0.032750
v -0.003422 -0.047920 0.032407
v -0.003854 -0.047920 0.031881
v -0.004083 -0.047920 0.031235
v -0.004083 -0.047920 0.030549
v -0.003854 -0.047920 0.029903
v -0.003422 -0.047920 0.029377
v -0.002841 -0.047930 0.029034
v -0.020510 -0.039551 0.025460
v 0.022410 -0.039551 0.025460
v -0.020510 0.039829 0.025460
v 0.022410 0.039829 0.025460
v -0.020510 -0.039551 0.041420
v 0.022410 -0.039551 0.041420
v -0.020510 0.039829 0.041420
v 0.022410 0.039829 0.041420
v -0.069711 -0.039261 0.074520
v 0.035889 -0.039260 0.074520
v -0.069711 0.038259 0.074520
v 0.035889 0.038260 0.074520
v -0.069711 -0.039261 0.076913
v 0.035889 -0.039260 0.076913
v -0.069711 0.038259 0.076913
v 0.035889 0.038260 0.076913
v -0.080610 -0.039630 0.057074
v 0.042749 -0.039630 0.057074
v 0.042749 0.039270 0.057074
v -0.081410 0.039270 0.057074
v -0.080610 -0.039630 0.058663
v 0.042749 -0.039630 0.058663
v 0.042749 0.039270 0.058663
v -0.081410 0.039270 0.058663
v 0.036880 -0.030200 0.057074
v 0.040700 -0.030200 0.057074
v 0.040700 -0.030200 0.058663
v 0.036880 -0.030200 0.058663
v 0.040700 -0.016700 0.057074
v 0.040700 -0.016700 0.058663
v 0.036880 -0.016700 0.057074
v 0.036880 -0.016700 0.058663
v 0.040700 -0.007870 0.058663
v 0.036880 -0.007870 0.058663
v 0.036880 -0.007870 0.057074
v 0.040700 -0.007870 0.057074
v 0.040700 0.005640 0.058663
v 0.040700 0.005640 0.057074
v 0.036880 0.005640 0.058663
v 0.036880 0.005640 0.057074
v 0.040700 0.015597 0.058663
v 0.036880 0.015597 0.058663
v 0.036880 0.015597 0.057074
v 0.040700 0.015597 0.057074
v 0.040700 0.029103 0.058663
v 0.040700 0.029103 0.057074
v 0.036880 0.029103 0.058663
v 0.036880 0.029103 0.057074
v -0.063958 0.038080 0.077920
v -0.063958 0.038080 0.058450
v -0.065791 0.033043 0.058450
v -0.061709 0.035400 0.058450
v -0.063958 0.032720 0.077920
v -0.067151 0.035400 0.077920
v -0.066987 0.036331 0.058450
v -0.063069 0.033043 0.058450
v -0.061873 0.034469 0.077920
v -0.066987 0.034469 0.058450
v -0.065791 0.037757 0.058450
v -0.062345 0.037149 0.058450
v -0.066515 0.033651 0.077920
v -0.062345 0.037149 0.077920
v -0.062345 0.033651 0.058450
v -0.066515 0.037149 0.077920
v -0.066515 0.033651 0.058450
v -0.061709 0.035400 0.077920
v -0.061873 0.036331 0.058450
v -0.064903 0.038080 0.058450
v -0.063069 0.037757 0.058450
v -0.066515 0.037149 0.058450
v -0.063957 -0.032390 0.077920
v -0.063957 -0.032390 0.058450
v -0.065791 -0.037427 0.058450
v -0.061709 -0.035070 0.058450
v -0.063957 -0.037750 0.077920
v -0.067151 -0.035070 0.077920
v -0.066987 -0.034139 0.058450
v -0.063069 -0.037427 0.058450
v -0.061873 -0.036001 0.077920
v -0.066987 -0.036001 0.058450
v -0.065791 -0.032713 0.058450
v -0.062345 -0.033321 0.058450
v -0.066515 -0.036819 0.077920
v -0.062345 -0.033321 0.077920
v -0.062345 -0.036819 0.058450
v -0.066515 -0.033321 0.077920
v -0.066515 -0.036819 0.058450
v -0.061709 -0.035070 0.077920
v -0.061873 -0.034139 0.058450
v -0.064902 -0.032390 0.058450
v -0.063069 -0.032713 0.058450
v -0.066515 -0.033321 0.058450
v 0.032873 -0.032390 0.077920
v 0.032873 -0.032390 0.058450
v 0.031039 -0.037427 0.058450
v 0.035121 -0.035070 0.058450
v 0.032873 -0.037750 0.077920
v 0.029679 -0.035070 0.077920
v 0.029843 -0.034139 0.058450
v 0.033761 -0.037427 0.058450
v 0.034957 -0.036001 0.077920
v 0.029843 -0.036001 0.058450
v 0.031039 -0.032713 0.058450
v 0.034485 -0.033321 0.058450
v 0.030315 -0.036819 0.077920
v 0.034485 -0.033321 0.077920
v 0.034485 -0.036819 0.058450
v 0.030315 -0.033321 0.077920
v 0.030315 -0.036819 0.058450
v 0.035121 -0.035070 0.077920
v 0.034957 -0.034139 0.058450
v 0.031928 -0.032390 0.058450
v 0.033761 -0.032713 0.058450
v 0.030315 -0.033321 0.058450
v 0.032872 0.037710 0.077920
v 0.032872 0.037710 0.058450
v 0.031039 0.032673 0.058450
v 0.035121 0.035030 0.058450
v 0.032872 0.032350 0.077920
v 0.029679 0.035030 0.077920
v 0.029843 0.035961 0.058450
v 0.033761 0.032673 0.058450
v 0.034957 0.034099 0.077920
v 0.029843 0.034099 0.058450
v 0.031039 0.037387 0.058450
v 0.034485 0.036779 0.058450
v 0.030315 0.033281 0.077920
v 0.034485 0.036779 0.077920
v 0.034485 0.033281 0.058450
v 0.030315 0.036779 0.077920
v 0.030315 0.033281 0.058450
v 0.035121 0.035030 0.077920
v 0.034957 0.035961 0.058450
v 0.031927 0.037710 0.058450
v 0.033761 0.037387 0.058450
v 0.030315 0.036779 0.058450
v -0.080624 0.016510 0.037769
v -0.079136 -0.017255 0.041278
v -0.079608 0.028830 0.051029
v -0.080164 -0.016506 0.012609
v -0.080272 -0.038520 0.057539
v -0.079250 0.017300 0.012769
v -0.080248 -0.026165 0.037769
v -0.080634 0.010280 0.047516
v -0.080282 -0.029434 0.047186
v -0.080360 -0.011080 0.034672
v -0.079512 0.025420 0.041278
v -0.080446 -0.010880 0.047186
v -0.080552 0.013000 0.031672
v -0.080481 -0.000420 0.038781
v -0.080953 0.039090 0.057159
v -0.079058 -0.026165 0.041278
v -0.080702 0.025420 0.037769
v -0.079444 0.010280 0.051029
v -0.080526 0.024180 0.013049
v -0.080111 -0.023074 0.013279
v -0.080326 -0.017255 0.037769
v -0.079092 -0.029434 0.050699
v -0.079024 -0.016444 0.023499
v -0.079256 -0.010880 0.050699
v -0.079434 0.016510 0.041278
v -0.080798 0.028830 0.047516
v -0.079339 0.013010 0.031680
v -0.079034 -0.026165 0.037769
v -0.079489 0.025420 0.037769
v -0.080271 -0.026165 0.041278
v -0.079421 0.010280 0.047516
v -0.079058 -0.038500 0.057549
v -0.079268 -0.000410 0.038790
v -0.080726 0.025420 0.041278
v -0.079147 -0.011070 0.034680
v -0.079069 -0.029434 0.047186
v -0.079232 -0.010880 0.047186
v -0.079739 0.039100 0.057169
v -0.078951 -0.016495 0.012619
v -0.080658 0.010280 0.051029
v -0.080350 -0.017255 0.041278
v -0.080647 0.016510 0.041278
v -0.079329 0.008960 0.035542
v -0.080527 0.015470 0.024619
v -0.079584 0.028830 0.047516
v -0.080469 -0.010880 0.050699
v -0.080306 -0.029434 0.050699
v -0.080821 0.028830 0.051029
v -0.080512 0.003330 0.038443
v -0.079312 0.024190 0.013059
v -0.080238 -0.016455 0.023489
v -0.078898 -0.023064 0.013289
v -0.079113 -0.017255 0.037769
v -0.079410 0.016510 0.037769
v -0.080542 0.008950 0.035534
v -0.079299 0.003340 0.038451
v -0.079313 0.015480 0.024629
v -0.080324 -0.012974 0.031800
v -0.080181 -0.016805 0.015489
v -0.080463 0.017290 0.012759
v -0.079111 -0.012964 0.031808
v -0.078968 -0.016795 0.015499
v -0.080416 -0.006380 0.036890
v -0.079203 -0.006370 0.036898
v -0.020150 0.037948 0.032828
v -0.045290 0.037833 0.035726
v -0.045310 0.039436 0.032960
v -0.020140 0.039454 0.035437
v -0.045290 0.039386 0.035726
v -0.020150 0.039502 0.032828
v -0.020940 0.039449 0.035598
v -0.045310 0.037883 0.032960
v -0.020140 0.037898 0.035594
v 0.038080 0.038086 0.033270
v 0.016370 0.038257 0.020804
v -0.050330 0.037567 0.049724
v 0.038530 0.037825 0.047754
v -0.077820 0.037705 0.038315
v 0.042720 0.039218 0.057164
v 0.043030 0.038118 0.032135
v 0.039130 0.039425 0.045254
v -0.075470 0.039006 0.052624
v 0.040400 0.039624 0.034386
v -0.061840 0.039232 0.041960
v 0.039130 0.039383 0.047534
v -0.036686 0.039298 0.041828
v -0.036686 0.037744 0.041828
v -0.050320 0.039071 0.052484
v -0.061840 0.037679 0.041960
v 0.038430 0.037874 0.045024
v -0.080560 0.039183 0.042089
v -0.061820 0.037629 0.044724
v 0.038960 0.038061 0.047944
v -0.024473 0.038140 0.021644
v 0.040430 0.038058 0.035101
v 0.037670 0.037850 0.046224
v 0.040330 0.038811 0.045484
v 0.040270 0.037837 0.047344
v 0.040610 0.037856 0.046334
v -0.075490 0.037502 0.049854
v -0.079860 0.038911 0.057234
v 0.038690 0.039611 0.034867
v 0.039130 0.038912 0.044904
v 0.038410 0.038796 0.047704
v 0.038570 0.037875 0.044964
v 0.043030 0.039671 0.032164
v 0.040330 0.038099 0.032835
v 0.038060 0.039407 0.046064
v 0.040210 0.039401 0.046684
v 0.039270 0.039648 0.032944
v 0.039780 0.037878 0.045004
v 0.040050 0.038928 0.047504
v -0.075470 0.037452 0.052624
v -0.036672 0.037694 0.044594
v -0.036672 0.039248 0.044594
v -0.050320 0.037517 0.052484
v -0.050330 0.039121 0.049724
v -0.075490 0.039056 0.049854
v -0.061820 0.039182 0.044724
v 0.038790 0.038049 0.035410
v 0.016370 0.039810 0.020834
v 0.042730 0.037665 0.057134
v 0.037800 0.038866 0.046984
v -0.077830 0.039258 0.038344
v -0.079850 0.037358 0.057204
v 0.037670 0.037850 0.046224
v 0.037860 0.038568 0.045484
v 0.039490 0.037826 0.047834
v -0.024477 0.039693 0.021674
v -0.080550 0.037630 0.042059
v 0.038960 0.038061 0.044804
v 0.039870 0.039421 0.045544
v 0.037990 0.037831 0.047334
v 0.040580 0.038314 0.045764
v 0.038760 0.038099 0.032623
v 0.038310 0.039623 0.034175
v 0.038180 0.039391 0.046984
v 0.038580 0.038543 0.044904
v 0.040550 0.038033 0.046984
v 0.040310 0.037837 0.047294
v 0.039190 0.038613 0.047944
v 0.040860 0.038082 0.033864
v 0.039420 0.038431 0.044804
v 0.040600 0.037858 0.046224
v 0.040670 0.038619 0.046374
v 0.040160 0.039644 0.033286
v 0.037970 0.038063 0.034481
v 0.042686 0.005935 0.050664
v 0.041252 -0.016555 0.052142
v 0.042607 -0.002342 0.036322
v 0.041318 -0.009575 0.049307
v 0.042762 0.013995 0.050664
v 0.041481 0.007495 0.046569
v 0.041690 -0.009775 0.046483
v 0.043011 0.040095 0.054067
v 0.042244 -0.040475 0.054504
v 0.041387 -0.002342 0.051986
v 0.041470 0.006435 0.049179
v 0.041331 -0.008234 0.047942
v 0.042047 0.007355 0.049401
v 0.042526 -0.010875 0.047942
v 0.041466 0.005935 0.052142
v 0.041433 0.002485 0.031962
v 0.042695 0.006955 0.046717
v 0.041329 -0.008496 0.052142
v 0.042575 -0.005697 0.032272
v 0.042686 0.005935 0.048232
v 0.042168 -0.009630 0.049401
v 0.042705 0.008005 0.047116
v 0.041306 -0.010903 0.047942
v 0.041111 -0.031345 0.054163
v 0.042933 0.031895 0.053729
v 0.042548 -0.008496 0.050664
v 0.041468 0.006185 0.046890
v 0.042705 0.008005 0.048768
v 0.041490 0.008475 0.047652
v 0.042543 -0.009103 0.046705
v 0.042548 -0.008563 0.048768
v 0.041355 -0.005686 0.032272
v 0.041410 0.000105 0.036322
v 0.041310 -0.010422 0.046890
v 0.041464 0.005765 0.048232
v 0.041789 0.039905 0.057295
v 0.041890 -0.008366 0.047116
v 0.041542 0.013995 0.052142
v 0.042630 0.000105 0.051986
v 0.042472 -0.016555 0.050664
v 0.041029 -0.040045 0.057387
v 0.042653 0.002475 0.031962
v 0.041481 0.007495 0.049316
v 0.042534 -0.010057 0.049179
v 0.041324 -0.009002 0.046705
v 0.042331 -0.031355 0.054163
v 0.042461 0.006545 0.049179
v 0.042168 0.005715 0.047652
v 0.041713 0.031905 0.053729
v 0.042126 0.007275 0.046483
v 0.042708 0.008315 0.047942
v 0.042534 -0.010057 0.046705
v 0.042550 -0.008288 0.047942
v 0.041307 -0.010779 0.048511
v 0.041326 -0.008716 0.048994
v 0.042698 0.007275 0.049164
v 0.041252 -0.016555 0.050664
v 0.042548 -0.008496 0.052142
v 0.042630 0.000105 0.036322
v 0.041387 -0.002342 0.036322
v 0.042607 -0.002342 0.051986
v 0.041410 0.000105 0.051986
v 0.041486 0.008065 0.048994
v 0.043009 0.039895 0.057295
v 0.041890 0.008325 0.047116
v 0.042686 0.005935 0.052142
v 0.041466 0.005935 0.050664
v 0.041473 0.006755 0.046568
v 0.042047 0.006325 0.046705
v 0.042091 -0.010583 0.048994
v 0.041890 -0.009018 0.049316
v 0.042126 -0.010760 0.047116
v 0.042126 0.005935 0.048768
v 0.041890 -0.009018 0.046568
v 0.042248 -0.040055 0.057387
v 0.042472 -0.016555 0.052142
v 0.041313 -0.010145 0.049175
v 0.041890 0.008325 0.048768
v 0.041890 -0.008149 0.048232
v 0.041890 -0.008366 0.048768
v 0.042688 0.006215 0.048768
v 0.041542 0.013995 0.050664
v 0.042762 0.013995 0.052142
v 0.041329 -0.008496 0.050664
v 0.041890 -0.011001 0.047652
v 0.041486 0.008065 0.046890
v 0.041999 -0.010120 0.046568
v 0.041890 -0.010918 0.048511
v 0.041791 0.040105 0.054067
v 0.041025 -0.040455 0.054504
v 0.042691 0.006485 0.046890
v 0.042528 -0.010599 0.047118
v 0.041890 0.007925 0.049179
v 0.041890 0.007925 0.046705
v 0.042047 0.006325 0.049179
v 0.041945 0.006835 0.049401
v 0.041330 -0.008359 0.047373
v 0.042548 -0.008563 0.047116
v 0.042686 0.005935 0.047652
v 0.042168 -0.009519 0.046483
v 0.041890 0.008545 0.047652
v 0.042090 0.006915 0.046483
v 0.042543 -0.009103 0.049179
v 0.042528 -0.010598 0.048768
v 0.041318 -0.009575 0.046577
v 0.042152 0.008435 0.048511
v 0.041999 -0.009837 0.049401
v 0.041890 -0.008149 0.047652
v 0.042126 0.005935 0.047116
v 0.042446 0.007115 0.049316
v 0.041733 -0.009339 0.046483
v 0.041466 0.005985 0.048768
v 0.042283 0.008065 0.048994
v 0.041628 -0.009466 0.049401
v 0.042537 -0.009707 0.046625
v 0.041890 0.007675 0.046568
v 0.041497 -0.010524 0.048994
v 0.041781 0.006575 0.046568
v 0.042168 0.005715 0.048232
v 0.042703 0.007735 0.046890
v 0.041677 -0.010089 0.049316
v 0.042703 0.007735 0.048994
v 0.042199 0.007865 0.046705
v 0.041466 0.005985 0.047119
v 0.041464 0.005765 0.047652
v 0.041490 0.008475 0.048232
v 0.041945 -0.009297 0.049401
v 0.041488 0.008255 0.048768
v 0.042549 -0.008412 0.047374
v 0.042527 -0.010750 0.048511
v 0.041307 -0.010779 0.047373
v 0.042352 0.008235 0.047116
v 0.041330 -0.008359 0.048511
v 0.042446 0.008465 0.047942
v 0.041890 -0.008547 0.046890
v 0.041690 -0.010583 0.046890
v 0.041732 0.007355 0.046483
v 0.041477 0.007115 0.049360
v 0.041313 -0.010145 0.046708
v 0.041890 -0.008547 0.048994
v 0.042537 -0.009703 0.049259
v 0.042103 0.006605 0.049316
v 0.042436 0.007225 0.046568
v 0.042199 -0.009112 0.049316
v 0.041689 0.006915 0.046483
f 1 3 4 2
f 3 5 6 4
f 5 7 8 6
f 7 9 10 8
f 9 11 12 10
f 11 13 14 12
f 13 15 16 14
f 15 17 18 16
f 17 19 20 18
f 19 21 22 20
f 21 23 24 22
f 23 25 26 24
f 25 27 28 26
f 27 29 30 28
f 29 31 32 30
f 31 33 34 32
f 33 35 36 34
f 35 37 38 36
f 37 39 40 38
f 39 41 42 40
f 41 43 44 42
f 43 45 46 44
f 45 47 48 46
f 47 1 2 48
f 49 3 1
f 49 5 3
f 49 7 5
f 49 9 7
f 49 11 9
f 49 13 11
f 49 15 13
f 49 17 15
f 49 19 17
f 49 21 19
f 49 23 21
f 49 25 23
f 49 27 25
f 49 29 27
f 49 31 29
f 49 33 31
f 49 35 33
f 49 37 35
f 49 39 37
f 49 41 39
f 49 43 41
f 49 45 43
f 49 47 45
f 49 1 47
f 50 2 4
f 50 4 6
f 50 6 8
f 50 8 10
f 50 10 12
f 50 12 14
f 50 14 16
f 50 16 18
f 50 18 20
f 50 20 22
f 50 22 24
f 50 24 26
f 50 26 28
f 50 28 30
f 50 30 32
f 50 32 34
f 50 34 36
f 50 36 38
f 50 38 40
f 50 40 42
f 50 42 44
f 50 44 46
f 50 46 48
f 50 48 2
f 51 53 54 52
f 53 55 56 54
f 55 57 58 56
f 57 59 60 58
f 59 61 62 60
f 61 63 64 62
f 63 65 66 64
f 65 67 68 66
f 67 69 70 68
f 69 71 72 70
f 71 73 74 72
f 73 75 76 74
f 75 77 78 76
f 77 79 80 78
f 79 81 82 80
f 81 83 84 82
f 83 85 86 84
f 85 87 88 86
f 87 89 90 88
f 89 91 92 90
f 91 93 94 92
f 93 95 96 94
f 95 97 98 96
f 97 51 52 98
f 99 53 51
f 99 55 53
f 99 57 55
f 99 59 57
f 99 61 59
f 99 63 61
f 99 65 63
f 99 67 65
f 99 69 67
f 99 71 69
f 99 73 71
f 99 75 73
f 99 77 75
f 99 79 77
f 99 81 79
f 99 83 81
f 99 85 83
f 99 87 85
f 99 89 87
f 99 91 89
f 99 93 91
f 99 95 93
f 99 97 95
f 99 51 97
f 100 52 54
f 100 54 56
f 100 56 58
f 100 58 60
f 100 60 62
f 100 62 64
f 100 64 66
f 100 66 68
f 100 68 70
f 100 70 72
f 100 72 74
f 100 74 76
f 100 76 78
f 100 78 80
f 100 80 82
f 100 82 84
f 100 84 86
f 100 86 88
f 100 88 90
f 100 90 92
f 100 92 94
f 100 94 96
f 100 96 98
f 100 98 52
f 101 103 104 102
f 103 105 106 104
f 105 107 108 106
f 107 109 110 108
f 109 111 112 110
f 111 113 114 112
f 113 115 116 114
f 115 117 118 116
f 117 119 120 118
f 119 121 122 120
f 121 123 124 122
f 123 125 126 124
f 125 127 128 126
f 127 129 130 128
f 129 131 132 130
f 131 133 134 132
f 133 135 136 134
f 135 137 138 136
f 137 139 140 138
f 139 141 142 140
f 141 143 144 142
f 143 145 146 144
f 145 147 148 146
f 147 101 102 148
f 149 103 101
f 149 105 103
f 149 107 105
f 149 109 107
f 149 111 109
f 149 113 111
f 149 115 113
f 149 117 115
f 149 119 117
f 149 121 119
f 149 123 121
f 149 125 123
f 149 127 125
f 149 129 127
f 149 131 129
f 149 133 131
f 149 135 133
f 149 137 135
f 149 139 137
f 149 141 139
f 149 143 141
f 149 145 143
f 149 147 145
f 149 101 147
f 150 102 104
f 150 104 106
f 150 106 108
f 150 108 110
f 150 110 112
f 150 112 114
f 150 114 116
f 150 116 118
f 150 118 120
f 150 120 122
f 150 122 124
f 150 124 126
f 150 126 128
f 150 128 130
f 150 130 132
f 150 132 134
f 150 134 136
f 150 136 138
f 150 138 140
f 150 140 142
f 150 142 144
f 150 144 146
f 150 146 148
f 150 148 102
f 151 153 154 152
f 153 155 156 154
f 155 157 158 156
f 157 159 160 158
f 159 161 162 160
f 161 163 164 162
f 163 165 166 164
f 165 167 168 166
f 167 169 170 168
f 169 171 172 170
f 171 173 174 172
f 173 175 176 174
f 175 177 178 176
f 177 179 180 178
f 179 181 182 180
f 181 183 184 182
f 183 185 186 184
f 185 187 188 186
f 187 189 190 188
f 189 191 192 190
f 191 193 194 192
f 193 195 196 194
f 195 197 198 196
f 197 151 152 198
f 199 153 151
f 199 155 153
f 199 157 155
f 199 159 157
f 199 161 159
f 199 163 161
f 199 165 163
f 199 167 165
f 199 169 167
f 199 171 169
f 199 173 171
f 199 175 173
f 199 177 175
f 199 179 177
f 199 181 179
f 199 183 181
f 199 185 183
f 199 187 185
f 199 189 187
f 199 191 189
f 199 193 191
f 199 195 193
f 199 197 195
f 199 151 197
f 200 152 154
f 200 154 156
f 200 156 158
f 200 158 160
f 200 160 162
f 200 162 164
f 200 164 166
f 200 166 168
f 200 168 170
f 200 170 172
f 200 172 174
f 200 174 176
f 200 176 178
f 200 178 180
f 200 180 182
f 200 182 184
f 200 184 186
f 200 186 188
f 200 188 190
f 200 190 192
f 200 192 194
f 200 194 196
f 200 196 198
f 200 198 152
f 201 203 204 202
f 203 205 206 204
f 205 207 208 206
f 207 209 210 208
f 209 211 212 210
f 211 213 214 212
f 213 215 216 214
f 215 217 218 216
f 217 219 220 218
f 219 221 222 220
f 221 223 224 222
f 223 225 226 224
f 225 227 228 226
f 227 229 230 228
f 229 231 232 230
f 231 233 234 232
f 233 235 236 234
f 235 237 238 236
f 237 239 240 238
f 239 241 242 240
f 241 243 244 242
f 243 245 246 244
f 245 247 248 246
f 247 201 202 248
f 249 203 201
f 249 205 203
f 249 207 205
f 249 209 207
f 249 211 209
f 249 213 211
f 249 215 213
f 249 217 215
f 249 219 217
f 249 221 219
f 249 223 221
f 249 225 223
f 249 227 225
f 249 229 227
f 249 231 229
f 249 233 231
f 249 235 233
f 249 237 235
f 249 239 237
f 249 241 239
f 249 243 241
f 249 245 243
f 249 247 245
f 249 201 247
f 250 202 204
f 250 204 206
f 250 206 208
f 250 208 210
f 250 210 212
f 250 212 214
f 250 214 216
f 250 216 218
f 250 218 220
f 250 220 222
f 250 222 224
f 250 224 226
f 250 226 228
f 250 228 230
f 250 230 232
f 250 232 234
f 250 234 236
f 250 236 238
f 250 238 240
f 250 240 242
f 250 242 244
f 250 244 246
f 250 246 248
f 250 248 202
f 251 253 254 252
f 253 255 256 254
f 255 257 258 256
f 257 259 260 258
f 259 261 262 260
f 261 263 264 262
f 263 265 266 264
f 265 267 268 266
f 267 269 270 268
f 269 271 272 270
f 271 273 274 272
f 273 275 276 274
f 275 277 278 276
f 277 279 280 278
f 279 281 282 280
f 281 283 284 282
f 283 285 286 284
f 285 287 288 286
f 287 289 290 288
f 289 291 292 290
f 291 293 294 292
f 293 295 296 294
f 295 297 298 296
f 297 251 252 298
f 299 253 251
f 299 255 253
f 299 257 255
f 299 259 257
f 299 261 259
f 299 263 261
f 299 265 263
f 299 267 265
f 299 269 267
f 299 271 269
f 299 273 271
f 299 275 273
f 299 277 275
f 299 279 277
f 299 281 279
f 299 283 281
f 299 285 283
f 299 287 285
f 299 289 287
f 299 291 289
f 299 293 291
f 299 295 293
f 299 297 295
f 299 251 297
f 300 252 254
f 300 254 256
f 300 256 258
f 300 258 260
f 300 260 262
f 300 262 264
f 300 264 266
f 300 266 268
f 300 268 270
f 300 270 272
f 300 272 274
f 300 274 276
f 300 276 278
f 300 278 280
f 300 280 282
f 300 282 284
f 300 284 286
f 300 286 288
f 300 288 290
f 300 290 292
f 300 292 294
f 300 294 296
f 300 296 298
f 300 298 252
f 301 303 304 302
f 303 305 306 304
f 305 307 308 306
f 307 309 310 308
f 309 311 312 310
f 311 313 314 312
f 313 315 316 314
f 315 317 318 316
f 317 319 320 318
f 319 321 322 320
f 321 323 324 322
f 323 325 326 324
f 325 327 328 326
f 327 329 330 328
f 329 331 332 330
f 331 333 334 332
f 333 335 336 334
f 335 337 338 336
f 337 339 340 338
f 339 341 342 340
f 341 343 344 342
f 343 345 346 344
f 345 347 348 346
f 347 301 302 348
f 349 303 301
f 349 305 303
f 349 307 305
f 349 309 307
f 349 311 309
f 349 313 311
f 349 315 313
f 349 317 315
f 349 319 317
f 349 321 319
f 349 323 321
f 349 325 323
f 349 327 325
f 349 329 327
f 349 331 329
f 349 333 331
f 349 335 333
f 349 337 335
f 349 339 337
f 349 341 339
f 349 343 341
f 349 345 343
f 349 347 345
f 349 301 347
f 350 302 304
f 350 304 306
f 350 306 308
f 350 308 310
f 350 310 312
f 350 312 314
f 350 314 316
f 350 316 318
f 350 318 320
f 350 320 322
f 350 322 324
f 350 324 326
f 350 326 328
f 350 328 330
f 350 330 332
f 350 332 334
f 350 334 336
f 350 336 338
f 350 338 340
f 350 340 342
f 350 342 344
f 350 344 346
f 350 346 348
f 350 348 302
f 351 353 354 352
f 353 355 356 354
f 355 357 358 356
f 357 359 360 358
f 359 361 362 360
f 361 363 364 362
f 363 365 366 364
f 365 367 368 366
f 367 369 370 368
f 369 371 372 370
f 371 373 374 372
f 373 375 376 374
f 375 377 378 376
f 377 379 380 378
f 379 381 382 380
f 381 383 384 382
f 383 385 386 384
f 385 387 388 386
f 387 389 390 388
f 389 391 392 390
f 391 393 394 392
f 393 395 396 394
f 395 397 398 396
f 397 351 352 398
f 399 353 351
f 399 355 353
f 399 357 355
f 399 359 357
f 399 361 359
f 399 363 361
f 399 365 363
f 399 367 365
f 399 369 367
f 399 371 369
f 399 373 371
f 399 375 373
f 399 377 375
f 399 379 377
f 399 381 379
f 399 383 381
f 399 385 383
f 399 387 385
f 399 389 387
f 399 391 389
f 399 393 391
f 399 395 393
f 399 397 395
f 399 351 397
f 400 352 354
f 400 354 356
f 400 356 358
f 400 358 360
f 400 360 362
f 400 362 364
f 400 364 366
f 400 366 368
f 400 368 370
f 400 370 372
f 400 372 374
f 400 374 376
f 400 376 378
f 400 378 380
f 400 380 382
f 400 382 384
f 400 384 386
f 400 386 388
f 400 388 390
f 400 390 392
f 400 392 394
f 400 394 396
f 400 396 398
f 400 398 352
f 401 403 404 402
f 403 405 406 404
f 405 407 408 406
f 407 409 410 408
f 409 411 412 410
f 411 413 414 412
f 413 415 416 414
f 415 417 418 416
f 417 419 420 418
f 419 421 422 420
f 421 423 424 422
f 423 425 426 424
f 425 427 428 426
f 427 429 430 428
f 429 431 432 430
f 431 433 434 432
f 433 435 436 434
f 435 437 438 436
f 437 439 440 438
f 439 441 442 440
f 441 443 444 442
f 443 445 446 444
f 445 447 448 446
f 447 401 402 448
f 449 403 401
f 449 405 403
f 449 407 405
f 449 409 407
f 449 411 409
f 449 413 411
f 449 415 413
f 449 417 415
f 449 419 417
f 449 421 419
f 449 423 421
f 449 425 423
f 449 427 425
f 449 429 427
f 449 431 429
f 449 433 431
f 449 435 433
f 449 437 435
f 449 439 437
f 449 441 439
f 449 443 441
f 449 445 443
f 449 447 445
f 449 401 447
f 450 402 404
f 450 404 406
f 450 406 408
f 450 408 410
f 450 410 412
f 450 412 414
f 450 414 416
f 450 416 418
f 450 418 420
f 450 420 422
f 450 422 424
f 450 424 426
f 450 426 428
f 450 428 430
f 450 430 432
f 450 432 434
f 450 434 436
f 450 436 438
f 450 438 440
f 450 440 442
f 450 442 444
f 450 444 446
f 450 446 448
f 450 448 402
f 451 452 453 454
f 455 458 457 456
f 451 455 456 452
f 453 457 458 454
f 451 454 458 455
f 452 456 457 453
f 459 461 462 460
f 461 463 464 462
f 463 465 466 464
f 465 467 468 466
f 467 469 470 468
f 469 471 472 470
f 471 473 474 472
f 473 475 476 474
f 475 477 478 476
f 477 479 480 478
f 479 481 482 480
f 481 483 484 482
f 483 485 486 484
f 485 487 488 486
f 487 489 490 488
f 489 491 492 490
f 491 493 494 492
f 493 495 496 494
f 495 497 498 496
f 497 499 500 498
f 499 501 502 500
f 501 503 504 502
f 503 505 506 504
f 505 459 460 506
f 507 461 459
f 507 463 461
f 507 465 463
f 507 467 465
f 507 469 467
f 507 471 469
f 507 473 471
f 507 475 473
f 507 477 475
f 507 479 477
f 507 481 479
f 507 483 481
f 507 485 483
f 507 487 485
f 507 489 487
f 507 491 489
f 507 493 491
f 507 495 493
f 507 497 495
f 507 499 497
f 507 501 499
f 507 503 501
f 507 505 503
f 507 459 505
f 508 460 462
f 508 462 464
f 508 464 466
f 508 466 468
f 508 468 470
f 508 470 472
f 508 472 474
f 508 474 476
f 508 476 478
f 508 478 480
f 508 480 482
f 508 482 484
f 508 484 486
f 508 486 488
f 508 488 490
f 508 490 492
f 508 492 494
f 508 494 496
f 508 496 498
f 508 498 500
f 508 500 502
f 508 502 504
f 508 504 506
f 508 506 460
f 509 510 511 512
f 513 516 515 514
f 509 513 514 510
f 511 515 516 512
f 509 512 516 513
f 510 514 515 511
f 517 519 520 518
f 519 521 522 520
f 521 523 524 522
f 523 525 526 524
f 525 527 528 526
f 527 529 530 528
f 529 531 532 530
f 531 533 534 532
f 533 535 536 534
f 535 537 538 536
f 537 539 540 538
f 539 541 542 540
f 541 543 544 542
f 543 545 546 544
f 545 547 548 546
f 547 549 550 548
f 549 551 552 550
f 551 553 554 552
f 553 555 556 554
f 555 557 558 556
f 557 559 560 558
f 559 561 562 560
f 561 563 564 562
f 563 517 518 564
f 565 519 517
f 565 521 519
f 565 523 521
f 565 525 523
f 565 527 525
f 565 529 527
f 565 531 529
f 565 533 531
f 565 535 533
f 565 537 535
f 565 539 537
f 565 541 539
f 565 543 541
f 565 545 543
f 565 547 545
f 565 549 547
f 565 551 549
f 565 553 551
f 565 555 553
f 565 557 555
f 565 559 557
f 565 561 559
f 565 563 561
f 565 517 563
f 566 518 520
f 566 520 522
f 566 522 524
f 566 524 526
f 566 526 528
f 566 528 530
f 566 530 532
f 566 532 534
f 566 534 536
f 566 536 538
f 566 538 540
f 566 540 542
f 566 542 544
f 566 544 546
f 566 546 548
f 566 548 550
f 566 550 552
f 566 552 554
f 566 554 556
f 566 556 558
f 566 558 560
f 566 560 562
f 566 562 564
f 566 564 518
f 567 569 570 568
f 569 571 572 570
f 571 573 574 572
f 573 575 576 574
f 575 577 578 576
f 577 579 580 578
f 579 581 582 580
f 581 583 584 582
f 583 585 586 584
f 585 587 588 586
f 587 589 590 588
f 589 591 592 590
f 591 593 594 592
f 593 595 596 594
f 595 597 598 596
f 597 599 600 598
f 599 601 602 600
f 601 603 604 602
f 603 605 606 604
f 605 607 608 606
f 607 609 610 608
f 609 611 612 610
f 611 613 614 612
f 613 567 568 614
f 615 569 567
f 615 571 569
f 615 573 571
f 615 575 573
f 615 577 575
f 615 579 577
f 615 581 579
f 615 583 581
f 615 585 583
f 615 587 585
f 615 589 587
f 615 591 589
f 615 593 591
f 615 595 593
f 615 597 595
f 615 599 597
f 615 601 599
f 615 603 601
f 615 605 603
f 615 607 605
f 615 609 607
f 615 611 609
f 615 613 611
f 615 567 613
f 616 568 570
f 616 570 572
f 616 572 574
f 616 574 576
f 616 576 578
f 616 578 580
f 616 580 582
f 616 582 584
f 616 584 586
f 616 586 588
f 616 588 590
f 616 590 592
f 616 592 594
f 616 594 596
f 616 596 598
f 616 598 600
f 616 600 602
f 616 602 604
f 616 604 606
f 616 606 608
f 616 608 610
f 616 610 612
f 616 612 614
f 616 614 568
f 617 619 620 618
f 619 621 622 620
f 621 623 624 622
f 623 625 626 624
f 625 627 628 626
f 627 629 630 628
f 629 631 632 630
f 631 633 634 632
f 633 635 636 634
f 635 637 638 636
f 637 639 640 638
f 639 641 642 640
f 641 643 644 642
f 643 645 646 644
f 645 647 648 646
f 647 649 650 648
f 649 651 652 650
f 651 653 654 652
f 653 655 656 654
f 655 657 658 656
f 657 659 660 658
f 659 661 662 660
f 661 663 664 662
f 663 617 618 664
f 665 619 617
f 665 621 619
f 665 623 621
f 665 625 623
f 665 627 625
f 665 629 627
f 665 631 629
f 665 633 631
f 665 635 633
f 665 637 635
f 665 639 637
f 665 641 639
f 665 643 641
f 665 645 643
f 665 647 645
f 665 649 647
f 665 651 649
f 665 653 651
f 665 655 653
f 665 657 655
f 665 659 657
f 665 661 659
f 665 663 661
f 665 617 663
f 666 618 620
f 666 620 622
f 666 622 624
f 666 624 626
f 666 626 628
f 666 628 630
f 666 630 632
f 666 632 634
f 666 634 636
f 666 636 638
f 666 638 640
f 666 640 642
f 666 642 644
f 666 644 646
f 666 646 648
f 666 648 650
f 666 650 652
f 666 652 654
f 666 654 656
f 666 656 658
f 666 658 660
f 666 660 662
f 666 662 664
f 666 664 618
f 667 669 670 668
f 669 671 672 670
f 671 673 674 672
f 673 675 676 674
f 675 677 678 676
f 677 679 680 678
f 679 681 682 680
f 681 683 684 682
f 683 685 686 684
f 685 687 688 686
f 687 689 690 688
f 689 691 692 690
f 691 693 694 692
f 693 695 696 694
f 695 697 698 696
f 697 699 700 698
f 699 701 702 700
f 701 703 704 702
f 703 705 706 704
f 705 707 708 706
f 707 709 710 708
f 709 711 712 710
f 711 713 714 712
f 713 667 668 714
f 715 669 667
f 715 671 669
f 715 673 671
f 715 675 673
f 715 677 675
f 715 679 677
f 715 681 679
f 715 683 681
f 715 685 683
f 715 687 685
f 715 689 687
f 715 691 689
f 715 693 691
f 715 695 693
f 715 697 695
f 715 699 697
f 715 701 699
f 715 703 701
f 715 705 703
f 715 707 705
f 715 709 707
f 715 711 709
f 715 713 711
f 715 667 713
f 716 668 670
f 716 670 672
f 716 672 674
f 716 674 676
f 716 676 678
f 716 678 680
f 716 680 682
f 716 682 684
f 716 684 686
f 716 686 688
f 716 688 690
f 716 690 692
f 716 692 694
f 716 694 696
f 716 696 698
f 716 698 700
f 716 700 702
f 716 702 704
f 716 704 706
f 716 706 708
f 716 708 710
f 716 710 712
f 716 712 714
f 716 714 668
f 717 719 720 718
f 719 721 722 720
f 721 723 724 722
f 723 725 726 724
f 725 727 728 726
f 727 729 730 728
f 729 731 732 730
f 731 733 734 732
f 733 735 736 734
f 735 737 738 736
f 737 739 740 738
f 739 741 742 740
f 741 743 744 742
f 743 745 746 744
f 745 747 748 746
f 747 749 750 748
f 749 751 752 750
f 751 753 754 752
f 753 755 756 754
f 755 757 758 756
f 757 759 760 758
f 759 761 762 760
f 761 763 764 762
f 763 717 718 764
f 765 719 717
f 765 721 719
f 765 723 721
f 765 725 723
f 765 727 725
f 765 729 727
f 765 731 729
f 765 733 731
f 765 735 733
f 765 737 735
f 765 739 737
f 765 741 739
f 765 743 741
f 765 745 743
f 765 747 745
f 765 749 747
f 765 751 749
f 765 753 751
f 765 755 753
f 765 757 755
f 765 759 757
f 765 761 759
f 765 763 761
f 765 717 763
f 766 718 720
f 766 720 722
f 766 722 724
f 766 724 726
f 766 726 728
f 766 728 730
f 766 730 732
f 766 732 734
f 766 734 736
f 766 736 738
f 766 738 740
f 766 740 742
f 766 742 744
f 766 744 746
f 766 746 748
f 766 748 750
f 766 750 752
f 766 752 754
f 766 754 756
f 766 756 758
f 766 758 760
f 766 760 762
f 766 762 764
f 766 764 718
f 767 769 770 768
f 769 771 772 770
f 771 773 774 772
f 773 775 776 774
f 775 777 778 776
f 777 779 780 778
f 779 781 782 780
f 781 783 784 782
f 783 785 786 784
f 785 787 788 786
f 787 789 790 788
f 789 791 792 790
f 791 793 794 792
f 793 795 796 794
f 795 797 798 796
f 797 799 800 798
f 799 801 802 800
f 801 803 804 802
f 803 805 806 804
f 805 807 808 806
f 807 809 810 808
f 809 811 812 810
f 811 813 814 812
f 813 767 768 814
f 815 769 767
f 815 771 769
f 815 773 771
f 815 775 773
f 815 777 775
f 815 779 777
f 815 781 779
f 815 783 781
f 815 785 783
f 815 787 785
f 815 789 787
f 815 791 789
f 815 793 791
f 815 795 793
f 815 797 795
f 815 799 797
f 815 801 799
f 815 803 801
f 815 805 803
f 815 807 805
f 815 809 807
f 815 811 809
f 815 813 811
f 815 767 813
f 816 768 770
f 816 770 772
f 816 772 774
f 816 774 776
f 816 776 778
f 816 778 780
f 816 780 782
f 816 782 784
f 816 784 786
f 816 786 788
f 816 788 790
f 816 790 792
f 816 792 794
f 816 794 796
f 816 796 798
f 816 798 800
f 816 800 802
f 816 802 804
f 816 804 806
f 816 806 808
f 816 808 810
f 816 810 812
f 816 812 814
f 816 814 768
f 817 819 820 818
f 819 821 822 820
f 821 823 824 822
f 823 825 826 824
f 825 827 828 826
f 827 829 830 828
f 829 831 832 830
f 831 833 834 832
f 833 835 836 834
f 835 837 838 836
f 837 839 840 838
f 839 841 842 840
f 841 843 844 842
f 843 845 846 844
f 845 847 848 846
f 847 849 850 848
f 849 851 852 850
f 851 853 854 852
f 853 855 856 854
f 855 857 858 856
f 857 859 860 858
f 859 861 862 860
f 861 863 864 862
f 863 817 818 864
f 865 819 817
f 865 821 819
f 865 823 821
f 865 825 823
f 865 827 825
f 865 829 827
f 865 831 829
f 865 833 831
f 865 835 833
f 865 837 835
f 865 839 837
f 865 841 839
f 865 843 841
f 865 845 843
f 865 847 845
f 865 849 847
f 865 851 849
f 865 853 851
f 865 855 853
f 865 857 855
f 865 859 857
f 865 861 859
f 865 863 861
f 865 817 863
f 866 818 820
f 866 820 822
f 866 822 824
f 866 824 826
f 866 826 828
f 866 828 830
f 866 830 832
f 866 832 834
f 866 834 836
f 866 836 838
f 866 838 840
f 866 840 842
f 866 842 844
f 866 844 846
f 866 846 848
f 866 848 850
f 866 850 852
f 866 852 854
f 866 854 856
f 866 856 858
f 866 858 860
f 866 860 862
f 866 862 864
f 866 864 818
f 867 868 884 883
f 868 869 885 884
f 869 870 886 885
f 870 871 887 886
f 871 872 888 887
f 872 873 889 888
f 873 874 890 889
f 874 875 891 890
f 875 876 892 891
f 876 877 893 892
f 877 878 894 893
f 878 879 895 894
f 879 880 896 895
f 880 881 897 896
f 881 882 898 897
f 882 867 883 898
f 883 884 900 899
f 884 885 901 900
f 885 886 902 901
f 886 887 903 902
f 887 888 904 903
f 888 889 905 904
f 889 890 906 905
f 890 891 907 906
f 891 892 908 907
f 892 893 909 908
f 893 894 910 909
f 894 895 911 910
f 895 896 912 911
f 896 897 913 912
f 897 898 914 913
f 898 883 899 914
f 899 900 916 915
f 900 901 917 916
f 901 902 918 917
f 902 903 919 918
f 903 904 920 919
f 904 905 921 920
f 905 906 922 921
f 906 907 923 922
f 907 908 924 923
f 908 909 925 924
f 909 910 926 925
f 910 911 927 926
f 911 912 928 927
f 912 913 929 928
f 913 914 930 929
f 914 899 915 930
f 915 916 932 931
f 916 917 933 932
f 917 918 934 933
f 918 919 935 934
f 919 920 936 935
f 920 921 937 936
f 921 922 938 937
f 922 923 939 938
f 923 924 940 939
f 924 925 941 940
f 925 926 942 941
f 926 927 943 942
f 927 928 944 943
f 928 929 945 944
f 929 930 946 945
f 930 915 931 946
f 931 932 948 947
f 932 933 949 948
f 933 934 950 949
f 934 935 951 950
f 935 936 952 951
f 936 937 953 952
f 937 938 954 953
f 938 939 955 954
f 939 940 956 955
f 940 941 957 956
f 941 942 958 957
f 942 943 959 958
f 943 944 960 959
f 944 945 961 960
f 945 946 962 961
f 946 931 947 962
f 947 948 964 963
f 948 949 965 964
f 949 950 966 965
f 950 951 967 966
f 951 952 968 967
f 952 953 969 968
f 953 954 970 969
f 954 955 971 970
f 955 956 972 971
f 956 957 973 972
f 957 958 974 973
f 958 959 975 974
f 959 960 976 975
f 960 961 977 976
f 961 962 978 977
f 962 947 963 978
f 963 964 980 979
f 964 965 981 980
f 965 966 982 981
f 966 967 983 982
f 967 968 984 983
f 968 969 985 984
f 969 970 986 985
f 970 971 987 986
f 971 972 988 987
f 972 973 989 988
f 973 974 990 989
f 974 975 991 990
f 975 976 992 991
f 976 977 993 992
f 977 978 994 993
f 978 963 979 994
f 979 980 996 995
f 980 981 997 996
f 981 982 998 997
f 982 983 999 998
f 983 984 1000 999
f 984 985 1001 1000
f 985 986 1002 1001
f 986 987 1003 1002
f 987 988 1004 1003
f 988 989 1005 1004
f 989 990 1006 1005
f 990 991 1007 1006
f 991 992 1008 1007
f 992 993 1009 1008
f 993 994 1010 1009
f 994 979 995 1010
f 995 996 1012 1011
f 996 997 1013 1012
f 997 998 1014 1013
f 998 999 1015 1014
f 999 1000 1016 1015
f 1000 1001 1017 1016
f 1001 1002 1018 1017
f 1002 1003 1019 1018
f 1003 1004 1020 1019
f 1004 1005 1021 1020
f 1005 1006 1022 1021
f 1006 1007 1023 1022
f 1007 1008 1024 1023
f 1008 1009 1025 1024
f 1009 1010 1026 1025
f 1010 995 1011 1026
f 1011 1012 1028 1027
f 1012 1013 1029 1028
f 1013 1014 1030 1029
f 1014 1015 1031 1030
f 1015 1016 1032 1031
f 1016 1017 1033 1032
f 1017 1018 1034 1033
f 1018 1019 1035 1034
f 1019 1020 1036 1035
f 1020 1021 1037 1036
f 1021 1022 1038 1037
f 1022 1023 1039 1038
f 1023 1024 1040 1039
f 1024 1025 1041 1040
f 1025 1026 1042 1041
f 1026 1011 1027 1042
f 1027 1028 1044 1043
f 1028 1029 1045 1044
f 1029 1030 1046 1045
f 1030 1031 1047 1046
f 1031 1032 1048 1047
f 1032 1033 1049 1048
f 1033 1034 1050 1049
f 1034 1035 1051 1050
f 1035 1036 1052 1051
f 1036 1037 1053 1052
f 1037 1038 1054 1053
f 1038 1039 1055 1054
f 1039 1040 1056 1055
f 1040 1041 1057 1056
f 1041 1042 1058 1057
f 1042 1027 1043 1058
f 1043 1044 1060 1059
f 1044 1045 1061 1060
f 1045 1046 1062 1061
f 1046 1047 1063 1062
f 1047 1048 1064 1063
f 1048 1049 1065 1064
f 1049 1050 1066 1065
f 1050 1051 1067 1066
f 1051 1052 1068 1067
f 1052 1053 1069 1068
f 1053 1054 1070 1069
f 1054 1055 1071 1070
f 1055 1056 1072 1071
f 1056 1057 1073 1072
f 1057 1058 1074 1073
f 1058 1043 1059 1074
f 1075 1077 1078 1076
f 1077 1079 1080 1078
f 1079 1081 1082 1080
f 1081 1083 1084 1082
f 1083 1085 1086 1084
f 1085 1087 1088 1086
f 1087 1089 1090 1088
f 1089 1091 1092 1090
f 1091 1093 1094 1092
f 1093 1095 1096 1094
f 1095 1097 1098 1096
f 1097 1099 1100 1098
f 1099 1101 1102 1100
f 1101 1103 1104 1102
f 1103 1105 1106 1104
f 1105 1107 1108 1106
f 1107 1109 1110 1108
f 1109 1111 1112 1110
f 1111 1113 1114 1112
f 1113 1115 1116 1114
f 1115 1117 1118 1116
f 1117 1119 1120 1118
f 1119 1121 1122 1120
f 1121 1075 1076 1122
f 1123 1077 1075
f 1123 1079 1077
f 1123 1081 1079
f 1123 1083 1081
f 1123 1085 1083
f 1123 1087 1085
f 1123 1089 1087
f 1123 1091 1089
f 1123 1093 1091
f 1123 1095 1093
f 1123 1097 1095
f 1123 1099 1097
f 1123 1101 1099
f 1123 1103 1101
f 1123 1105 1103
f 1123 1107 1105
f 1123 1109 1107
f 1123 1111 1109
f 1123 1113 1111
f 1123 1115 1113
f 1123 1117 1115
f 1123 1119 1117
f 1123 1121 1119
f 1123 1075 1121
f 1124 1076 1078
f 1124 1078 1080
f 1124 1080 1082
f 1124 1082 1084
f 1124 1084 1086
f 1124 1086 1088
f 1124 1088 1090
f 1124 1090 1092
f 1124 1092 1094
f 1124 1094 1096
f 1124 1096 1098
f 1124 1098 1100
f 1124 1100 1102
f 1124 1102 1104
f 1124 1104 1106
f 1124 1106 1108
f 1124 1108 1110
f 1124 1110 1112
f 1124 1112 1114
f 1124 1114 1116
f 1124 1116 1118
f 1124 1118 1120
f 1124 1120 1122
f 1124 1122 1076
f 1125 1127 1128 1126
f 1127 1129 1130 1128
f 1129 1131 1132 1130
f 1131 1133 1134 1132
f 1133 1135 1136 1134
f 1135 1137 1138 1136
f 1137 1139 1140 1138
f 1139 1141 1142 1140
f 1141 1143 1144 1142
f 1143 1145 1146 1144
f 1145 1147 1148 1146
f 1147 1149 1150 1148
f 1149 1151 1152 1150
f 1151 1153 1154 1152
f 1153 1155 1156 1154
f 1155 1157 1158 1156
f 1157 1159 1160 1158
f 1159 1161 1162 1160
f 1161 1163 1164 1162
f 1163 1165 1166 1164
f 1165 1167 1168 1166
f 1167 1169 1170 1168
f 1169 1171 1172 1170
f 1171 1125 1126 1172
f 1173 1127 1125
f 1173 1129 1127
f 1173 1131 1129
f 1173 1133 1131
f 1173 1135 1133
f 1173 1137 1135
f 1173 1139 1137
f 1173 1141 1139
f 1173 1143 1141
f 1173 1145 1143
f 1173 1147 1145
f 1173 1149 1147
f 1173 1151 1149
f 1173 1153 1151
f 1173 1155 1153
f 1173 1157 1155
f 1173 1159 1157
f 1173 1161 1159
f 1173 1163 1161
f 1173 1165 1163
f 1173 1167 1165
f 1173 1169 1167
f 1173 1171 1169
f 1173 1125 1171
f 1174 1126 1128
f 1174 1128 1130
f 1174 1130 1132
f 1174 1132 1134
f 1174 1134 1136
f 1174 1136 1138
f 1174 1138 1140
f 1174 1140 1142
f 1174 1142 1144
f 1174 1144 1146
f 1174 1146 1148
f 1174 1148 1150
f 1174 1150 1152
f 1174 1152 1154
f 1174 1154 1156
f 1174 1156 1158
f 1174 1158 1160
f 1174 1160 1162
f 1174 1162 1164
f 1174 1164 1166
f 1174 1166 1168
f 1174 1168 1170
f 1174 1170 1172
f 1174 1172 1126
f 1175 1177 1178 1176
f 1177 1179 1180 1178
f 1179 1181 1182 1180
f 1181 1183 1184 1182
f 1183 1185 1186 1184
f 1185 1187 1188 1186
f 1187 1189 1190 1188
f 1189 1191 1192 1190
f 1191 1193 1194 1192
f 1193 1195 1196 1194
f 1195 1197 1198 1196
f 1197 1199 1200 1198
f 1199 1201 1202 1200
f 1201 1203 1204 1202
f 1203 1205 1206 1204
f 1205 1207 1208 1206
f 1207 1209 1210 1208
f 1209 1211 1212 1210
f 1211 1213 1214 1212
f 1213 1215 1216 1214
f 1215 1217 1218 1216
f 1217 1219 1220 1218
f 1219 1221 1222 1220
f 1221 1175 1176 1222
f 1223 1177 1175
f 1223 1179 1177
f 1223 1181 1179
f 1223 1183 1181
f 1223 1185 1183
f 1223 1187 1185
f 1223 1189 1187
f 1223 1191 1189
f 1223 1193 1191
f 1223 1195 1193
f 1223 1197 1195
f 1223 1199 1197
f 1223 1201 1199
f 1223 1203 1201
f 1223 1205 1203
f 1223 1207 1205
f 1223 1209 1207
f 1223 1211 1209
f 1223 1213 1211
f 1223 1215 1213
f 1223 1217 1215
f 1223 1219 1217
f 1223 1221 1219
f 1223 1175 1221
f 1224 1176 1178
f 1224 1178 1180
f 1224 1180 1182
f 1224 1182 1184
f 1224 1184 1186
f 1224 1186 1188
f 1224 1188 1190
f 1224 1190 1192
f 1224 1192 1194
f 1224 1194 1196
f 1224 1196 1198
f 1224 1198 1200
f 1224 1200 1202
f 1224 1202 1204
f 1224 1204 1206
f 1224 1206 1208
f 1224 1208 1210
f 1224 1210 1212
f 1224 1212 1214
f 1224 1214 1216
f 1224 1216 1218
f 1224 1218 1220
f 1224 1220 1222
f 1224 1222 1176
f 1225 1226 1242 1241
f 1226 1227 1243 1242
f 1227 1228 1244 1243
f 1228 1229 1245 1244
f 1229 1230 1246 1245
f 1230 1231 1247 1246
f 1231 1232 1248 1247
f 1232 1233 1249 1248
f 1233 1234 1250 1249
f 1234 1235 1251 1250
f 1235 1236 1252 1251
f 1236 1237 1253 1252
f 1237 1238 1254 1253
f 1238 1239 1255 1254
f 1239 1240 1256 1255
f 1240 1225 1241 1256
f 1241 1242 1258 1257
f 1242 1243 1259 1258
f 1243 1244 1260 1259
f 1244 1245 1261 1260
f 1245 1246 1262 1261
f 1246 1247 1263 1262
f 1247 1248 1264 1263
f 1248 1249 1265 1264
f 1249 1250 1266 1265
f 1250 1251 1267 1266
f 1251 1252 1268 1267
f 1252 1253 1269 1268
f 1253 1254 1270 1269
f 1254 1255 1271 1270
f 1255 1256 1272 1271
f 1256 1241 1257 1272
f 1257 1258 1274 1273
f 1258 1259 1275 1274
f 1259 1260 1276 1275
f 1260 1261 1277 1276
f 1261 1262 1278 1277
f 1262 1263 1279 1278
f 1263 1264 1280 1279
f 1264 1265 1281 1280
f 1265 1266 1282 1281
f 1266 1267 1283 1282
f 1267 1268 1284 1283
f 1268 1269 1285 1284
f 1269 1270 1286 1285
f 1270 1271 1287 1286
f 1271 1272 1288 1287
f 1272 1257 1273 1288
f 1273 1274 1290 1289
f 1274 1275 1291 1290
f 1275 1276 1292 1291
f 1276 1277 1293 1292
f 1277 1278 1294 1293
f 1278 1279 1295 1294
f 1279 1280 1296 1295
f 1280 1281 1297 1296
f 1281 1282 1298 1297
f 1282 1283 1299 1298
f 1283 1284 1300 1299
f 1284 1285 1301 1300
f 1285 1286 1302 1301
f 1286 1287 1303 1302
f 1287 1288 1304 1303
f 1288 1273 1289 1304
f 1289 1290 1306 1305
f 1290 1291 1307 1306
f 1291 1292 1308 1307
f 1292 1293 1309 1308
f 1293 1294 1310 1309
f 1294 1295 1311 1310
f 1295 1296 1312 1311
f 1296 1297 1313 1312
f 1297 1298 1314 1313
f 1298 1299 1315 1314
f 1299 1300 1316 1315
f 1300 1301 1317 1316
f 1301 1302 1318 1317
f 1302 1303 1319 1318
f 1303 1304 1320 1319
f 1304 1289 1305 1320
f 1305 1306 1322 1321
f 1306 1307 1323 1322
f 1307 1308 1324 1323
f 1308 1309 1325 1324
f 1309 1310 1326 1325
f 1310 1311 1327 1326
f 1311 1312 1328 1327
f 1312 1313 1329 1328
f 1313 1314 1330 1329
f 1314 1315 1331 1330
f 1315 1316 1332 1331
f 1316 1317 1333 1332
f 1317 1318 1334 1333
f 1318 1319 1335 1334
f 1319 1320 1336 1335
f 1320 1305 1321 1336
f 1321 1322 1338 1337
f 1322 1323 1339 1338
f 1323 1324 1340 1339
f 1324 1325 1341 1340
f 1325 1326 1342 1341
f 1326 1327 1343 1342
f 1327 1328 1344 1343
f 1328 1329 1345 1344
f 1329 1330 1346 1345
f 1330 1331 1347 1346
f 1331 1332 1348 1347
f 1332 1333 1349 1348
f 1333 1334 1350 1349
f 1334 1335 1351 1350
f 1335 1336 1352 1351
f 1336 1321 1337 1352
f 1337 1338 1354 1353
f 1338 1339 1355 1354
f 1339 1340 1356 1355
f 1340 1341 1357 1356
f 1341 1342 1358 1357
f 1342 1343 1359 1358
f 1343 1344 1360 1359
f 1344 1345 1361 1360
f 1345 1346 1362 1361
f 1346 1347 1363 1362
f 1347 1348 1364 1363
f 1348 1349 1365 1364
f 1349 1350 1366 1365
f 1350 1351 1367 1366
f 1351 1352 1368 1367
f 1352 1337 1353 1368
f 1353 1354 1370 1369
f 1354 1355 1371 1370
f 1355 1356 1372 1371
f 1356 1357 1373 1372
f 1357 1358 1374 1373
f 1358 1359 1375 1374
f 1359 1360 1376 1375
f 1360 1361 1377 1376
f 1361 1362 1378 1377
f 1362 1363 1379 1378
f 1363 1364 1380 1379
f 1364 1365 1381 1380
f 1365 1366 1382 1381
f 1366 1367 1383 1382
f 1367 1368 1384 1383
f 1368 1353 1369 1384
f 1369 1370 1386 1385
f 1370 1371 1387 1386
f 1371 1372 1388 1387
f 1372 1373 1389 1388
f 1373 1374 1390 1389
f 1374 1375 1391 1390
f 1375 1376 1392 1391
f 1376 1377 1393 1392
f 1377 1378 1394 1393
f 1378 1379 1395 1394
f 1379 1380 1396 1395
f 1380 1381 1397 1396
f 1381 1382 1398 1397
f 1382 1383 1399 1398
f 1383 1384 1400 1399
f 1384 1369 1385 1400
f 1385 1386 1402 1401
f 1386 1387 1403 1402
f 1387 1388 1404 1403
f 1388 1389 1405 1404
f 1389 1390 1406 1405
f 1390 1391 1407 1406
f 1391 1392 1408 1407
f 1392 1393 1409 1408
f 1393 1394 1410 1409
f 1394 1395 1411 1410
f 1395 1396 1412 1411
f 1396 1397 1413 1412
f 1397 1398 1414 1413
f 1398 1399 1415 1414
f 1399 1400 1416 1415
f 1400 1385 1401 1416
f 1401 1402 1418 1417
f 1402 1403 1419 1418
f 1403 1404 1420 1419
f 1404 1405 1421 1420
f 1405 1406 1422 1421
f 1406 1407 1423 1422
f 1407 1408 1424 1423
f 1408 1409 1425 1424
f 1409 1410 1426 1425
f 1410 1411 1427 1426
f 1411 1412 1428 1427
f 1412 1413 1429 1428
f 1413 1414 1430 1429
f 1414 1415 1431 1430
f 1415 1416 1432 1431
f 1416 1401 1417 1432
f 1433 1434 1435 1436
f 1437 1440 1439 1438
f 1433 1437 1438 1434
f 1435 1439 1440 1436
f 1433 1436 1440 1437
f 1434 1438 1439 1435
f 1441 1442 1443 1444
f 1445 1448 1447 1446
f 1441 1445 1446 1442
f 1443 1447 1448 1444
f 1441 1444 1448 1445
f 1442 1446 1447 1443
f 1449 1450 1451 1452
f 1453 1455 1456 1454
f 1455 1457 1458 1456
f 1457 1459 1460 1458
f 1459 1461 1462 1460
f 1461 1463 1464 1462
f 1463 1465 1466 1464
f 1465 1467 1468 1466
f 1467 1469 1470 1468
f 1469 1471 1472 1470
f 1471 1473 1474 1472
f 1473 1475 1476 1474
f 1475 1477 1478 1476
f 1477 1479 1480 1478
f 1479 1481 1482 1480
f 1481 1483 1484 1482
f 1483 1485 1486 1484
f 1485 1487 1488 1486
f 1487 1489 1490 1488
f 1489 1491 1492 1490
f 1491 1493 1494 1492
f 1493 1495 1496 1494
f 1495 1497 1498 1496
f 1497 1499 1500 1498
f 1499 1453 1454 1500
f 1501 1455 1453
f 1501 1457 1455
f 1501 1459 1457
f 1501 1461 1459
f 1501 1463 1461
f 1501 1465 1463
f 1501 1467 1465
f 1501 1469 1467
f 1501 1471 1469
f 1501 1473 1471
f 1501 1475 1473
f 1501 1477 1475
f 1501 1479 1477
f 1501 1481 1479
f 1501 1483 1481
f 1501 1485 1483
f 1501 1487 1485
f 1501 1489 1487
f 1501 1491 1489
f 1501 1493 1491
f 1501 1495 1493
f 1501 1497 1495
f 1501 1499 1497
f 1501 1453 1499
f 1502 1454 1456
f 1502 1456 1458
f 1502 1458 1460
f 1502 1460 1462
f 1502 1462 1464
f 1502 1464 1466
f 1502 1466 1468
f 1502 1468 1470
f 1502 1470 1472
f 1502 1472 1474
f 1502 1474 1476
f 1502 1476 1478
f 1502 1478 1480
f 1502 1480 1482
f 1502 1482 1484
f 1502 1484 1486
f 1502 1486 1488
f 1502 1488 1490
f 1502 1490 1492
f 1502 1492 1494
f 1502 1494 1496
f 1502 1496 1498
f 1502 1498 1500
f 1502 1500 1454
f 1503 1505 1506 1504
f 1505 1507 1508 1506
f 1507 1509 1510 1508
f 1509 1511 1512 1510
f 1511 1513 1514 1512
f 1513 1515 1516 1514
f 1515 1517 1518 1516
f 1517 1519 1520 1518
f 1519 1521 1522 1520
f 1521 1523 1524 1522
f 1523 1525 1526 1524
f 1525 1527 1528 1526
f 1527 1529 1530 1528
f 1529 1531 1532 1530
f 1531 1533 1534 1532
f 1533 1535 1536 1534
f 1535 1537 1538 1536
f 1537 1539 1540 1538
f 1539 1541 1542 1540
f 1541 1543 1544 1542
f 1543 1545 1546 1544
f 1545 1547 1548 1546
f 1547 1549 1550 1548
f 1549 1503 1504 1550
f 1551 1505 1503
f 1551 1507 1505
f 1551 1509 1507
f 1551 1511 1509
f 1551 1513 1511
f 1551 1515 1513
f 1551 1517 1515
f 1551 1519 1517
f 1551 1521 1519
f 1551 1523 1521
f 1551 1525 1523
f 1551 1527 1525
f 1551 1529 1527
f 1551 1531 1529
f 1551 1533 1531
f 1551 1535 1533
f 1551 1537 1535
f 1551 1539 1537
f 1551 1541 1539
f 1551 1543 1541
f 1551 1545 1543
f 1551 1547 1545
f 1551 1549 1547
f 1551 1503 1549
f 1552 1504 1506
f 1552 1506 1508
f 1552 1508 1510
f 1552 1510 1512
f 1552 1512 1514
f 1552 1514 1516
f 1552 1516 1518
f 1552 1518 1520
f 1552 1520 1522
f 1552 1522 1524
f 1552 1524 1526
f 1552 1526 1528
f 1552 1528 1530
f 1552 1530 1532
f 1552 1532 1534
f 1552 1534 1536
f 1552 1536 1538
f 1552 1538 1540
f 1552 1540 1542
f 1552 1542 1544
f 1552 1544 1546
f 1552 1546 1548
f 1552 1548 1550
f 1552 1550 1504
f 1553 1554 1555 1556
f 1557 1558 1559 1560
f 1561 1564 1563 1562
f 1557 1561 1562 1558
f 1559 1563 1564 1560
f 1557 1560 1564 1561
f 1558 1562 1563 1559
f 1586 1596 1574
f 1606 1572 1573
f 1569 1565 1625
f 1626 1625 1570
f 1624 1568 1571
f 1619 1586 1574
f 1572 1567 1573
f 1625 1565 1570
f 1624 1573 1568
f 1573 1567 1568
f 1615 1630 1610
f 1606 1571 1572
f 1566 1569 1579
f 1569 1625 1579
f 1618 1596 1595
f 1617 1635 1630
f 1610 1571 1587
f 1606 1584 1620
f 1614 1595 1574
f 1574 1596 1578
f 1616 1579 1596
f 1610 1624 1571
f 1582 1581 1623
f 1629 1579 1581
f 1583 1576 1608
f 1627 1608 1624
f 1595 1580 1621
f 1602 1580 1581
f 1600 1601 1576
f 1608 1601 1609
f 1615 1617 1630
f 1606 1577 1584
f 1614 1618 1595
f 1578 1585 1574
f 1591 1566 1616
f 1566 1579 1616
f 1613 1584 1610
f 1584 1613 1620
f 1603 1637 1628
f 1570 1591 1626
f 1591 1570 1566
f 1571 1592 1587
f 1606 1592 1571
f 1611 1637 1603
f 1636 1590 1622
f 1590 1636 1632
f 1598 1623 1595
f 1610 1630 1576
f 1604 1629 1581
f 1596 1634 1595
f 1593 1611 1639
f 1597 1640 1589
f 1602 1621 1580
f 1598 1641 1623
f 1628 1622 1631
f 1600 1609 1601
f 1583 1633 1576
f 1610 1627 1624
f 1575 1601 1608
f 1582 1602 1581
f 1590 1631 1622
f 1580 1604 1581
f 1605 1642 1593
f 1589 1605 1597
f 1619 1574 1626
f 1577 1606 1635
f 1632 1636 1640
f 1624 1608 1581
f 1623 1581 1608
f 1609 1583 1608
f 1601 1610 1576
f 1611 1597 1639
f 1611 1593 1637
f 1613 1610 1587
f 1585 1614 1574
f 1584 1615 1610
f 1586 1616 1596
f 1635 1617 1577
f 1618 1578 1596
f 1626 1591 1619
f 1606 1620 1592
f 1621 1598 1595
f 1638 1636 1622
f 1588 1622 1628
f 1608 1576 1623
f 1595 1623 1576
f 1581 1579 1624
f 1573 1624 1579
f 1606 1573 1625
f 1579 1625 1573
f 1635 1606 1626
f 1625 1626 1606
f 1627 1575 1608
f 1599 1628 1637
f 1588 1628 1599
f 1629 1596 1579
f 1576 1630 1595
f 1574 1595 1630
f 1628 1631 1603
f 1632 1640 1597
f 1633 1600 1576
f 1634 1580 1595
f 1630 1635 1574
f 1626 1574 1635
f 1636 1638 1594
f 1636 1594 1640
f 1612 1637 1593
f 1637 1612 1599
f 1622 1588 1638
f 1605 1639 1597
f 1593 1639 1605
f 1607 1589 1640
f 1640 1594 1607
f 1641 1582 1623
f 1642 1605 1589
f 1643 1644 1660 1659
f 1644 1645 1661 1660
f 1645 1646 1662 1661
f 1646 1647 1663 1662
f 1647 1648 1664 1663
f 1648 1649 1665 1664
f 1649 1650 1666 1665
f 1650 1651 1667 1666
f 1651 1652 1668 1667
f 1652 1653 1669 1668
f 1653 1654 1670 1669
f 1654 1655 1671 1670
f 1655 1656 1672 1671
f 1656 1657 1673 1672
f 1657 1658 1674 1673
f 1658 1643 1659 1674
f 1659 1660 1676 1675
f 1660 1661 1677 1676
f 1661 1662 1678 1677
f 1662 1663 1679 1678
f 1663 1664 1680 1679
f 1664 1665 1681 1680
f 1665 1666 1682 1681
f 1666 1667 1683 1682
f 1667 1668 1684 1683
f 1668 1669 1685 1684
f 1669 1670 1686 1685
f 1670 1671 1687 1686
f 1671 1672 1688 1687
f 1672 1673 1689 1688
f 1673 1674 1690 1689
f 1674 1659 1675 1690
f 1675 1676 1692 1691
f 1676 1677 1693 1692
f 1677 1678 1694 1693
f 1678 1679 1695 1694
f 1679 1680 1696 1695
f 1680 1681 1697 1696
f 1681 1682 1698 1697
f 1682 1683 1699 1698
f 1683 1684 1700 1699
f 1684 1685 1701 1700
f 1685 1686 1702 1701
f 1686 1687 1703 1702
f 1687 1688 1704 1703
f 1688 1689 1705 1704
f 1689 1690 1706 1705
f 1690 1675 1691 1706
f 1691 1692 1708 1707
f 1692 1693 1709 1708
f 1693 1694 1710 1709
f 1694 1695 1711 1710
f 1695 1696 1712 1711
f 1696 1697 1713 1712
f 1697 1698 1714 1713
f 1698 1699 1715 1714
f 1699 1700 1716 1715
f 1700 1701 1717 1716
f 1701 1702 1718 1717
f 1702 1703 1719 1718
f 1703 1704 1720 1719
f 1704 1705 1721 1720
f 1705 1706 1722 1721
f 1706 1691 1707 1722
f 1707 1708 1724 1723
f 1708 1709 1725 1724
f 1709 1710 1726 1725
f 1710 1711 1727 1726
f 1711 1712 1728 1727
f 1712 1713 1729 1728
f 1713 1714 1730 1729
f 1714 1715 1731 1730
f 1715 1716 1732 1731
f 1716 1717 1733 1732
f 1717 1718 1734 1733
f 1718 1719 1735 1734
f 1719 1720 1736 1735
f 1720 1721 1737 1736
f 1721 1722 1738 1737
f 1722 1707 1723 1738
f 1723 1724 1740 1739
f 1724 1725 1741 1740
f 1725 1726 1742 1741
f 1726 1727 1743 1742
f 1727 1728 1744 1743
f 1728 1729 1745 1744
f 1729 1730 1746 1745
f 1730 1731 1747 1746
f 1731 1732 1748 1747
f 1732 1733 1749 1748
f 1733 1734 1750 1749
f 1734 1735 1751 1750
f 1735 1736 1752 1751
f 1736 1737 1753 1752
f 1737 1738 1754 1753
f 1738 1723 1739 1754
f 1739 1740 1756 1755
f 1740 1741 1757 1756
f 1741 1742 1758 1757
f 1742 1743 1759 1758
f 1743 1744 1760 1759
f 1744 1745 1761 1760
f 1745 1746 1762 1761
f 1746 1747 1763 1762
f 1747 1748 1764 1763
f 1748 1749 1765 1764
f 1749 1750 1766 1765
f 1750 1751 1767 1766
f 1751 1752 1768 1767
f 1752 1753 1769 1768
f 1753 1754 1770 1769
f 1754 1739 1755 1770
f 1755 1756 1772 1771
f 1756 1757 1773 1772
f 1757 1758 1774 1773
f 1758 1759 1775 1774
f 1759 1760 1776 1775
f 1760 1761 1777 1776
f 1761 1762 1778 1777
f 1762 1763 1779 1778
f 1763 1764 1780 1779
f 1764 1765 1781 1780
f 1765 1766 1782 1781
f 1766 1767 1783 1782
f 1767 1768 1784 1783
f 1768 1769 1785 1784
f 1769 1770 1786 1785
f 1770 1755 1771 1786
f 1771 1772 1788 1787
f 1772 1773 1789 1788
f 1773 1774 1790 1789
f 1774 1775 1791 1790
f 1775 1776 1792 1791
f 1776 1777 1793 1792
f 1777 1778 1794 1793
f 1778 1779 1795 1794
f 1779 1780 1796 1795
f 1780 1781 1797 1796
f 1781 1782 1798 1797
f 1782 1783 1799 1798
f 1783 1784 1800 1799
f 1784 1785 1801 1800
f 1785 1786 1802 1801
f 1786 1771 1787 1802
f 1787 1788 1804 1803
f 1788 1789 1805 1804
f 1789 1790 1806 1805
f 1790 1791 1807 1806
f 1791 1792 1808 1807
f 1792 1793 1809 1808
f 1793 1794 1810 1809
f 1794 1795 1811 1810
f 1795 1796 1812 1811
f 1796 1797 1813 1812
f 1797 1798 1814 1813
f 1798 1799 1815 1814
f 1799 1800 1816 1815
f 1800 1801 1817 1816
f 1801 1802 1818 1817
f 1802 1787 1803 1818
f 1803 1804 1820 1819
f 1804 1805 1821 1820
f 1805 1806 1822 1821
f 1806 1807 1823 1822
f 1807 1808 1824 1823
f 1808 1809 1825 1824
f 1809 1810 1826 1825
f 1810 1811 1827 1826
f 1811 1812 1828 1827
f 1812 1813 1829 1828
f 1813 1814 1830 1829
f 1814 1815 1831 1830
f 1815 1816 1832 1831
f 1816 1817 1833 1832
f 1817 1818 1834 1833
f 1818 1803 1819 1834
f 1819 1820 1836 1835
f 1820 1821 1837 1836
f 1821 1822 1838 1837
f 1822 1823 1839 1838
f 1823 1824 1840 1839
f 1824 1825 1841 1840
f 1825 1826 1842 1841
f 1826 1827 1843 1842
f 1827 1828 1844 1843
f 1828 1829 1845 1844
f 1829 1830 1846 1845
f 1830 1831 1847 1846
f 1831 1832 1848 1847
f 1832 1833 1849 1848
f 1833 1834 1850 1849
f 1834 1819 1835 1850
f 1851 1853 1854 1852
f 1853 1855 1856 1854
f 1855 1857 1858 1856
f 1857 1859 1860 1858
f 1859 1861 1862 1860
f 1861 1863 1864 1862
f 1863 1865 1866 1864
f 1865 1867 1868 1866
f 1867 1869 1870 1868
f 1869 1871 1872 1870
f 1871 1873 1874 1872
f 1873 1875 1876 1874
f 1875 1877 1878 1876
f 1877 1879 1880 1878
f 1879 1881 1882 1880
f 1881 1883 1884 1882
f 1883 1885 1886 1884
f 1885 1887 1888 1886
f 1887 1889 1890 1888
f 1889 1891 1892 1890
f 1891 1893 1894 1892
f 1893 1895 1896 1894
f 1895 1897 1898 1896
f 1897 1851 1852 1898
f 1899 1853 1851
f 1899 1855 1853
f 1899 1857 1855
f 1899 1859 1857
f 1899 1861 1859
f 1899 1863 1861
f 1899 1865 1863
f 1899 1867 1865
f 1899 1869 1867
f 1899 1871 1869
f 1899 1873 1871
f 1899 1875 1873
f 1899 1877 1875
f 1899 1879 1877
f 1899 1881 1879
f 1899 1883 1881
f 1899 1885 1883
f 1899 1887 1885
f 1899 1889 1887
f 1899 1891 1889
f 1899 1893 1891
f 1899 1895 1893
f 1899 1897 1895
f 1899 1851 1897
f 1900 1852 1854
f 1900 1854 1856
f 1900 1856 1858
f 1900 1858 1860
f 1900 1860 1862
f 1900 1862 1864
f 1900 1864 1866
f 1900 1866 1868
f 1900 1868 1870
f 1900 1870 1872
f 1900 1872 1874
f 1900 1874 1876
f 1900 1876 1878
f 1900 1878 1880
f 1900 1880 1882
f 1900 1882 1884
f 1900 1884 1886
f 1900 1886 1888
f 1900 1888 1890
f 1900 1890 1892
f 1900 1892 1894
f 1900 1894 1896
f 1900 1896 1898
f 1900 1898 1852
f 1917 1916 1915
f 1915 1914 1913
f 1913 1912 1911
f 1915 1913 1911
f 1911 1910 1909
f 1909 1908 1907
f 1911 1909 1907
f 1907 1906 1905
f 1905 1904 1903
f 1907 1905 1903
f 1911 1907 1903
f 1915 1911 1903
f 1903 1902 1901
f 1915 1903 1901
f 1917 1915 1901
f 1918 1917 1901
f 1901 1902 1920
f 1920 1919 1901
f 1902 1903 1921
f 1921 1920 1902
f 1903 1904 1922
f 1922 1921 1903
f 1904 1905 1923
f 1923 1922 1904
f 1905 1906 1924
f 1924 1923 1905
f 1906 1907 1925
f 1925 1924 1906
f 1907 1908 1926
f 1926 1925 1907
f 1908 1909 1927
f 1927 1926 1908
f 1909 1910 1928
f 1928 1927 1909
f 1910 1911 1929
f 1929 1928 1910
f 1911 1912 1930
f 1930 1929 1911
f 1912 1913 1931
f 1931 1930 1912
f 1913 1914 1932
f 1932 1931 1913
f 1914 1915 1933
f 1933 1932 1914
f 1915 1916 1934
f 1934 1933 1915
f 1916 1917 1935
f 1935 1934 1916
f 1917 1918 1936
f 1936 1935 1917
f 1918 1901 1919
f 1919 1936 1918
f 1919 1920 1938
f 1938 1937 1919
f 1920 1921 1939
f 1939 1938 1920
f 1921 1922 1940
f 1940 1939 1921
f 1922 1923 1941
f 1941 1940 1922
f 1923 1924 1942
f 1942 1941 1923
f 1924 1925 1943
f 1943 1942 1924
f 1925 1926 1944
f 1944 1943 1925
f 1926 1927 1945
f 1945 1944 1926
f 1927 1928 1946
f 1946 1945 1927
f 1928 1929 1947
f 1947 1946 1928
f 1929 1930 1948
f 1948 1947 1929
f 1930 1931 1949
f 1949 1948 1930
f 1931 1932 1950
f 1950 1949 1931
f 1932 1933 1951
f 1951 1950 1932
f 1933 1934 1952
f 1952 1951 1933
f 1934 1935 1953
f 1953 1952 1934
f 1935 1936 1954
f 1954 1953 1935
f 1936 1919 1937
f 1937 1954 1936
f 1937 1938 1956
f 1956 1955 1937
f 1938 1939 1957
f 1957 1956 1938
f 1939 1940 1958
f 1958 1957 1939
f 1940 1941 1959
f 1959 1958 1940
f 1941 1942 1960
f 1960 1959 1941
f 1942 1943 1961
f 1961 1960 1942
f 1943 1944 1962
f 1962 1961 1943
f 1944 1945 1963
f 1963 1962 1944
f 1945 1946 1964
f 1964 1963 1945
f 1946 1947 1965
f 1965 1964 1946
f 1947 1948 1966
f 1966 1965 1947
f 1948 1949 1967
f 1967 1966 1948
f 1949 1950 1968
f 1968 1967 1949
f 1950 1951 1969
f 1969 1968 1950
f 1951 1952 1970
f 1970 1969 1951
f 1952 1953 1971
f 1971 1970 1952
f 1953 1954 1972
f 1972 1971 1953
f 1954 1937 1955
f 1955 1972 1954
f 1955 1956 1974
f 1974 1973 1955
f 1956 1957 1975
f 1975 1974 1956
f 1957 1958 1976
f 1976 1975 1957
f 1958 1959 1977
f 1977 1976 1958
f 1959 1960 1978
f 1978 1977 1959
f 1960 1961 1979
f 1979 1978 1960
f 1961 1962 1980
f 1980 1979 1961
f 1962 1963 1981
f 1981 1980 1962
f 1963 1964 1982
f 1982 1981 1963
f 1964 1965 1983
f 1983 1982 1964
f 1965 1966 1984
f 1984 1983 1965
f 1966 1967 1985
f 1985 1984 1966
f 1967 1968 1986
f 1986 1985 1967
f 1968 1969 1987
f 1987 1986 1968
f 1969 1970 1988
f 1988 1987 1969
f 1970 1971 1989
f 1989 1988 1970
f 1971 1972 1990
f 1990 1989 1971
f 1972 1955 1973
f 1973 1990 1972
f 1973 1974 1992
f 1992 1991 1973
f 1974 1975 1993
f 1993 1992 1974
f 1975 1976 1994
f 1994 1993 1975
f 1976 1977 1995
f 1995 1994 1976
f 1977 1978 1996
f 1996 1995 1977
f 1978 1979 1997
f 1997 1996 1978
f 1979 1980 1998
f 1998 1997 1979
f 1980 1981 1999
f 1999 1998 1980
f 1981 1982 2000
f 2000 1999 1981
f 1982 1983 2001
f 2001 2000 1982
f 1983 1984 2002
f 2002 2001 1983
f 1984 1985 2003
f 2003 2002 1984
f 1985 1986 2004
f 2004 2003 1985
f 1986 1987 2005
f 2005 2004 1986
f 1987 1988 2006
f 2006 2005 1987
f 1988 1989 2007
f 2007 2006 1988
f 1989 1990 2008
f 2008 2007 1989
f 1990 1973 1991
f 1991 2008 1990
f 1991 1992 1993
f 1993 1994 1995
f 1995 1996 1997
f 1993 1995 1997
f 1997 1998 1999
f 1999 2000 2001
f 1997 1999 2001
f 2001 2002 2003
f 2003 2004 2005
f 2001 2003 2005
f 1997 2001 2005
f 1993 1997 2005
f 2005 2006 2007
f 1993 2005 2007
f 1991 1993 2007
f 2008 1991 2007
f 2012 2010 2009
f 2009 2011 2012
f 2016 2015 2013
f 2013 2014 2016
f 2014 2013 2009
f 2009 2010 2014
f 2016 2014 2010
f 2010 2012 2016
f 2015 2016 2012
f 2012 2011 2015
f 2013 2015 2011
f 2011 2009 2013
f 2020 2018 2017
f 2017 2019 2020
f 2024 2023 2021
f 2021 2022 2024
f 2022 2021 2017
f 2017 2018 2022
f 2024 2022 2018
f 2018 2020 2024
f 2023 2024 2020
f 2020 2019 2023
f 2021 2023 2019
f 2019 2017 2021
f 2025 2026 2030
f 2030 2029 2025
f 2026 2027 2031
f 2031 2030 2026
f 2027 2028 2032
f 2032 2031 2027
f 2028 2025 2029
f 2029 2032 2028
f 2035 2034 2033
f 2033 2036 2035
f 2036 2033 2039
f 2039 2040 2036
f 2037 2038 2040
f 2040 2039 2037
f 2038 2037 2034
f 2034 2035 2038
f 2031 2038 2035
f 2035 2030 2031
f 2030 2035 2036
f 2036 2029 2030
f 2033 2034 2026
f 2026 2025 2033
f 2034 2037 2027
f 2027 2026 2034
f 2043 2042 2041
f 2041 2044 2043
f 2044 2041 2045
f 2045 2046 2044
f 2047 2048 2046
f 2046 2045 2047
f 2048 2047 2042
f 2042 2043 2048
f 2031 2045 2041
f 2041 2038 2031
f 2040 2038 2041
f 2041 2042 2040
f 2044 2037 2039
f 2039 2043 2044
f 2044 2046 2027
f 2027 2037 2044
f 2032 2029 2036
f 2032 2036 2040
f 2032 2040 2042
f 2032 2042 2047
f 2031 2032 2053
f 2031 2053 2049
f 2045 2031 2049
f 2047 2045 2049
f 2047 2049 2050
f 2032 2047 2050
f 2032 2050 2055
f 2032 2055 2053
f 2033 2025 2028
f 2056 2051 2028
f 2054 2056 2028
f 2054 2028 2027
f 2052 2054 2027
f 2052 2027 2046
f 2052 2046 2048
f 2051 2052 2048
f 2028 2051 2048
f 2028 2048 2043
f 2028 2043 2039
f 2033 2028 2039
f 2051 2050 2049
f 2049 2052 2051
f 2052 2049 2053
f 2053 2054 2052
f 2055 2056 2054
f 2054 2053 2055
f 2056 2055 2050
f 2050 2051 2056
f 2059 2064 2061
f 2063 2066 2062
f 2066 2067 2068
f 2068 2077 2070
f 2061 2069 2059
f 2070 2074 2075
f 2072 2057 2067
f 2057 2062 2061
f 2067 2078 2072
f 2066 2063 2067
f 2064 2066 2068
f 2071 2060 2065
f 2065 2061 2064
f 2070 2061 2065
f 2073 2059 2069
f 2064 2059 2066
f 2058 2076 2057
f 2067 2058 2068
f 2060 2075 2074
f 2064 2068 2060
f 2062 2069 2061
f 2069 2062 2066
f 2070 2057 2061
f 2057 2070 2077
f 2071 2064 2060
f 2064 2071 2065
f 2057 2072 2062
f 2062 2072 2063
f 2066 2073 2069
f 2059 2073 2066
f 2074 2070 2065
f 2065 2060 2074
f 2075 2068 2070
f 2068 2075 2060
f 2076 2067 2057
f 2067 2076 2058
f 2077 2058 2057
f 2058 2077 2068
f 2078 2063 2072
f 2063 2078 2067
f 2081 2086 2083
f 2085 2088 2084
f 2088 2089 2090
f 2090 2099 2092
f 2083 2091 2081
f 2092 2096 2097
f 2094 2079 2089
f 2079 2084 2083
f 2089 2100 2094
f 2088 2085 2089
f 2086 2088 2090
f 2093 2082 2087
f 2087 2083 2086
f 2092 2083 2087
f 2095 2081 2091
f 2086 2081 2088
f 2080 2098 2079
f 2089 2080 2090
f 2082 2097 2096
f 2086 2090 2082
f 2084 2091 2083
f 2091 2084 2088
f 2092 2079 2083
f 2079 2092 2099
f 2093 2086 2082
f 2086 2093 2087
f 2079 2094 2084
f 2084 2094 2085
f 2088 2095 2091
f 2081 2095 2088
f 2096 2092 2087
f 2087 2082 2096
f 2097 2090 2092
f 2090 2097 2082
f 2098 2089 2079
f 2089 2098 2080
f 2099 2080 2079
f 2080 2099 2090
f 2100 2085 2094
f 2085 2100 2089
f 2103 2108 2105
f 2107 2110 2106
f 2110 2111 2112
f 2112 2121 2114
f 2105 2113 2103
f 2114 2118 2119
f 2116 2101 2111
f 2101 2106 2105
f 2111 2122 2116
f 2110 2107 2111
f 2108 2110 2112
f 2115 2104 2109
f 2109 2105 2108
f 2114 2105 2109
f 2117 2103 2113
f 2108 2103 2110
f 2102 2120 2101
f 2111 2102 2112
f 2104 2119 2118
f 2108 2112 2104
f 2106 2113 2105
f 2113 2106 2110
f 2114 2101 2105
f 2101 2114 2121
f 2115 2108 2104
f 2108 2115 2109
f 2101 2116 2106
f 2106 2116 2107
f 2110 2117 2113
f 2103 2117 2110
f 2118 2114 2109
f 2109 2104 2118
f 2119 2112 2114
f 2112 2119 2104
f 2120 2111 2101
f 2111 2120 2102
f 2121 2102 2101
f 2102 2121 2112
f 2122 2107 2116
f 2107 2122 2111
f 2125 2130 2127
f 2129 2132 2128
f 2132 2133 2134
f 2134 2143 2136
f 2127 2135 2125
f 2136 2140 2141
f 2138 2123 2133
f 2123 2128 2127
f 2133 2144 2138
f 2132 2129 2133
f 2130 2132 2134
f 2137 2126 2131
f 2131 2127 2130
f 2136 2127 2131
f 2139 2125 2135
f 2130 2125 2132
f 2124 2142 2123
f 2133 2124 2134
f 2126 2141 2140
f 2130 2134 2126
f 2128 2135 2127
f 2135 2128 2132
f 2136 2123 2127
f 2123 2136 2143
f 2137 2130 2126
f 2130 2137 2131
f 2123 2138 2128
f 2128 2138 2129
f 2132 2139 2135
f 2125 2139 2132
f 2140 2136 2131
f 2131 2126 2140
f 2141 2134 2136
f 2134 2141 2126
f 2142 2133 2123
f 2133 2142 2124
f 2143 2124 2123
f 2124 2143 2134
f 2144 2129 2138
f 2129 2144 2133
f 2181 2177 2175
f 2152 2207 2156
f 2181 2208 2177
f 2207 2154 2185
f 2172 2176 2206
f 2203 2149 2151
f 2149 2184 2190
f 2168 2162 2176
f 2173 2194 2182
f 2161 2159 2163
f 2190 2191 2149
f 2166 2168 2176
f 2179 2197 2172
f 2202 2151 2165
f 2182 2176 2162
f 2184 2149 2159
f 2155 2189 2175
f 2152 2170 2178
f 2174 2153 2156
f 2174 2149 2153
f 2160 2146 2180
f 2180 2176 2160
f 2172 2206 2167
f 2151 2195 2203
f 2173 2201 2150
f 2163 2145 2161
f 2178 2186 2152
f 2175 2169 2155
f 2181 2146 2208
f 2181 2180 2146
f 2174 2156 2185
f 2156 2207 2185
f 2163 2188 2145
f 2173 2198 2187
f 2169 2175 2200
f 2169 2200 2187
f 2186 2193 2152
f 2199 2193 2186
f 2170 2159 2178
f 2155 2182 2189
f 2162 2147 2182
f 2192 2184 2159
f 2176 2172 2160
f 2174 2151 2149
f 2155 2173 2182
f 2161 2178 2159
f 2175 2162 2168
f 2190 2184 2152
f 2173 2150 2194
f 2163 2204 2188
f 2176 2196 2206
f 2203 2164 2149
f 2165 2185 2154
f 2179 2146 2197
f 2176 2180 2166
f 2191 2153 2149
f 2167 2205 2172
f 2202 2195 2151
f 2181 2175 2168
f 2190 2152 2156
f 2199 2186 2145
f 2198 2169 2187
f 2189 2182 2147
f 2170 2192 2159
f 2193 2199 2187
f 2150 2201 2188
f 2174 2172 2151
f 2172 2165 2151
f 2161 2173 2155
f 2173 2161 2145
f 2174 2146 2160
f 2174 2160 2172
f 2175 2170 2152
f 2175 2152 2184
f 2196 2176 2149
f 2159 2149 2176
f 2187 2200 2193
f 2177 2208 2207
f 2169 2178 2155
f 2161 2155 2178
f 2205 2167 2202
f 2154 2207 2208
f 2191 2180 2153
f 2153 2180 2181
f 2156 2153 2181
f 2156 2181 2168
f 2176 2182 2159
f 2163 2159 2182
f 2167 2206 2203
f 2164 2148 2183
f 2192 2162 2184
f 2184 2162 2175
f 2146 2185 2165
f 2174 2185 2146
f 2169 2145 2186
f 2169 2186 2178
f 2187 2171 2173
f 2171 2187 2199
f 2145 2188 2157
f 2157 2188 2201
f 2170 2189 2147
f 2175 2189 2170
f 2168 2190 2156
f 2191 2190 2168
f 2191 2168 2166
f 2191 2166 2180
f 2170 2147 2192
f 2192 2147 2162
f 2152 2193 2158
f 2158 2193 2200
f 2182 2194 2163
f 2204 2163 2194
f 2195 2202 2167
f 2203 2195 2167
f 2149 2164 2196
f 2183 2196 2164
f 2146 2165 2197
f 2172 2197 2165
f 2145 2198 2173
f 2169 2198 2145
f 2145 2157 2199
f 2199 2157 2171
f 2175 2177 2200
f 2200 2177 2158
f 2173 2171 2201
f 2201 2171 2157
f 2165 2154 2202
f 2202 2154 2179
f 2203 2148 2164
f 2148 2203 2206
f 2194 2150 2204
f 2188 2204 2150
f 2179 2172 2205
f 2179 2205 2202
f 2196 2183 2206
f 2206 2183 2148
f 2152 2158 2207
f 2207 2158 2177
f 2146 2179 2208
f 2208 2179 2154
f 2221 2209 2238
f 2209 2216 2238
f 2231 2222 2221
f 2221 2210 2217
f 2213 2211 2268
f 2214 2212 2265
f 2215 2213 2268
f 2210 2221 2222
f 2221 2217 2209
f 2261 2223 2229
f 2265 2250 2224
f 2211 2273 2268
f 2211 2214 2273
f 2261 2229 2259
f 2228 2215 2268
f 2266 2224 2250
f 2264 2249 2219
f 2216 2222 2238
f 2216 2210 2222
f 2243 2224 2266
f 2220 2221 2266
f 2239 2224 2249
f 2279 2219 2224
f 2246 2265 2212
f 2230 2252 2212
f 2233 2236 2244
f 2260 2266 2269
f 2253 2223 2250
f 2252 2246 2212
f 2245 2223 2232
f 2228 2268 2235
f 2281 2252 2230
f 2250 2276 2253
f 2212 2215 2230
f 2228 2230 2215
f 2221 2236 2258
f 2263 2261 2259
f 2263 2262 2261
f 2233 2274 2222
f 2231 2233 2222
f 2240 2252 2267
f 2278 2255 2288
f 2233 2244 2274
f 2235 2262 2263
f 2221 2220 2236
f 2220 2244 2236
f 2267 2252 2281
f 2214 2265 2273
f 2221 2238 2219
f 2286 2251 2224
f 2291 2264 2219
f 2234 2271 2240
f 2276 2289 2253
f 2241 2276 2247
f 2283 2253 2289
f 2272 2256 2242
f 2249 2270 2219
f 2221 2284 2266
f 2269 2257 2260
f 2269 2274 2244
f 2262 2235 2245
f 2232 2226 2245
f 2265 2280 2254
f 2227 2246 2252
f 2234 2282 2271
f 2248 2229 2285
f 2277 2248 2237
f 2243 2249 2224
f 2254 2250 2265
f 2227 2252 2250
f 2279 2224 2251
f 2252 2225 2250
f 2282 2225 2252
f 2283 2256 2253
f 2253 2229 2223
f 2290 2227 2250
f 2255 2241 2287
f 2287 2275 2255
f 2229 2256 2285
f 2229 2253 2256
f 2244 2257 2269
f 2221 2258 2231
f 2229 2230 2259
f 2266 2260 2220
f 2261 2232 2223
f 2245 2226 2262
f 2263 2228 2235
f 2264 2239 2249
f 2273 2265 2219
f 2224 2219 2265
f 2250 2223 2266
f 2269 2266 2223
f 2248 2277 2267
f 2267 2281 2248
f 2235 2268 2222
f 2238 2222 2268
f 2223 2245 2269
f 2274 2269 2245
f 2270 2221 2219
f 2271 2282 2252
f 2252 2240 2271
f 2256 2272 2237
f 2268 2273 2238
f 2219 2238 2273
f 2245 2235 2274
f 2222 2274 2235
f 2282 2234 2275
f 2276 2225 2247
f 2225 2276 2250
f 2277 2240 2267
f 2276 2241 2289
f 2241 2255 2278
f 2279 2218 2219
f 2246 2280 2265
f 2281 2229 2248
f 2281 2230 2229
f 2225 2282 2247
f 2275 2247 2282
f 2289 2288 2283
f 2256 2283 2242
f 2284 2243 2266
f 2237 2285 2256
f 2285 2237 2248
f 2239 2286 2224
f 2241 2247 2287
f 2275 2287 2247
f 2288 2242 2283
f 2241 2278 2289
f 2288 2289 2278
f 2254 2290 2250
f 2218 2291 2219
f 2375 2351 2424
f 2322 2294 2317
f 2383 2331 2310
f 2323 2348 2422
f 2335 2317 2331
f 2348 2375 2295
f 2333 2296 2313
f 2320 2373 2307
f 2315 2340 2353
f 2330 2316 2337
f 2416 2415 2324
f 2382 2390 2350
f 2319 2342 2296
f 2417 2419 2373
f 2420 2389 2294
f 2336 2388 2323
f 2421 2395 2331
f 2348 2368 2345
f 2373 2340 2307
f 2329 2306 2340
f 2357 2374 2316
f 2296 2333 2316
f 2331 2337 2310
f 2367 2349 2337
f 2348 2323 2315
f 2309 2293 2315
f 2324 2358 2326
f 2358 2373 2334
f 2357 2306 2329
f 2358 2292 2296
f 2357 2316 2330
f 2330 2350 2292
f 2429 2302 2358
f 2311 2292 2350
f 2322 2344 2294
f 2375 2424 2346
f 2372 2347 2292
f 2296 2292 2347
f 2430 2396 2323
f 2343 2383 2310
f 2358 2324 2353
f 2306 2353 2340
f 2316 2333 2307
f 2307 2324 2318
f 2392 2425 2397
f 2318 2359 2307
f 2317 2375 2348
f 2349 2352 2337
f 2301 2351 2375
f 2315 2301 2309
f 2303 2351 2323
f 2307 2323 2351
f 2382 2350 2333
f 2389 2310 2294
f 2403 2326 2358
f 2347 2372 2338
f 2371 2346 2424
f 2368 2361 2408
f 2297 2407 2385
f 2411 2308 2333
f 2383 2343 2363
f 2421 2379 2361
f 2315 2332 2327
f 2337 2355 2366
f 2355 2337 2316
f 2315 2327 2340
f 2317 2294 2352
f 2352 2349 2317
f 2393 2436 2409
f 2400 2382 2360
f 2369 2419 2417
f 2401 2304 2347
f 2356 2320 2377
f 2307 2377 2320
f 2389 2426 2365
f 2343 2378 2363
f 2432 2394 2317
f 2362 2346 2431
f 2323 2307 2333
f 2315 2323 2310
f 2324 2350 2330
f 2294 2351 2301
f 2383 2363 2376
f 2323 2422 2325
f 2339 2415 2416
f 2372 2364 2338
f 2316 2299 2355
f 2327 2380 2340
f 2370 2344 2322
f 2328 2388 2336
f 2296 2373 2358
f 2329 2374 2357
f 2301 2352 2294
f 2330 2353 2324
f 2348 2331 2317
f 2331 2367 2337
f 2366 2300 2337
f 2315 2381 2332
f 2294 2310 2333
f 2333 2310 2323
f 2304 2384 2404
f 2387 2302 2429
f 2412 2398 2361
f 2312 2394 2432
f 2402 2391 2321
f 2396 2430 2298
f 2381 2315 2337
f 2310 2337 2315
f 2403 2386 2364
f 2433 2302 2387
f 2400 2390 2382
f 2311 2339 2410
f 2307 2340 2316
f 2299 2316 2340
f 2393 2409 2382
f 2308 2411 2434
f 2342 2392 2423
f 2342 2313 2296
f 2343 2406 2391
f 2406 2343 2310
f 2420 2399 2328
f 2328 2389 2420
f 2305 2376 2379
f 2348 2345 2314
f 2362 2405 2346
f 2375 2346 2295
f 2404 2413 2304
f 2413 2319 2296
f 2293 2348 2315
f 2331 2348 2293
f 2375 2317 2349
f 2309 2349 2367
f 2333 2350 2294
f 2294 2350 2324
f 2351 2324 2307
f 2324 2351 2294
f 2337 2352 2330
f 2353 2330 2352
f 2315 2353 2301
f 2352 2301 2353
f 2334 2384 2304
f 2354 2334 2373
f 2380 2327 2355
f 2366 2355 2327
f 2411 2414 2407
f 2423 2313 2342
f 2292 2357 2330
f 2306 2357 2292
f 2353 2306 2358
f 2292 2358 2306
f 2341 2428 2436
f 2359 2297 2307
f 2359 2318 2409
f 2415 2400 2360
f 2361 2395 2421
f 2335 2361 2398
f 2418 2405 2362
f 2394 2312 2435
f 2427 2325 2422
f 2325 2427 2378
f 2326 2410 2339
f 2364 2326 2403
f 2402 2396 2298
f 2336 2365 2426
f 2327 2332 2366
f 2300 2366 2332
f 2367 2293 2309
f 2293 2367 2331
f 2405 2398 2412
f 2348 2295 2368
f 2397 2342 2319
f 2404 2384 2369
f 2388 2328 2399
f 2424 2370 2371
f 2431 2394 2435
f 2322 2371 2370
f 2364 2372 2311
f 2311 2372 2292
f 2373 2329 2340
f 2374 2329 2373
f 2374 2296 2316
f 2373 2296 2374
f 2375 2309 2301
f 2349 2309 2375
f 2422 2376 2427
f 2314 2379 2376
f 2385 2377 2297
f 2297 2377 2307
f 2378 2343 2391
f 2378 2298 2430
f 2408 2361 2379
f 2379 2314 2345
f 2355 2299 2380
f 2340 2380 2299
f 2332 2381 2300
f 2337 2300 2381
f 2382 2308 2393
f 2308 2382 2333
f 2376 2305 2383
f 2383 2305 2331
f 2419 2369 2384
f 2384 2334 2354
f 2313 2423 2414
f 2377 2385 2356
f 2401 2433 2387
f 2386 2338 2364
f 2387 2429 2304
f 2387 2304 2401
f 2399 2303 2388
f 2388 2303 2323
f 2365 2321 2389
f 2321 2310 2389
f 2390 2339 2311
f 2390 2311 2350
f 2391 2402 2298
f 2391 2298 2378
f 2417 2392 2369
f 2320 2356 2392
f 2434 2393 2308
f 2341 2436 2393
f 2322 2394 2431
f 2394 2322 2317
f 2361 2335 2395
f 2395 2335 2331
f 2396 2402 2336
f 2396 2336 2323
f 2397 2369 2392
f 2404 2369 2397
f 2418 2398 2405
f 2432 2398 2312
f 2344 2370 2399
f 2303 2399 2370
f 2415 2339 2400
f 2390 2400 2339
f 2347 2338 2401
f 2433 2401 2338
f 2365 2336 2402
f 2321 2365 2402
f 2386 2403 2302
f 2302 2403 2358
f 2319 2404 2397
f 2319 2413 2404
f 2295 2346 2405
f 2412 2295 2405
f 2406 2321 2391
f 2321 2406 2310
f 2407 2434 2411
f 2428 2341 2407
f 2345 2408 2379
f 2345 2368 2408
f 2360 2382 2409
f 2318 2360 2409
f 2311 2410 2364
f 2326 2364 2410
f 2313 2414 2411
f 2313 2411 2333
f 2412 2368 2295
f 2361 2368 2412
f 2413 2347 2304
f 2347 2413 2296
f 2385 2414 2423
f 2414 2385 2407
f 2360 2318 2415
f 2415 2318 2324
f 2339 2416 2326
f 2326 2416 2324
f 2392 2417 2320
f 2320 2417 2373
f 2418 2312 2398
f 2312 2418 2435
f 2384 2354 2419
f 2419 2354 2373
f 2399 2420 2344
f 2344 2420 2294
f 2379 2421 2305
f 2305 2421 2331
f 2376 2422 2314
f 2348 2314 2422
f 2356 2423 2392
f 2423 2356 2385
f 2370 2424 2303
f 2303 2424 2351
f 2392 2342 2425
f 2342 2397 2425
f 2389 2328 2426
f 2336 2426 2328
f 2427 2363 2378
f 2363 2427 2376
f 2428 2297 2359
f 2407 2297 2428
f 2334 2429 2358
f 2429 2334 2304
f 2378 2430 2325
f 2430 2323 2325
f 2371 2322 2431
f 2346 2371 2431
f 2335 2398 2432
f 2335 2432 2317
f 2386 2302 2433
f 2338 2386 2433
f 2434 2407 2341
f 2341 2393 2434
f 2435 2362 2431
f 2362 2435 2418
f 2436 2428 2359
f 2359 2409 2436
