mtllib create_body.mtl
v 1.094990 -6.402110 0.636830
v 1.094990 -6.402110 -1.204000
v 1.463170 -6.328130 0.636830
v 1.752490 -6.254180 -1.204000
v 1.751370 -6.250050 0.636830
v 1.931000 -6.201390 0.636830
v 2.387610 -6.040100 -1.204000
v 2.388090 -6.040120 0.636830
v 2.391070 -6.038810 0.636830
v 2.831870 -5.845210 0.636830
v 2.955350 -5.780890 -1.204000
v 3.001980 -5.754820 0.636830
v 3.259890 -5.617760 0.636830
v 3.584560 -5.416360 -1.204000
v 3.582940 -5.413810 0.636830
v 3.669750 -5.359010 0.636830
v 4.126510 -5.015770 -1.204000
v 4.059170 -5.070420 0.636830
v 4.624040 -4.561180 -1.204000
v 4.425990 -4.753600 0.636830
v 4.124770 -5.013760 0.636830
v 5.461420 -3.507900 0.636830
v 5.371070 -3.652070 0.636830
v 5.464920 -3.510090 -1.204000
v 5.083770 -4.042440 0.636830
v 5.040850 -4.092270 -1.204000
v 5.071250 -4.057030 0.636830
v 4.768150 -4.410300 0.636830
v 4.620890 -4.558050 0.636830
v 5.628470 -3.241360 0.636830
v 5.799220 -2.924920 -1.204000
v 5.796150 -2.923300 0.636830
v 5.854510 -2.812600 0.636830
v 6.071080 -2.308250 -1.204000
v 6.047960 -2.368170 0.636830
v 6.277580 -1.666730 -1.204000
v 6.207720 -1.910560 0.636830
v 6.069120 -2.307560 0.636830
v 6.422840 -0.966020 0.636830
v 6.415100 -1.007010 0.636830
v 6.416500 -1.007270 -1.204000
v 6.332910 -1.442310 0.636830
v 6.273220 -1.665570 0.636830
v 6.476990 -0.484360 0.636830
v 6.484550 -0.354100 -1.204000
v 6.482500 -0.336820 0.636830
v 6.495080 0.000000 0.636830
v 6.484550 0.354110 -1.204000
v 6.482500 0.336830 0.636830
v 6.476990 0.484370 0.636830
v 6.416500 1.007280 -1.204000
v 6.422840 0.966030 0.636830
v 6.236000 1.795910 -1.204000
v 6.332910 1.442320 0.636830
v 6.415100 1.007010 0.636830
v 5.796150 2.923310 0.636830
v 5.854510 2.812610 0.636830
v 5.799210 2.924920 -1.204000
v 6.047960 2.368180 0.636830
v 6.071080 2.308260 -1.204000
v 6.069120 2.307570 0.636830
v 6.207720 1.910570 0.636830
v 6.273220 1.665580 0.636830
v 5.628460 3.241370 0.636830
v 5.464910 3.510100 -1.204000
v 5.461420 3.507910 0.636830
v 5.371070 3.652080 0.636830
v 5.040840 4.092280 -1.204000
v 5.083770 4.042450 0.636830
v 5.071250 4.057030 0.636830
v 4.768150 4.410310 0.636830
v 4.624030 4.561180 -1.204000
v 4.620890 4.558050 0.636830
v 4.425980 4.753600 0.636820
v 4.126500 5.015780 -1.204000
v 4.124770 5.013770 0.636820
v 4.059160 5.070430 0.636820
v 3.584550 5.416370 -1.204000
v 3.669740 5.359020 0.636820
v 2.955350 5.780900 -1.204000
v 3.259880 5.617760 0.636820
v 3.582940 5.413810 0.636820
v 1.751370 6.250060 0.636820
v 1.931000 6.201400 0.636820
v 1.752480 6.254190 -1.204000
v 2.388080 6.040130 0.636820
v 2.391120 6.038930 -1.204000
v 2.391070 6.038820 0.636820
v 2.831870 5.845220 0.636820
v 3.001970 5.754820 0.636820
v 1.463160 6.328130 0.636820
v 1.094990 6.402110 -1.204000
v 1.094990 6.402110 0.636820
v 3.712370 4.969120 0.959720
v 3.879130 4.845540 0.959720
v 3.911350 4.885790 0.949550
v 5.850680 2.810770 0.689210
v 5.624780 3.239250 0.689210
v 5.613830 3.232940 0.740220
v 1.462200 6.323990 0.689210
v 2.386520 6.036180 0.689210
v 6.203660 1.909320 0.689210
v 6.328770 1.441370 0.689210
v 6.418630 0.965400 0.689210
v 6.490830 0.000000 0.689210
v 6.472760 -0.484040 0.689210
v 6.328770 -1.441360 0.689210
v 6.203660 -1.909310 0.689210
v 6.044000 -2.366620 0.689210
v 5.624790 -3.239240 0.689210
v 5.367560 -3.649680 0.689210
v 4.765040 -4.407410 0.689210
v 4.423090 -4.750490 0.689210
v 4.056510 -5.067110 0.689210
v 3.257750 -5.614080 0.689210
v 2.830020 -5.841390 0.689210
v 2.386530 -6.036170 0.689210
v 1.189610 -6.143560 0.949800
v 1.189260 -6.144510 0.949480
v 1.409890 -6.097690 0.949550
v 1.170720 -6.195180 0.932580
v 1.169580 -6.198290 0.930960
v 1.420980 -6.145670 0.931200
v 1.398260 6.047460 0.959720
v 1.409880 6.097700 0.949550
v 1.209960 6.087930 0.959720
v 1.189290 6.144430 0.949130
v 1.187200 6.150130 0.948060
v 1.420970 6.145680 0.931200
v 1.169620 6.198150 0.930580
v 1.166230 6.207440 0.927200
v 1.431260 6.190150 0.905150
v 1.160310 6.223610 0.919280
v 1.440460 6.229950 0.872080
v 1.142960 6.271020 0.889620
v 1.151530 6.247600 0.904270
v 1.121180 6.330530 0.832680
v 1.126340 6.316440 0.849220
v 1.448340 6.264030 0.832870
v 1.128120 6.311560 0.854300
v 1.135280 6.291990 0.871350
v 1.118870 6.336850 0.825280
v 1.454690 6.291520 0.788530
v 1.109980 6.361130 0.788380
v 1.109070 6.363610 0.784600
v 1.459360 6.311680 0.740220
v 1.106190 6.371490 0.769420
v 1.099980 6.388480 0.726430
v 1.101940 6.383120 0.739980
v 1.095430 6.400910 0.663670
v 1.096280 6.398590 0.682740
v 1.096820 6.397110 0.689130
v 1.096220 -6.398760 0.681590
v 1.462210 -6.323990 0.689210
v 1.096800 -6.397180 0.689150
v 1.104640 -6.375750 0.760240
v 1.102000 -6.382950 0.739960
v 1.459360 -6.311680 0.740220
v 1.098810 -6.391690 0.715340
v 1.454700 -6.291510 0.788530
v 1.110180 -6.360620 0.788170
v 1.113150 -6.352490 0.803170
v 1.448350 -6.264030 0.832870
v 1.118880 -6.336840 0.825280
v 1.121290 -6.330260 0.832470
v 1.148330 -6.256370 0.899920
v 1.135170 -6.292320 0.871630
v 1.440470 -6.229940 0.872090
v 1.132420 -6.299840 0.865710
v 5.080440 4.039800 0.689210
v 4.765030 4.407420 0.689210
v 4.423090 4.750490 0.689210
v 3.667340 5.355510 0.689210
v 3.257750 5.614090 0.689210
v 2.830010 5.841400 0.689210
v 1.929730 6.197340 0.689210
v 5.340000 3.630950 0.788530
v 5.357110 3.642580 0.740220
v 5.367560 3.649690 0.689210
v 5.032270 4.001500 0.832870
v 5.054350 4.019060 0.788530
v 5.070550 4.031940 0.740220
v 4.694170 4.341880 0.872080
v 4.719850 4.365630 0.832870
v 4.740560 4.384790 0.788530
v 4.755750 4.398840 0.740220
v 4.329470 4.649950 0.905150
v 4.357310 4.679850 0.872080
v 4.381150 4.705460 0.832870
v 4.400370 4.726100 0.788530
v 4.414470 4.741250 0.740220
v 1.150840 -6.249490 0.904380
v 1.431260 -6.190140 0.905150
v 1.888900 -6.066170 0.905150
v 3.942130 4.924240 0.931200
v 3.970650 4.959870 0.905150
v 3.996180 4.991760 0.872080
v 4.018050 5.019070 0.832870
v 4.035680 5.041090 0.788530
v 4.048610 5.057250 0.740220
v 4.056510 5.067110 0.689210
v 1.875330 -6.022590 0.931200
v 2.319230 -5.865970 0.931200
v 3.536110 5.163870 0.949550
v 3.563930 5.204510 0.931200
v 3.589720 5.242170 0.905150
v 3.612800 5.275870 0.872080
v 3.632570 5.304740 0.832870
v 3.648510 5.328010 0.788530
v 3.660200 5.345090 0.740220
v 1.860690 -5.975570 0.949550
v 2.301130 -5.820180 0.949550
v 2.728750 -5.632370 0.949550
v 3.712380 -4.969120 0.959720
v 3.506980 -5.121330 0.959720
v 3.536120 -5.163870 0.949550
v 3.141180 -5.413190 0.949550
v 3.165900 -5.455780 0.931200
v 2.750220 -5.676690 0.931200
v 2.770120 -5.717760 0.905150
v 2.336020 -5.908420 0.905150
v 2.351040 -5.946410 0.872090
v 1.901040 -6.105180 0.872090
v 1.911440 -6.138580 0.832870
v 4.264820 -4.580500 0.949550
v 3.911360 -4.885790 0.949550
v 3.942140 -4.924230 0.931200
v 3.563940 -5.204500 0.931200
v 3.589730 -5.242160 0.905150
v 3.188810 -5.495260 0.905150
v 3.209310 -5.530590 0.872090
v 2.787940 -5.754530 0.872090
v 2.803190 -5.786010 0.832870
v 2.363900 -5.978940 0.832870
v 2.374270 -6.005180 0.788530
v 1.919830 -6.165510 0.788530
v 1.925980 -6.185270 0.740220
v 1.929740 -6.197340 0.689210
v 2.381880 -6.024420 0.740220
v 2.824510 -5.830020 0.740220
v 2.815490 -5.811400 0.788530
v 3.241030 -5.585250 0.788530
v 3.226870 -5.560860 0.832870
v 3.632580 -5.304730 0.832870
v 3.612810 -5.275870 0.872090
v 3.996190 -4.991750 0.872090
v 3.970660 -4.959860 0.905150
v 4.329480 -4.649950 0.905150
v 4.298380 -4.616540 0.931200
v 4.630680 -4.283140 0.931200
v 4.594530 -4.249700 0.949550
v 4.898650 -3.895240 0.949550
v 4.858290 -3.863150 0.959720
v 4.975970 -3.703260 0.959720
v 3.251410 -5.603150 0.740220
v 3.660210 -5.345080 0.740220
v 3.648510 -5.328010 0.788530
v 4.035680 -5.041090 0.788530
v 4.018050 -5.019070 0.832870
v 4.381160 -4.705450 0.832870
v 4.357320 -4.679840 0.872090
v 4.694180 -4.341870 0.872090
v 4.664190 -4.314130 0.905150
v 4.972920 -3.954300 0.905150
v 4.937190 -3.925890 0.931200
v 5.216220 -3.546770 0.931200
v 5.175490 -3.519080 0.949550
v 5.423510 -3.123330 0.949550
v 3.667340 -5.355510 0.689210
v 4.048620 -5.057240 0.740220
v 4.414480 -4.741240 0.740220
v 4.400380 -4.726100 0.788530
v 4.740570 -4.384780 0.788530
v 4.719860 -4.365630 0.832870
v 5.032280 -4.001490 0.832870
v 5.004900 -3.979720 0.872090
v 5.287740 -3.595400 0.872090
v 5.253960 -3.572440 0.905150
v 5.505740 -3.170680 0.905150
v 5.466190 -3.147900 0.931200
v 5.685720 -2.731500 0.931200
v 5.641330 -2.710180 0.949550
v 5.827730 -2.281940 0.949550
v 5.779720 -2.263140 0.959720
v 5.855490 -2.046100 0.959720
v 4.755760 -4.398830 0.740220
v 5.070550 -4.031930 0.740220
v 5.054360 -4.019050 0.788530
v 5.340000 -3.630940 0.788530
v 5.316670 -3.615080 0.832870
v 5.571460 -3.208530 0.832870
v 5.541140 -3.191070 0.872090
v 5.763680 -2.768960 0.872090
v 5.726860 -2.751270 0.905150
v 5.916090 -2.316540 0.905150
v 5.873580 -2.299890 0.931200
v 6.028740 -1.855470 0.931200
v 5.981670 -1.840990 0.949550
v 6.102310 -1.389790 0.949550
v 5.080450 -4.039790 0.689210
v 5.357110 -3.642570 0.740220
v 5.595900 -3.222600 0.788530
v 5.795220 -2.784110 0.832870
v 5.954120 -2.331430 0.872090
v 6.072360 -1.868900 0.905150
v 6.150320 -1.400720 0.931200
v 6.188960 -0.930850 0.949550
v 5.613830 -3.232930 0.740220
v 5.820640 -2.796320 0.788530
v 5.986700 -2.344190 0.832870
v 6.111410 -1.880920 0.872090
v 6.194830 -1.410860 0.905150
v 6.237650 -0.938170 0.931200
v 6.241140 -0.466720 0.949550
v 5.850680 -2.810760 0.689210
v 5.839290 -2.805280 0.740220
v 6.032240 -2.362020 0.740220
v 6.012970 -2.354470 0.788530
v 6.171810 -1.899510 0.788530
v 6.144850 -1.891210 0.832870
v 6.268770 -1.427700 0.832870
v 6.234660 -1.419930 0.872090
v 6.323190 -0.951030 0.872090
v 6.282790 -0.944960 0.905150
v 6.335770 -0.473800 0.905150
v 6.290250 -0.470390 0.931200
v 6.307810 0.000000 0.931200
v 6.258570 0.000000 0.949550
v 6.241140 0.466730 0.949550
v 6.189720 0.462880 0.959720
v 6.165110 0.681750 0.959720
v 6.191580 -1.905590 0.740220
v 6.316450 -1.438560 0.740220
v 6.296270 -1.433960 0.788530
v 6.385680 -0.960430 0.788530
v 6.357780 -0.956240 0.832870
v 6.411390 -0.479450 0.832870
v 6.376500 -0.476840 0.872090
v 6.394310 0.000000 0.872090
v 6.353460 0.000000 0.905150
v 6.335760 0.473810 0.905150
v 6.290250 0.470400 0.931200
v 6.237650 0.938180 0.931200
v 6.188960 0.930850 0.949550
v 6.102310 1.389800 0.949550
v 6.406140 -0.963510 0.740220
v 6.439520 -0.481560 0.788530
v 6.429290 0.000000 0.832870
v 6.376500 0.476850 0.872090
v 6.282790 0.944970 0.905150
v 6.150320 1.400730 0.931200
v 5.981670 1.841000 0.949550
v 6.418640 -0.965390 0.689210
v 6.460150 -0.483100 0.740220
v 6.457500 0.000000 0.788530
v 6.411390 0.479460 0.832870
v 6.323180 0.951040 0.872090
v 6.194830 1.410870 0.905150
v 6.028740 1.855480 0.931200
v 5.827720 2.281950 0.949550
v 6.478190 0.000000 0.740220
v 6.460150 0.483110 0.740220
v 6.439520 0.481560 0.788530
v 6.385680 0.960440 0.788530
v 6.357780 0.956250 0.832870
v 6.268770 1.427710 0.832870
v 6.234660 1.419940 0.872090
v 6.111400 1.880930 0.872090
v 6.072360 1.868910 0.905150
v 5.916080 2.316540 0.905150
v 5.873580 2.299900 0.931200
v 5.685710 2.731510 0.931200
v 5.641320 2.710190 0.949550
v 5.423510 3.123330 0.949550
v 5.378830 3.097600 0.959720
v 5.181150 3.413030 0.959720
v 6.472760 0.484050 0.689210
v 6.406140 0.963520 0.740220
v 6.316450 1.438570 0.740220
v 6.296270 1.433970 0.788530
v 6.171800 1.899520 0.788530
v 6.144840 1.891220 0.832870
v 5.986700 2.344190 0.832870
v 5.954120 2.331440 0.872090
v 5.763680 2.768970 0.872090
v 5.726860 2.751280 0.905150
v 5.505740 3.170690 0.905150
v 5.466180 3.147910 0.931200
v 5.216210 3.546780 0.931200
v 5.175490 3.519090 0.949550
v 4.898650 3.895240 0.949550
v 6.191580 1.905600 0.740220
v 6.032230 2.362020 0.740220
v 6.012960 2.354480 0.788530
v 5.820640 2.796330 0.788530
v 5.795210 2.784120 0.832870
v 5.571460 3.208540 0.832870
v 5.541140 3.191080 0.872090
v 5.287740 3.595410 0.872090
v 5.253960 3.572440 0.905150
v 4.972920 3.954300 0.905150
v 4.937190 3.925890 0.931200
v 4.630670 4.283150 0.931200
v 4.594520 4.249710 0.949550
v 4.264810 4.580510 0.949550
v 4.229680 4.542770 0.959720
v 3.950050 4.784290 0.959720
v 1.209970 -6.087930 0.959720
v 1.398270 -6.047460 0.959720
v 1.845360 -5.926350 0.959720
v 2.282170 -5.772230 0.959720
v 2.446790 -5.699930 0.959720
v 2.706270 -5.585970 0.959720
v 3.115300 -5.368600 0.959720
v 4.556670 -4.214690 0.959720
v 4.229680 -4.542760 0.959720
v 3.950060 -4.784280 0.959720
v 3.879140 -4.845540 0.959720
v 5.594850 -2.687850 0.959720
v 5.378830 -3.097600 0.959720
v 5.181150 -3.413030 0.959720
v 5.132860 -3.490090 0.959720
v 6.207010 0.000000 0.959720
v 6.189720 -0.462880 0.959720
v 6.165110 -0.681740 0.959720
v 6.137970 -0.923180 0.959720
v 6.052030 -1.378340 0.959720
v 5.932390 -1.825820 0.959720
v 5.594850 2.687860 0.959720
v 5.779710 2.263150 0.959720
v 5.855490 2.046110 0.959720
v 5.932390 1.825830 0.959720
v 6.052030 1.378350 0.959720
v 6.137970 0.923190 0.959720
v 4.556670 4.214700 0.959720
v 4.858290 3.863160 0.959720
v 4.975960 3.703270 0.959720
v 5.132850 3.490100 0.959720
v 4.298370 4.616550 0.931200
v 4.664180 4.314140 0.905150
v 5.004890 3.979730 0.872090
v 5.316670 3.615080 0.832870
v 5.595900 3.222610 0.788530
v 5.839290 2.805290 0.740220
v 6.044000 2.366630 0.689210
v 3.506980 5.121330 0.959720
v 3.251400 5.603160 0.740220
v 3.241020 5.585260 0.788530
v 3.226860 5.560860 0.832870
v 3.209300 5.530600 0.872080
v 3.188800 5.495270 0.905150
v 3.165890 5.455790 0.931200
v 3.141170 5.413190 0.949550
v 3.115300 5.368600 0.959720
v 2.824500 5.830020 0.740220
v 2.815480 5.811400 0.788530
v 2.803180 5.786020 0.832870
v 2.787930 5.754530 0.872080
v 2.770120 5.717770 0.905150
v 2.750220 5.676690 0.931200
v 2.728750 5.632370 0.949550
v 2.706270 5.585970 0.959720
v 2.301120 5.820180 0.949550
v 2.282160 5.772230 0.959720
v 2.446790 5.699930 0.959720
v 2.381870 6.024420 0.740220
v 2.374260 6.005180 0.788530
v 2.363890 5.978950 0.832870
v 2.351030 5.946410 0.872080
v 2.336010 5.908430 0.905150
v 2.319230 5.865980 0.931200
v 1.925980 6.185270 0.740220
v 1.919820 6.165520 0.788530
v 1.911440 6.138580 0.832870
v 1.901040 6.105180 0.872080
v 1.888890 6.066180 0.905150
v 1.875320 6.022600 0.931200
v 1.860680 5.975580 0.949550
v 1.845350 5.926350 0.959720
v -3.836820 4.877550 0.959720
v -3.808240 4.901450 0.959720
v -3.839880 4.942170 0.949550
v -1.464250 6.323520 0.689210
v -1.916380 6.201480 0.689210
v -1.912650 6.189410 0.740220
v -4.824960 4.341810 0.636820
v -4.993700 4.153200 0.636820
v -4.990430 4.150480 0.689210
v -1.353350 6.349340 0.636820
v -1.465210 6.327660 0.636820
v -0.682370 6.455520 0.636820
v -1.005150 6.416830 0.636820
v -1.004500 6.412630 0.689210
v -0.071780 6.494680 0.636820
v -0.539870 6.472600 0.636820
v -0.539520 6.468370 0.689210
v 0.765610 6.210980 0.949710
v 0.382250 6.246880 0.949550
v -5.255770 3.816140 0.636820
v -5.253840 3.816140 0.668670
v -5.022130 3.816140 0.930690
v -4.849720 4.033450 0.931200
v -4.884810 4.062640 0.905150
v -4.895310 3.816140 0.959720
v -4.772210 3.968990 0.959720
v -4.811860 4.001960 0.949550
v -5.014370 3.816140 0.934140
v -4.961170 3.816140 0.949400
v -4.916220 4.088760 0.872080
v -5.122490 3.816140 0.878200
v -5.080290 3.816140 0.904830
v -4.943120 4.111130 0.832870
v -5.168280 3.816140 0.839070
v -5.130140 3.816140 0.871660
v -4.964810 4.129170 0.788530
v -5.175010 3.816140 0.832060
v -5.174240 3.816140 0.832860
v -4.980710 4.142400 0.740220
v -5.231350 3.816140 0.748380
v -5.206970 3.816140 0.791980
v -5.249650 3.816140 0.689090
v -5.245110 3.816140 0.711180
v -5.234410 3.816140 0.740100
v 0.674490 6.459960 0.636820
v 0.396690 6.482950 0.636820
v 0.675760 6.456510 0.683040
v 0.396430 6.478710 0.689210
v 0.676220 6.455250 0.689150
v 0.395660 6.466100 0.740220
v 0.681280 6.441410 0.739930
v 0.678260 6.449670 0.716210
v 0.394400 6.445450 0.788530
v 0.689200 6.419770 0.788100
v 0.684100 6.433710 0.762070
v 0.710520 6.361530 0.865440
v 0.699880 6.390600 0.832470
v 0.392670 6.417290 0.832870
v 0.697560 6.396940 0.825280
v 0.692840 6.409840 0.806650
v 0.390540 6.382370 0.872080
v 0.713280 6.353980 0.871610
v 0.746730 6.262560 0.931610
v 0.385260 6.296040 0.931200
v 0.728120 6.313430 0.903890
v -1.917630 6.205540 0.636820
v -2.009350 6.173530 0.636820
v -2.358530 6.047170 0.689210
v -2.360070 6.051120 0.636820
v -2.643070 5.928810 0.636820
v -3.203770 5.645070 0.689210
v -3.205860 5.648760 0.636820
v -3.249090 5.622120 0.636820
v -3.602450 5.399370 0.689210
v -3.604810 5.402910 0.636820
v -3.817300 5.249780 0.636820
v -4.341580 4.825100 0.689210
v -4.344420 4.828250 0.636820
v -4.347600 4.825180 0.636820
v -4.681240 4.502440 0.636820
v -4.678180 4.499500 0.689210
v -2.346420 6.016120 0.788530
v -2.353940 6.035390 0.740220
v -2.761970 5.805800 0.832870
v -2.774090 5.831270 0.788530
v -2.782980 5.849960 0.740220
v -2.788410 5.861370 0.689210
v -2.790230 5.865210 0.636820
v -3.156120 5.561120 0.872080
v -3.173390 5.591550 0.832870
v -3.187320 5.616080 0.788530
v -3.197530 5.634080 0.740220
v -3.526210 5.285100 0.905150
v -3.548880 5.319080 0.872080
v -3.568300 5.348180 0.832870
v -3.583950 5.371650 0.788530
v -3.595440 5.388860 0.740220
v -3.870090 4.981050 0.931200
v -3.898100 5.017100 0.905150
v -3.923160 5.049350 0.872080
v -3.944630 5.076980 0.832870
v -3.961930 5.099260 0.788530
v -3.974630 5.115600 0.740220
v -3.982380 5.125580 0.689210
v -3.984990 5.128930 0.636820
v -4.186230 4.652440 0.949550
v -4.219160 4.689050 0.931200
v -4.249700 4.722980 0.905150
v -4.277020 4.753340 0.872080
v -4.300420 4.779350 0.832870
v -4.319290 4.800320 0.788530
v -4.333130 4.815700 0.740220
v -0.069160 6.258190 0.949550
v -1.057210 6.113500 0.959720
v -0.960570 6.132230 0.959720
v -0.968550 6.183170 0.949550
v -0.520210 6.236910 0.949550
v -0.524300 6.285990 0.931200
v -0.069710 6.307430 0.931200
v -0.070210 6.353070 0.905150
v 0.388040 6.341600 0.905150
v 0.725680 6.320080 0.899390
v -1.847800 5.979570 0.949550
v -1.411850 6.097240 0.949550
v -1.422960 6.145220 0.931200
v -0.976170 6.231820 0.931200
v -0.983240 6.276920 0.905150
v -0.528100 6.331470 0.905150
v -0.531490 6.372180 0.872080
v -0.070660 6.393920 0.872080
v -0.071050 6.428900 0.832870
v -2.274130 5.830780 0.949550
v -1.862340 6.026620 0.931190
v -1.433260 6.189680 0.905150
v -0.989560 6.317270 0.872080
v -0.534400 6.407050 0.832870
v -0.071360 6.457110 0.788530
v -2.688630 5.651630 0.949550
v -2.292030 5.876660 0.931200
v -1.875820 6.070230 0.905150
v -1.442470 6.229480 0.872080
v -0.994970 6.351840 0.832870
v -0.536750 6.435160 0.788530
v -0.071590 6.477800 0.740220
v -0.004220 6.492990 0.636820
v -0.071730 6.490430 0.689210
v -0.538470 6.455780 0.740220
v -1.002540 6.400150 0.740220
v -0.999340 6.379710 0.788530
v -1.456730 6.291050 0.788530
v -1.450370 6.263570 0.832870
v -1.898210 6.142690 0.832870
v -1.887880 6.109260 0.872080
v -2.323460 5.957240 0.872080
v -2.308610 5.919180 0.905150
v -2.729390 5.737320 0.905150
v -2.709780 5.696100 0.931200
v -3.113430 5.485900 0.931200
v -3.089130 5.443070 0.949550
v -3.473540 5.206170 0.949550
v -3.444930 5.163280 0.959720
v -3.653560 5.012920 0.959720
v 0.785320 6.157130 0.959720
v 0.379100 6.195420 0.959720
v 0.242220 6.198850 0.959720
v -0.068590 6.206630 0.959720
v -0.515930 6.185530 0.959720
v -3.063680 5.398220 0.959720
v -2.666480 5.605070 0.959720
v -2.356050 5.739240 0.959720
v -2.255400 5.782740 0.959720
v -1.832580 5.930310 0.959720
v -1.400220 6.047010 0.959720
v -3.500870 5.247130 0.931190
v -3.135960 5.525590 0.905150
v -2.746940 5.774210 0.872080
v -2.336170 5.989840 0.832870
v -1.906540 6.169640 0.788530
v -1.461400 6.311210 0.740220
v -4.151740 4.614110 0.959720
v -4.669080 4.490740 0.740220
v -4.654160 4.476400 0.788530
v -4.633830 4.456840 0.832870
v -4.608610 4.432590 0.872080
v -4.579170 4.404270 0.905150
v -4.546280 4.372630 0.931200
v -4.510780 4.338490 0.949550
v -4.473620 4.302750 0.959720
v 3.712390 -4.785760 0.976690
v 2.446800 4.792040 1.047870
v 4.975970 3.414240 0.979150
v 3.712390 3.420560 1.079760
v 3.712390 4.785760 0.976680
v 4.975970 2.049410 1.047780
v 4.975970 0.683280 1.082110
v 4.975970 -0.683270 1.082110
v 4.975970 -2.049400 1.047780
v 4.975970 -3.414230 0.979150
v 3.712390 -3.420560 1.079770
v 2.446810 -4.792040 1.047870
v 1.683290 -4.794520 1.076110
v 2.607590 -3.204850 1.157030
v 2.446810 -3.292940 1.159150
v 2.446810 -3.425040 1.151090
v 2.401410 -3.317810 1.159750
v 1.698000 -4.754310 1.079720
v 2.184190 -3.425740 1.162110
v 2.186950 -3.418200 1.162570
v 3.707100 -2.214970 1.142540
v 3.561880 -2.398610 1.144460
v 3.429800 -2.545540 1.146200
v 3.404710 -2.573450 1.146530
v 3.235570 -2.739160 1.148760
v 3.175430 -2.793250 1.149550
v 3.056220 -2.891660 1.151120
v 2.994760 -2.942390 1.151930
v 2.805420 -3.079640 1.154430
v 2.639600 -3.184590 1.156610
v 3.819460 -2.052920 1.141060
v 3.751610 -2.150790 1.141960
v 3.712390 -2.207350 1.142470
v 4.220510 -1.249350 1.135780
v 4.195510 -1.321890 1.136110
v 4.358130 -0.759050 1.133960
v 4.333890 -0.875090 1.134280
v 4.271770 -1.100540 1.135100
v 4.105090 -1.538900 1.137300
v 4.017510 -1.716440 1.138450
v 4.000340 -1.751260 1.138680
v 3.961460 -1.822260 1.139190
v 3.840350 -2.022800 1.140790
v 4.358310 0.759070 1.133960
v 4.375020 0.683100 1.133740
v 4.388990 0.603490 1.133560
v 4.419690 0.371240 1.133150
v 4.437020 -0.096170 1.132920
v 4.435700 0.137940 1.132940
v 4.427700 0.254610 1.133050
v 4.427910 -0.254640 1.133040
v 4.423520 -0.330880 1.133100
v 4.394970 -0.565950 1.133480
v 4.381790 -0.645770 1.133650
v 4.373820 -0.683920 1.133760
v 3.942800 1.855090 1.139440
v 3.982310 1.784650 1.138920
v 4.016990 1.716170 1.138460
v 4.088150 1.575650 1.137520
v 4.180480 1.360800 1.136300
v 4.220310 1.249260 1.135780
v 4.259210 1.140310 1.135270
v 4.324160 0.914370 1.134410
v 3.682190 2.248220 1.142870
v 3.712390 2.205670 1.142470
v 3.751430 2.150650 1.141960
v 3.818260 2.056500 1.141080
v 3.820470 2.052920 1.141050
v 2.446800 3.292410 1.159150
v 2.572420 3.225340 1.157490
v 2.639270 3.184040 1.156610
v 2.771600 3.102300 1.154870
v 2.963240 2.966530 1.152340
v 3.056090 2.891490 1.151120
v 3.147040 2.817990 1.149920
v 3.207620 2.764600 1.149120
v 3.376680 2.602410 1.146900
v 3.429340 2.545100 1.146200
v 3.534920 2.430220 1.144810
v 2.184190 3.425740 1.162100
v 2.186940 3.418210 1.162570
v 2.446800 3.425050 1.151090
v 2.365930 3.335590 1.160210
v 1.698000 4.754310 1.079720
v 1.683280 4.794530 1.076100
v -4.329860 -4.841320 0.636830
v -3.971710 -5.139220 0.636830
v -3.969110 -5.135860 0.689210
v -4.347140 -4.824710 0.636830
v -4.327020 -4.838150 0.689210
v -5.254100 -3.816140 0.666370
v -5.254640 -3.816140 0.661140
v -4.974350 -4.169740 0.689210
v -4.964660 -4.161620 0.740220
v -5.246140 -3.816140 0.707560
v -5.249710 -3.816140 0.689110
v -5.208850 -3.816140 0.788330
v -5.212280 -3.816140 0.783810
v -4.948810 -4.148330 0.788530
v -5.231350 -3.816140 0.748380
v -5.234350 -3.816140 0.740090
v -5.178550 -3.816140 0.828200
v -4.927190 -4.130210 0.832870
v -5.173880 -3.816140 0.832630
v -5.139880 -3.816140 0.864840
v -4.900380 -4.107730 0.872090
v -5.133730 -3.816140 0.869750
v -5.082300 -3.816140 0.903720
v -4.869070 -4.081490 0.905150
v -5.079570 -3.816140 0.904980
v -4.834090 -4.052170 0.931200
v -5.022570 -3.816140 0.931170
v -4.971470 -3.816140 0.946960
v -4.796350 -4.020530 0.949550
v -4.960270 -3.816140 0.948830
v -4.756830 -3.987410 0.959720
v -4.895300 -3.816140 0.959720
v -3.485920 -5.197440 0.949620
v -3.653560 -5.013650 0.959720
v -3.460270 -5.153010 0.959720
v -3.827080 -4.952080 0.949550
v -3.857200 -4.991040 0.931200
v -3.511290 -5.241370 0.930710
v -3.885110 -5.027160 0.905150
v -3.534390 -5.281380 0.903980
v -3.910090 -5.059480 0.872090
v -3.556150 -5.319070 0.868150
v -3.931480 -5.087170 0.832870
v -3.572790 -5.347880 0.829360
v -3.948730 -5.109490 0.788530
v -3.587270 -5.372960 0.782400
v -3.961380 -5.125860 0.740220
v -3.596950 -5.389730 0.733980
v -3.817490 -5.250050 0.636830
v -3.604630 -5.403030 0.636830
v -3.603060 -5.400310 0.679510
v -5.255600 -3.816360 0.636830
v -4.977600 -4.172470 0.636830
v -4.824980 -4.341820 0.636830
v -4.665730 -4.518520 0.636830
v -4.662680 -4.515560 0.689210
v -4.653600 -4.506770 0.740220
v -4.638740 -4.492380 0.788530
v -4.618470 -4.472750 0.832870
v -4.593340 -4.448410 0.872090
v -4.564000 -4.419990 0.905150
v -4.531210 -4.388240 0.931200
v -4.495830 -4.353980 0.949550
v -4.458790 -4.318110 0.959720
v -4.318600 -4.828740 0.740220
v -4.304810 -4.813310 0.788530
v -4.286000 -4.792280 0.832870
v -4.262680 -4.766210 0.872090
v -4.235450 -4.735760 0.905150
v -4.205020 -4.701740 0.931200
v -4.172190 -4.665030 0.949550
v -4.137820 -4.626600 0.959720
v -3.795550 -4.911280 0.959720
v -3.836110 -4.877550 0.959720
v 0.934780 -3.328300 1.204000
v 0.447110 -3.428040 1.204000
v 0.447110 -3.494760 1.199760
v 3.084510 -2.361710 1.175070
v 3.185780 -2.258630 1.173730
v 3.326750 -2.093950 1.171880
v 3.030190 2.417700 1.175780
v 2.862850 2.567340 1.177990
v 2.839970 2.585120 1.178290
v 2.597790 2.280980 1.204000
v 2.675370 2.713010 1.180460
v 2.243290 2.630410 1.204000
v 2.491310 2.836770 1.182880
v 2.324970 2.933250 1.185070
v 2.299320 2.948130 1.185410
v 2.099550 3.046880 1.188040
v 1.842280 2.925310 1.204000
v 1.892100 3.132690 1.190770
v 1.541530 3.085710 1.204000
v 1.541530 3.493490 1.179880
v 1.403070 3.159560 1.204000
v 3.326730 2.093960 1.171880
v 3.186010 2.258390 1.173730
v 2.839970 2.095010 1.199390
v 3.084730 2.361940 1.175060
v 2.725040 2.674420 1.179800
v 3.396260 2.001460 1.170960
v 3.330310 2.089760 1.171830
v 3.139000 1.448480 1.204000
v 3.591760 1.712500 1.168390
v 3.463040 1.912060 1.170080
v 2.898440 1.884260 1.204000
v 2.839970 1.961420 1.204000
v 2.738580 2.095210 1.204000
v 3.653520 1.600450 1.167570
v 3.314480 0.982670 1.204000
v 3.700130 1.515900 1.166960
v 3.794420 1.314000 1.165720
v 3.851490 1.167070 1.164970
v 3.874780 1.107110 1.164660
v 3.376970 0.698100 1.204000
v 3.941190 0.895490 1.163780
v 3.985720 0.709880 1.163200
v 3.457080 0.000000 1.204000
v 4.063260 -0.000350 1.162180
v 4.055920 0.221480 1.162270
v 4.054240 0.238290 1.162290
v 4.033770 0.443210 1.162560
v 3.421240 0.496480 1.204000
v 3.996590 0.664600 1.163050
v 3.988680 0.697570 1.163160
v 4.055890 -0.222020 1.162270
v 4.054220 -0.238280 1.162290
v 4.031740 -0.458150 1.162590
v 3.421240 -0.496470 1.204000
v 3.993560 -0.679370 1.163090
v 3.989150 -0.697560 1.163150
v 3.376970 -0.698090 1.204000
v 3.986140 -0.709970 1.163190
v 3.314480 -0.982660 1.204000
v 3.941070 -0.895940 1.163790
v 3.139000 -1.448470 1.204000
v 3.584070 -1.725330 1.168490
v 3.653620 -1.600490 1.167570
v 3.874570 -1.107690 1.164660
v 3.851500 -1.167070 1.164970
v 3.794240 -1.314430 1.165720
v 3.693320 -1.529210 1.167050
v 3.462850 -1.912320 1.170080
v 2.898440 -1.884260 1.204000
v 3.396270 -2.001450 1.170960
v 2.851470 -2.576810 1.178140
v 3.019480 -2.427900 1.175930
v 2.839970 -2.095010 1.199390
v 2.839970 -2.585700 1.178290
v 3.330020 -2.090130 1.171830
v 1.541530 -4.090680 1.132750
v 1.760330 -3.492800 1.168960
v 1.541540 -3.493490 1.179880
v 1.892110 -3.132690 1.190770
v 2.839970 -1.961420 1.204000
v 2.738580 -2.095200 1.204000
v 2.597800 -2.280980 1.204000
v 2.725130 -2.674520 1.179800
v 2.243290 -2.630410 1.204000
v 2.675190 -2.713140 1.180460
v 1.842280 -2.925300 1.204000
v 2.324970 -2.933240 1.185070
v 2.490990 -2.836970 1.182880
v 2.086130 -3.052930 1.188220
v 2.299110 -2.948230 1.185410
v 0.447110 -3.816140 1.178210
v 0.242230 -4.889580 1.093690
v 1.249740 -4.888050 1.076800
v 0.785320 -6.157130 0.959720
v 0.349120 -6.197180 0.959720
v 0.242230 -6.199230 0.959720
v -0.110640 -6.206020 0.959720
v -1.057210 -6.115190 0.959720
v -1.025810 -6.121650 0.959720
v -1.057210 -4.888710 1.084040
v -0.569790 -6.180800 0.959720
v -2.776400 -4.877120 1.024460
v -2.726550 -4.916840 1.023410
v -2.356060 -4.885080 1.043600
v -2.679220 -4.970140 1.020920
v -2.642810 -5.027500 1.017420
v -2.615050 -5.094380 1.012540
v -2.599280 -5.162580 1.006860
v -2.595240 -5.232890 1.000320
v -1.476200 -6.028910 0.959720
v -1.918490 -5.903080 0.959720
v -2.353150 -5.743540 0.959720
v -2.602990 -5.303010 0.993150
v -2.622180 -5.370140 0.985630
v -2.651330 -5.431890 0.978070
v -2.748850 -5.600800 0.953650
v -3.180900 -4.836670 1.005900
v -3.653120 -3.816140 1.051300
v -3.248540 -4.873360 0.998620
v -3.088870 -4.507000 1.039560
v -3.117030 -4.814790 1.011550
v -3.045790 -4.803540 1.016580
v -3.104540 -4.467840 1.041900
v -3.114660 -4.422770 1.045010
v -3.117200 -4.388390 1.047650
v -3.117200 -3.816140 1.090810
v -2.355990 -3.816140 1.127220
v -2.587200 -3.816140 1.118590
v -2.587200 -4.388390 1.075450
v -2.590750 -4.431280 1.071800
v -2.977930 -4.803790 1.020330
v -2.907260 -4.816430 1.023030
v -2.879130 -4.651870 1.038870
v -2.964310 -4.628300 1.036300
v -2.921480 -4.643850 1.037300
v -3.001360 -4.606980 1.036080
v -3.036870 -4.578130 1.036550
v -3.064680 -4.546060 1.037680
v -2.643660 -4.551880 1.059300
v -2.673790 -4.584190 1.055110
v -2.710190 -4.612110 1.050940
v -2.748040 -4.631860 1.047360
v -2.790790 -4.646080 1.043970
v -2.842820 -4.839040 1.024440
v -2.833790 -4.652490 1.041200
v -2.601420 -4.473980 1.067800
v -2.619470 -4.515120 1.063530
v -3.653570 -4.878680 0.972400
v -3.378780 -5.011870 0.978070
v -3.347520 -4.965980 0.984220
v -3.297840 -4.912260 0.992140
v 0.242230 -3.816140 1.179360
v 0.162800 -3.816140 1.179800
v 0.162800 -4.388380 1.136710
v 0.159420 -4.430550 1.133300
v 0.159080 -4.431980 1.133190
v 0.148600 -4.473930 1.129790
v 0.130630 -4.514920 1.126450
v 0.106420 -4.551760 1.123430
v 0.076310 -4.584110 1.120770
v 0.040090 -4.611920 1.118460
v 0.002150 -4.631790 1.116780
v -0.040410 -4.646010 1.115560
v -0.083450 -4.652490 1.114950
v -0.128530 -4.651950 1.114910
v -0.171000 -4.644010 1.115470
v -0.238460 -4.614450 1.117730
v -0.286310 -4.578710 1.120520
v -0.314340 -4.546560 1.123060
v -0.338570 -4.507660 1.126150
v -0.357810 -4.453310 1.130500
v -0.367200 -4.388390 1.135710
v -1.477510 -3.816140 1.160010
v -1.057170 -3.816140 1.167130
v -0.367200 -3.816140 1.178810
v 1.403080 -3.159550 1.204000
v 1.541530 -3.085710 1.204000
v 1.338130 -4.646510 1.099080
v 0.447100 3.494770 1.199760
v 0.447100 3.428050 1.204000
v 0.934780 3.328300 1.204000
v 0.242230 4.889580 1.093690
v 0.242230 3.816140 1.179360
v 0.447100 3.816140 1.178210
v 1.760320 3.492810 1.168960
v 1.541530 4.090690 1.132740
v -1.057170 3.816140 1.167130
v -0.367210 3.816140 1.178810
v -1.057220 4.888710 1.084040
v -0.367210 4.388390 1.135710
v -0.363830 4.430550 1.132320
v -0.363480 4.431980 1.132200
v -0.353990 4.471030 1.129070
v -0.352840 4.474430 1.128800
v -0.352200 4.476300 1.128650
v -0.335240 4.514500 1.125600
v -0.312390 4.549780 1.122800
v -0.311320 4.551140 1.122700
v -0.308830 4.554320 1.122440
v -0.281560 4.583230 1.120160
v -0.279900 4.584980 1.120030
v -0.247140 4.610230 1.118050
v -0.242050 4.613490 1.117800
v -0.208510 4.630790 1.116470
v -0.204660 4.632780 1.116310
v -0.167210 4.645140 1.115390
v -0.165310 4.645760 1.115340
v -0.159610 4.647090 1.115240
v -0.124030 4.652070 1.114910
v -0.117970 4.652920 1.114850
v -0.080330 4.652210 1.114980
v -0.076560 4.652140 1.114990
v -0.070910 4.651530 1.115050
v -0.037250 4.644780 1.115660
v -0.029660 4.643260 1.115800
v 0.004110 4.630720 1.116870
v 0.009200 4.628830 1.117030
v 0.014150 4.626480 1.117230
v 0.042440 4.609740 1.118640
v 0.050420 4.605020 1.119030
v 0.076980 4.583000 1.120860
v 0.082400 4.578510 1.121230
v 0.086180 4.574760 1.121540
v 0.106420 4.550740 1.123510
v 0.113390 4.542470 1.124190
v 0.130390 4.514230 1.126500
v 0.134860 4.506810 1.127110
v 0.137170 4.502070 1.127490
v 0.147780 4.474180 1.129760
v 0.152210 4.462530 1.130710
v 0.162790 4.388390 1.136700
v 0.162790 3.816140 1.179800
v 0.158580 4.431880 1.133190
v 0.160690 4.421730 1.134010
v 0.161310 4.416390 1.134440
v -3.653120 3.816140 1.051300
v -3.117210 3.816140 1.090810
v -3.653570 4.878680 0.972400
v -3.117210 4.388380 1.047650
v -3.113660 4.431200 1.044380
v -3.103070 4.473750 1.041500
v -3.085280 4.514490 1.039140
v -3.061080 4.551440 1.037430
v -3.030990 4.583900 1.036390
v -2.995260 4.611440 1.036040
v -2.957040 4.631630 1.036410
v -2.914810 4.645840 1.037480
v -2.871640 4.652490 1.039210
v -2.356060 4.885080 1.043600
v -2.826880 4.652090 1.041590
v -2.784160 4.644260 1.044470
v -2.741740 4.629130 1.047910
v -2.704160 4.607830 1.051600
v -2.668780 4.579420 1.055750
v -2.640450 4.547140 1.059840
v -2.616160 4.508360 1.064250
v -2.600130 4.468830 1.068280
v -2.589860 4.423850 1.072450
v -2.587210 4.388380 1.075450
v -1.477510 3.816140 1.160010
v -2.355990 3.816140 1.127220
v -2.587210 3.816140 1.118590
v 1.249730 4.888050 1.076790
v 1.338120 4.646520 1.099080
v -5.407480 3.047310 0.959720
v -5.616160 2.643050 0.959720
v -5.660680 2.538690 0.959720
v -5.169750 -3.435200 0.959720
v -5.105300 -3.525620 0.959720
v -5.105310 -2.541260 1.015010
v -4.862640 -2.542300 1.036420
v -4.714980 -2.822210 1.036420
v -4.383720 -3.313440 1.036420
v -4.933870 -3.766140 0.959720
v -4.001510 -3.766140 1.036420
v -5.660670 -2.538690 0.959720
v -5.616160 -2.643050 0.959720
v -5.407480 -3.047310 0.959720
v -5.794660 -2.224600 0.959720
v -5.463140 -0.591620 1.036420
v -6.140410 -0.906830 0.959720
v -5.367690 -1.176360 1.036420
v -6.073340 -1.268650 0.959720
v -5.341680 -1.270450 1.036420
v -6.057490 -1.354150 0.959720
v -5.209840 -1.747430 1.036420
v -5.942040 -1.794190 0.959720
v -5.105300 -2.011010 1.036420
v -5.209840 1.747420 1.036420
v -6.057490 1.354140 0.959720
v -5.341680 1.270440 1.036420
v -6.073340 1.268650 0.959720
v -5.367690 1.176360 1.036420
v -6.140410 0.906820 0.959720
v -5.463140 0.591620 1.036420
v -6.190340 0.454630 0.959720
v -5.495080 0.000000 1.036420
v -6.207010 0.000000 0.959720
v -6.190330 -0.454640 0.959720
v -5.105310 2.541260 1.015010
v -5.105310 3.525620 0.959720
v -5.169760 3.435190 0.959720
v -5.105310 2.011010 1.036420
v -5.794660 2.224590 0.959720
v -5.942040 1.794190 0.959720
v -4.991420 2.298170 1.036420
v -4.862640 2.542290 1.036420
v -4.714980 2.822210 1.036420
v -4.933880 3.766140 0.959720
v -4.383730 3.313430 1.036420
v -4.001510 3.766140 1.036420
v -4.991420 -2.298180 1.036420
v -2.459330 -6.011470 0.636830
v -2.642940 -5.928670 0.636830
v -2.644570 -5.932310 -1.204000
v -5.255770 3.816140 -0.929000
v -5.255610 3.816360 -1.204000
v -5.625600 3.246330 -1.204000
v -5.291710 3.766140 -0.929000
v -5.409690 3.594620 0.636820
v -5.291720 3.766140 0.636820
v -5.409690 -3.594630 0.636830
v -5.623810 -3.245250 0.636830
v -5.625600 -3.246340 -1.204000
v -5.291710 -3.766140 0.636830
v -5.291710 -3.766140 -0.929000
v -5.255770 -3.816140 -0.929000
v -5.255610 -3.816370 -1.204000
v -2.877180 -5.823050 0.636830
v -2.877180 -5.823050 0.086000
v -3.301070 -5.590280 -1.204000
v -3.249940 -5.623520 0.086000
v -3.604630 -5.403030 0.086000
v -3.819730 -5.253160 -1.204000
v 0.674500 6.459960 -1.204000
v -0.004170 6.495080 -1.204000
v -0.682790 6.459090 -1.204000
v -1.353940 6.352390 -1.204000
v -2.010260 6.176150 -1.204000
v -1.449130 6.326830 -1.204000
v -3.249950 5.623510 -1.204000
v -2.644580 5.932300 -1.204000
v -2.352210 6.044700 -1.204000
v -3.819740 5.253160 -1.204000
v -3.352210 5.557040 -1.204000
v -4.828090 4.344610 -1.204000
v -4.347710 4.825290 -1.204000
v -4.196610 4.947750 -1.204000
v -5.004150 4.127060 -1.204000
v -5.930710 2.639360 0.636820
v -5.876810 2.765710 0.636820
v -5.934000 2.640770 -1.204000
v -5.658450 3.188730 0.636820
v -5.623820 3.245240 0.636820
v -6.063600 2.327840 0.636820
v -6.188320 1.965680 -1.204000
v -6.174090 2.005150 0.636820
v -6.217810 1.877460 0.636820
v -6.338630 1.416990 0.636820
v -6.353260 1.349860 -1.204000
v -6.351140 1.349460 0.636820
v -6.425390 0.948910 0.636820
v -6.459530 0.678640 -1.204000
v -6.455280 0.678170 0.636820
v -6.477630 0.475730 0.636820
v -6.475630 0.371250 -1.204000
v -6.495080 0.000000 0.636820
v -6.495080 0.000000 -1.204000
v -6.477630 -0.475740 0.636820
v -6.475630 -0.371250 -1.204000
v -6.455280 -0.678180 0.636820
v -6.459530 -0.678650 -1.204000
v -6.425390 -0.948910 0.636820
v -6.353260 -1.349860 -1.204000
v -6.351140 -1.349470 0.636830
v -6.338630 -1.416990 0.636830
v -6.177440 -2.006300 -1.204000
v -6.217810 -1.877460 0.636830
v -5.934000 -2.640770 -1.204000
v -6.063600 -2.327840 0.636830
v -6.174090 -2.005150 0.636830
v -5.658440 -3.188740 0.636830
v -5.876810 -2.765720 0.636830
v -5.930710 -2.639370 0.636830
v -5.004150 -4.127070 -1.204000
v -4.828080 -4.344610 -1.204000
v -4.347700 -4.825300 -1.204000
v -4.196600 -4.947750 -1.204000
v -2.355160 -6.042430 -1.204000
v -2.010220 -6.176060 0.636830
v -2.010260 -6.176160 -1.204000
v -2.007530 -6.177040 0.636830
v -1.401530 -6.339610 -1.204000
v -0.682780 -6.459090 -1.204000
v -1.073420 -6.405760 0.636830
v -1.353060 -6.348180 0.636830
v -1.544710 -6.308720 0.636830
v -0.004230 -6.491900 0.636830
v -0.115770 -6.494050 0.636830
v -0.004160 -6.495080 -1.204000
v -0.596230 -6.467650 0.636830
v -0.682450 -6.456470 0.636830
v 0.365320 -6.484800 0.636830
v 0.674500 -6.459960 -1.204000
v 0.674500 -6.459960 0.636830
v 0.365080 -6.480550 0.689210
v -0.595840 -6.463420 0.689210
v -2.006210 -6.173000 0.689210
v 0.675820 -6.456360 0.683980
v 0.676250 -6.455180 0.689140
v 0.687970 -6.423170 0.783880
v 0.689000 -6.420340 0.788350
v 0.363210 -6.447280 0.788530
v 0.709410 -6.364570 0.862470
v 0.713330 -6.353860 0.871500
v 0.359650 -6.384180 0.872090
v 0.744180 -6.269560 0.928430
v 0.746470 -6.263300 0.930750
v 0.354790 -6.297830 0.931200
v -2.875070 -5.819400 0.688740
v -2.457720 -6.007540 0.689210
v -2.452930 -5.995840 0.740220
v -2.868580 -5.808160 0.740980
v -2.445100 -5.976690 0.788530
v -2.857900 -5.789650 0.789960
v -2.434420 -5.950580 0.832870
v -2.842660 -5.763270 0.836870
v -2.421170 -5.918200 0.872090
v -2.825190 -5.733010 0.874500
v -2.405700 -5.880390 0.905150
v -2.803570 -5.695560 0.908470
v -2.388420 -5.838150 0.931200
v -2.369770 -5.792570 0.949550
v -2.780530 -5.655670 0.933290
v 0.352020 -6.248660 0.949550
v 0.764000 -6.215400 0.948500
v 0.765420 -6.211510 0.949250
v 0.357360 -6.343400 0.905150
v 0.724140 -6.324320 0.896400
v 0.729010 -6.311010 0.904420
v 0.741250 -6.277570 0.924570
v 0.361620 -6.419110 0.832870
v 0.697560 -6.396940 0.825280
v 0.699780 -6.390890 0.832720
v 0.703910 -6.379610 0.846590
v 0.364370 -6.467940 0.740220
v 0.679620 -6.445990 0.729060
v 0.681190 -6.441680 0.740000
v 0.685990 -6.428570 0.773220
v 0.675070 -6.458400 0.667920
v -1.543700 -6.304590 0.689210
v -1.072710 -6.401570 0.689210
v -0.115700 -6.489800 0.689210
v -2.002310 -6.160990 0.740220
v -1.995910 -6.141310 0.788530
v -1.987190 -6.114480 0.832870
v -1.976380 -6.081210 0.872090
v -1.963750 -6.042360 0.905150
v -1.949650 -5.998950 0.931200
v -1.934420 -5.952110 0.949550
v -1.540690 -6.292320 0.740220
v -1.535770 -6.272220 0.788530
v -1.529070 -6.244820 0.832870
v -1.520740 -6.210840 0.872090
v -1.511030 -6.171160 0.905150
v -1.500170 -6.126820 0.931200
v -1.488460 -6.078990 0.949550
v -1.034330 -6.172500 0.949550
v -1.070630 -6.389110 0.740220
v -1.067210 -6.368700 0.788530
v -1.062540 -6.340880 0.832870
v -1.056760 -6.306380 0.872090
v -1.050010 -6.266090 0.905150
v -1.042470 -6.221070 0.931200
v -0.594680 -6.450840 0.740220
v -0.592780 -6.430230 0.788530
v -0.590190 -6.402150 0.832870
v -0.586980 -6.367310 0.872090
v -0.583230 -6.326630 0.905150
v -0.579040 -6.281180 0.931200
v -0.574520 -6.232140 0.949550
v -0.115470 -6.477160 0.740220
v -0.115100 -6.456470 0.788530
v -0.114600 -6.428270 0.832870
v -0.113980 -6.393290 0.872090
v -0.113250 -6.352450 0.905150
v -0.112430 -6.306810 0.931200
v -0.111560 -6.257570 0.949550
v -5.406150 -3.592280 0.689210
v -5.872960 -2.763910 0.689210
v -6.334480 -1.416070 0.689210
v -6.490830 0.000000 0.689210
v -6.473400 0.475420 0.689210
v -6.213750 1.876230 0.689210
v -5.654750 3.186650 0.689210
v -5.285340 -3.766140 0.694670
v -5.271220 -3.766140 0.739620
v -5.395620 -3.585280 0.740220
v -5.192850 -3.766140 0.850700
v -5.166510 -3.766140 0.871270
v -5.325750 -3.538860 0.872090
v -5.212700 -3.463730 0.949550
v -5.253710 -3.490990 0.931200
v -5.059290 -3.766140 0.929970
v -5.031930 -3.766140 0.940740
v -4.998250 -3.766140 0.948780
v -4.976060 -3.766140 0.954080
v -5.291730 -3.516250 0.905150
v -5.144230 -3.766140 0.888680
v -5.116380 -3.766140 0.904590
v -5.100020 -3.766140 0.913940
v -5.354890 -3.558220 0.832870
v -5.209980 -3.766140 0.832430
v -5.199760 -3.766140 0.844120
v -5.378390 -3.573830 0.788530
v -5.261440 -3.766140 0.760960
v -5.244570 -3.766140 0.788140
v -5.234420 -3.766140 0.804490
v -5.286100 -3.766140 0.689170
v -5.291290 -3.766140 0.651770
v -5.406150 3.592270 0.689210
v -5.288390 3.766140 0.678730
v -5.289120 3.766140 0.673860
v -5.395630 3.585280 0.740220
v -5.278380 3.766140 0.720130
v -5.285880 3.766140 0.689110
v -5.244660 3.766140 0.788150
v -5.256250 3.766140 0.770720
v -5.378390 3.573830 0.788530
v -5.261440 3.766140 0.760950
v -5.270140 3.766140 0.739990
v -5.229550 3.766140 0.810900
v -5.354900 3.558210 0.832870
v -5.225100 3.766140 0.816470
v -5.325760 3.538850 0.872080
v -5.188190 3.766140 0.854940
v -5.209880 3.766140 0.832330
v -5.116150 3.766140 0.904270
v -5.135290 3.766140 0.894390
v -5.291730 3.516240 0.905150
v -5.143130 3.766140 0.889400
v -5.166680 3.766140 0.871390
v -5.076940 3.766140 0.924490
v -5.253720 3.490980 0.931200
v -5.059580 3.766140 0.930300
v -5.212700 3.463730 0.949550
v -5.010850 3.766140 0.946610
v -4.998310 3.766140 0.948740
v -5.872960 2.763900 0.689210
v -6.059630 2.326310 0.689210
v -6.334480 1.416060 0.689210
v -6.421190 0.948290 0.689210
v -6.473400 -0.475430 0.689210
v -6.421180 -0.948290 0.689210
v -6.213750 -1.876230 0.689210
v -6.059630 -2.326320 0.689210
v -5.654740 -3.186650 0.689210
v -5.643740 3.180440 0.740220
v -5.625710 3.170290 0.788530
v -5.601140 3.156440 0.832870
v -5.570660 3.139260 0.872080
v -5.535070 3.119200 0.905150
v -5.495300 3.096800 0.931200
v -5.452400 3.072620 0.949550
v -5.861530 2.758520 0.740220
v -5.842810 2.749710 0.788530
v -5.817280 2.737700 0.832870
v -5.785630 2.722800 0.872080
v -5.748670 2.705410 0.905150
v -5.707370 2.685970 0.931200
v -5.662810 2.665000 0.949550
v -5.842800 2.243070 0.949550
v -6.047840 2.321790 0.740220
v -6.028520 2.314370 0.788530
v -6.002180 2.304260 0.832870
v -5.969520 2.291720 0.872080
v -5.931390 2.277080 0.905150
v -5.888770 2.260720 0.931200
v -6.201650 1.872580 0.740220
v -6.181840 1.866590 0.788530
v -6.154840 1.858440 0.832870
v -6.121340 1.848330 0.872080
v -6.082240 1.836520 0.905150
v -6.038540 1.823320 0.931200
v -5.991400 1.809090 0.949550
v -6.322150 1.413300 0.740220
v -6.301960 1.408790 0.788530
v -6.274430 1.402640 0.832870
v -6.240280 1.395000 0.872080
v -6.200420 1.386090 0.905150
v -6.155870 1.376130 0.931200
v -6.107810 1.365390 0.949550
v -6.191410 0.914350 0.949550
v -6.408690 0.946440 0.740220
v -6.388210 0.943420 0.788530
v -6.360310 0.939300 0.832870
v -6.325700 0.934190 0.872080
v -6.285290 0.928220 0.905150
v -6.240130 0.921550 0.931200
v -6.460790 0.474490 0.740220
v -6.440160 0.472980 0.788530
v -6.412020 0.470910 0.832870
v -6.377130 0.468350 0.872080
v -6.336390 0.465360 0.905150
v -6.290870 0.462010 0.931200
v -6.241760 0.458410 0.949550
v -6.478190 0.000000 0.740220
v -6.457500 0.000000 0.788530
v -6.429290 0.000000 0.832870
v -6.394310 0.000000 0.872080
v -6.353460 0.000000 0.905150
v -6.307810 0.000000 0.931200
v -6.258570 0.000000 0.949550
v -6.460790 -0.474500 0.740220
v -6.440160 -0.472980 0.788530
v -6.412020 -0.470920 0.832870
v -6.377130 -0.468360 0.872080
v -6.336390 -0.465360 0.905150
v -6.290870 -0.462020 0.931200
v -6.241760 -0.458410 0.949550
v -6.408680 -0.946450 0.740220
v -6.388210 -0.943420 0.788530
v -6.360310 -0.939300 0.832870
v -6.325700 -0.934190 0.872080
v -6.285290 -0.928220 0.905150
v -6.240130 -0.921550 0.931200
v -6.191410 -0.914360 0.949550
v -6.107810 -1.365400 0.949550
v -6.322150 -1.413310 0.740220
v -6.301950 -1.408800 0.788530
v -6.274420 -1.402640 0.832870
v -6.240280 -1.395010 0.872080
v -6.200420 -1.386100 0.905150
v -6.155870 -1.376140 0.931200
v -6.201650 -1.872580 0.740220
v -6.181840 -1.866600 0.788530
v -6.154830 -1.858450 0.832870
v -6.121340 -1.848330 0.872080
v -6.082240 -1.836520 0.905150
v -6.038540 -1.823330 0.931200
v -5.991400 -1.809100 0.949550
v -6.047830 -2.321790 0.740220
v -6.028510 -2.314370 0.788530
v -6.002180 -2.304270 0.832870
v -5.969520 -2.291730 0.872090
v -5.931380 -2.277090 0.905150
v -5.888770 -2.260730 0.931200
v -5.842800 -2.243080 0.949550
v -5.662810 -2.665010 0.949550
v -5.861530 -2.758530 0.740220
v -5.842800 -2.749720 0.788530
v -5.817280 -2.737710 0.832870
v -5.785630 -2.722810 0.872090
v -5.748660 -2.705410 0.905150
v -5.707370 -2.685980 0.931200
v -5.643730 -3.180450 0.740220
v -5.625710 -3.170290 0.788530
v -5.601130 -3.156440 0.832870
v -5.570650 -3.139260 0.872090
v -5.535060 -3.119210 0.905150
v -5.495300 -3.096800 0.931200
v -5.452400 -3.072620 0.949550
v -4.001510 -3.766140 -0.929000
v -4.383720 -3.313440 -0.929000
v -4.707620 -2.833120 -0.929000
v -4.991420 -2.298180 -0.929000
v -5.209840 -1.747430 -0.929000
v -5.367690 -1.176360 -0.929000
v -5.462170 -0.596550 -0.929000
v -5.367690 1.176360 -0.929000
v -5.209840 1.747420 -0.929000
v -4.991420 2.298170 -0.929000
v -4.707620 2.833120 -0.929000
v -4.001510 3.766140 -0.929000
v -4.214910 3.513380 -0.929000
v -4.383730 3.313430 -0.929000
v -1.043450 3.816140 -0.149000
v 0.447100 3.816140 -0.149000
v -0.367210 3.816140 1.204000
v 0.162790 3.816140 1.204000
v -1.043450 3.816140 -0.929000
v -2.352210 3.816140 -0.929000
v -3.352210 3.816140 -0.929000
v -4.700270 3.816140 -0.929000
v -2.587210 3.816140 1.204000
v -3.117210 3.816140 1.204000
v -1.043440 -3.816140 -0.149000
v -1.043440 -3.816140 -0.929000
v -2.352200 -3.816140 -0.929000
v 0.447110 -3.816140 -0.149000
v -3.352200 -3.816140 -0.929000
v -4.700260 -3.816140 -0.929000
v -0.367200 -3.816140 1.204000
v 0.162800 -3.816140 1.204000
v -3.117200 -3.816140 1.204000
v -2.587200 -3.816140 1.204000
v -4.700270 0.000000 -0.929000
v -2.352200 0.000000 -0.929000
v -1.043440 0.000000 -0.929000
v -3.352210 0.000000 -0.929000
v -4.700270 3.766140 -0.929000
v -4.700260 -3.766140 -0.929000
v 0.447110 1.197500 -0.149000
v 0.447110 1.197500 0.051000
v 0.447110 -1.197500 0.051000
v 0.447110 -1.197500 -0.149000
v -0.232890 -1.197500 -0.149000
v -0.232890 1.197500 -0.149000
v -0.017520 0.066270 -1.204000
v 1.169610 6.198190 -1.204000
v 0.746480 6.263250 -1.204000
v 1.169620 -6.198190 -1.204000
v 0.746490 -6.263250 -1.204000
v 1.071230 -3.008000 1.204000
v 1.015380 -3.014640 1.204000
v 1.125300 -2.992490 1.204000
v 1.538840 -2.802370 1.204000
v 0.802880 -2.952650 1.204000
v 0.759360 -2.917030 1.204000
v 0.656620 2.720960 1.204000
v 0.670070 2.775570 1.204000
v 0.722110 -2.874890 1.204000
v 0.692080 -2.827330 1.204000
v 0.670070 -2.775570 1.204000
v 0.959190 -3.012250 1.204000
v 0.904100 -3.000890 1.204000
v 0.851550 -2.980850 1.204000
v 0.692080 2.827330 1.204000
v 0.722100 2.874890 1.204000
v 0.759360 2.917030 1.204000
v 0.959180 3.012250 1.204000
v 1.015380 3.014640 1.204000
v 1.071230 3.008000 1.204000
v 1.125300 2.992500 1.204000
v 1.538830 2.802380 1.204000
v 1.921180 2.555460 1.204000
v 1.921190 -2.555460 1.204000
v 2.264600 -2.256750 1.204000
v 2.562110 -1.912300 1.204000
v 0.802880 2.952660 1.204000
v 0.851540 2.980850 1.204000
v 0.904100 3.000890 1.204000
v 2.264600 2.256750 1.204000
v 2.562110 1.912300 1.204000
v 2.807700 1.529100 1.204000
v 3.124340 -0.678110 1.204000
v 3.188970 -0.227570 1.204000
v 3.188970 0.227580 1.204000
v 3.124340 0.678110 1.204000
v 2.996380 1.114900 1.204000
v 0.656630 -2.720950 1.204000
v 0.652110 -2.664890 1.204000
v 0.652110 2.664890 1.204000
v 2.807700 -1.529090 1.204000
v 2.996380 -1.114900 1.204000
v -0.232890 -1.197500 0.051000
v -0.232890 1.197500 0.051000
v -2.587200 -4.388390 1.204000
v -2.852200 -4.388390 1.204000
v -2.958650 -4.631070 1.204000
v -2.997140 -4.610240 1.204000
v -3.031680 -4.583350 1.204000
v -3.061320 -4.551150 1.204000
v -3.085260 -4.514510 1.204000
v -3.102840 -4.474430 1.204000
v -3.113590 -4.432000 1.204000
v -3.117200 -4.388390 1.204000
v -2.917260 -4.645280 1.204000
v -2.874090 -4.652480 1.204000
v -2.830320 -4.652480 1.204000
v -2.787150 -4.645280 1.204000
v -2.745750 -4.631070 1.204000
v -2.707260 -4.610240 1.204000
v -2.672720 -4.583350 1.204000
v -2.643080 -4.551150 1.204000
v -2.619140 -4.514510 1.204000
v -2.601560 -4.474430 1.204000
v -2.590820 -4.432000 1.204000
v -0.367200 -4.388390 1.204000
v 0.162800 -4.388380 1.204000
v 0.159180 -4.432000 1.204000
v 0.148440 -4.474430 1.204000
v 0.130860 -4.514510 1.204000
v 0.106920 -4.551150 1.204000
v 0.077280 -4.583350 1.204000
v 0.042740 -4.610230 1.204000
v 0.004250 -4.631070 1.204000
v -0.037150 -4.645280 1.204000
v -0.080320 -4.652480 1.204000
v -0.124090 -4.652480 1.204000
v -0.167260 -4.645280 1.204000
v -0.208650 -4.631070 1.204000
v -0.247140 -4.610230 1.204000
v -0.281680 -4.583350 1.204000
v -0.311320 -4.551150 1.204000
v -0.335260 -4.514510 1.204000
v -0.352840 -4.474430 1.204000
v -0.363590 -4.432000 1.204000
v -0.367210 4.388390 1.204000
v 0.162790 4.388390 1.204000
v -0.102210 4.388390 1.204000
v -0.080320 4.652480 1.204000
v -0.124090 4.652480 1.204000
v -0.167260 4.645280 1.204000
v -0.208660 4.631070 1.204000
v -0.247150 4.610240 1.204000
v -0.281690 4.583350 1.204000
v -0.311330 4.551150 1.204000
v -0.335270 4.514510 1.204000
v -0.352850 4.474430 1.204000
v -0.363590 4.432000 1.204000
v 0.159180 4.432000 1.204000
v 0.148430 4.474430 1.204000
v 0.130850 4.514510 1.204000
v 0.106910 4.551150 1.204000
v 0.077270 4.583350 1.204000
v 0.042730 4.610240 1.204000
v 0.004240 4.631070 1.204000
v -0.037150 4.645280 1.204000
v -3.117210 4.388380 1.204000
v -2.587210 4.388380 1.204000
v -3.113590 4.432000 1.204000
v -3.102850 4.474430 1.204000
v -3.085270 4.514510 1.204000
v -3.061330 4.551150 1.204000
v -3.031690 4.583350 1.204000
v -2.997150 4.610230 1.204000
v -2.958660 4.631060 1.204000
v -2.917260 4.645280 1.204000
v -2.874090 4.652480 1.204000
v -2.830320 4.652480 1.204000
v -2.590820 4.432000 1.204000
v -2.601570 4.474430 1.204000
v -2.619150 4.514510 1.204000
v -2.643090 4.551150 1.204000
v -2.672730 4.583350 1.204000
v -2.707270 4.610230 1.204000
v -2.745760 4.631060 1.204000
v -2.787150 4.645280 1.204000
v 1.125300 2.992500 1.144000
v 1.071230 3.008000 1.144000
v 1.015380 3.014640 1.144000
v 0.959180 3.012250 1.144000
v 0.904100 3.000890 1.144000
v 0.851540 2.980850 1.144000
v 0.802880 2.952660 1.144000
v 0.759360 2.917030 1.144000
v 0.722100 2.874890 1.144000
v 0.692080 2.827330 1.144000
v 0.670070 2.775570 1.144000
v 0.656620 2.720960 1.144000
v 0.652110 2.664890 1.144000
v 1.125300 -2.992490 1.144000
v 1.538840 -2.802370 1.144000
v 1.921190 -2.555460 1.144000
v 2.264600 -2.256750 1.144000
v 2.562110 -1.912300 1.144000
v 2.807700 -1.529090 1.144000
v 2.996380 -1.114900 1.144000
v 3.124340 -0.678110 1.144000
v 3.188970 -0.227570 1.144000
v 3.188970 0.227580 1.144000
v 3.124340 0.678110 1.144000
v 2.996380 1.114900 1.144000
v 2.807700 1.529100 1.144000
v 2.562110 1.912300 1.144000
v 2.264600 2.256750 1.144000
v 1.921180 2.555460 1.144000
v 1.538830 2.802380 1.144000
v 0.652110 -2.664890 1.144000
v 0.656630 -2.720950 1.144000
v 0.670070 -2.775570 1.144000
v 0.692080 -2.827330 1.144000
v 0.722110 -2.874890 1.144000
v 0.759360 -2.917030 1.144000
v 0.802880 -2.952650 1.144000
v 0.851550 -2.980850 1.144000
v 0.904100 -3.000890 1.144000
v 0.959190 -3.012250 1.144000
v 1.015380 -3.014640 1.144000
v 1.071230 -3.008000 1.144000
v -3.378780 -5.011870 0.086000
v -3.339250 -4.954860 0.086000
v -3.290880 -4.905140 0.086000
v -3.234980 -4.864060 0.086000
v -3.173090 -4.832740 0.086000
v -3.106880 -4.812040 0.086000
v -3.038180 -4.802510 0.086000
v -2.968840 -4.804430 0.086000
v -2.900760 -4.817730 0.086000
v -2.835790 -4.842050 0.086000
v -2.775720 -4.876740 0.086000
v -2.722180 -4.920840 0.086000
v -2.676620 -4.973150 0.086000
v -2.614200 -5.096510 0.086000
v -2.640300 -5.032240 0.086000
v -2.599030 -5.164200 0.086000
v -2.595210 -5.233460 0.086000
v -2.602840 -5.302410 0.086000
v -2.621720 -5.369160 0.086000
v -2.651330 -5.431890 0.086000
v 1.892100 3.132690 1.090540
v 1.977560 3.097560 1.089420
v 2.086130 3.052930 1.087980
v 2.299110 2.948240 1.085170
v 2.324970 2.933240 1.084830
v 2.490990 2.836970 1.082640
v 2.675190 2.713140 1.080210
v 2.725130 2.674520 1.079550
v 2.851470 2.576810 1.077890
v 2.896710 2.536710 1.077290
v 3.019480 2.427910 1.075670
v 3.084500 2.361720 1.074810
v 3.185780 2.258640 1.073480
v 3.229900 2.207100 1.072890
v 3.330010 2.090140 1.071570
v 3.396260 2.001460 1.070700
v 3.462850 1.912330 1.069820
v 3.584060 1.725340 1.068220
v 3.653610 1.600500 1.067300
v 3.693320 1.529220 1.066780
v 3.794240 1.314440 1.065450
v 3.812520 1.267380 1.065210
v 3.851500 1.167070 1.064690
v 3.874570 1.107700 1.064390
v 3.941070 0.895950 1.063510
v 3.986140 0.709980 1.062910
v 3.993560 0.679380 1.062820
v 4.031740 0.458160 1.062310
v 4.054220 0.238290 1.062020
v 4.055890 0.222030 1.061990
v 4.063250 0.000000 1.061900
v 4.055920 -0.221470 1.061990
v 4.054240 -0.238290 1.062020
v 4.033780 -0.443210 1.062290
v 3.996590 -0.664590 1.062780
v 3.985720 -0.709870 1.062920
v 3.941190 -0.895480 1.063510
v 3.874780 -1.107100 1.064390
v 3.851490 -1.167060 1.064690
v 3.812530 -1.267380 1.065210
v 3.794430 -1.313990 1.065450
v 3.700130 -1.515890 1.066690
v 3.653520 -1.600450 1.067310
v 3.591760 -1.712490 1.068120
v 3.463040 -1.912050 1.069820
v 3.396270 -2.001460 1.070700
v 3.330320 -2.089760 1.071570
v 3.229900 -2.207100 1.072900
v 3.186010 -2.258390 1.073470
v 3.084730 -2.361940 1.074810
v 3.030190 -2.417700 1.075530
v 2.897110 -2.536700 1.077290
v 2.862850 -2.567340 1.077740
v 2.725050 -2.674410 1.079560
v 2.675380 -2.713010 1.080210
v 2.491310 -2.836760 1.082640
v 2.324970 -2.933240 1.084830
v 2.299320 -2.948120 1.085170
v 2.099550 -3.046880 1.087810
v 1.977570 -3.097340 1.089420
v 1.892110 -3.132690 1.090550
v 1.645490 3.806600 1.049270
v 1.318650 4.699730 0.994580
v 0.746480 6.263250 0.847450
v 1.181890 5.073440 0.959410
v 1.169610 6.198190 0.847450
v 1.581500 5.072650 0.950880
v 1.677770 4.809570 0.975050
v 1.977560 3.990360 1.026420
v 2.045110 3.805780 1.037990
v 2.186940 3.418210 1.062290
v 2.365930 -3.335580 1.059930
v 2.186950 -3.418200 1.062300
v 2.572420 -3.225330 1.057210
v 2.639270 -3.184040 1.056330
v 2.771610 -3.102290 1.054580
v 2.963240 -2.966520 1.052050
v 3.056090 -2.891480 1.050820
v 3.147040 -2.817980 1.049620
v 3.207630 -2.764590 1.048820
v 3.682190 -2.248210 1.042560
v 3.534920 -2.430210 1.044500
v 3.438410 -2.535230 1.045780
v 3.429340 -2.545100 1.045900
v 3.376680 -2.602400 1.046590
v 3.229900 -2.743220 1.048530
v 3.751430 -2.150650 1.041640
v 3.818260 -2.056490 1.040760
v 3.942800 -1.855090 1.039120
v 3.982310 -1.784640 1.038600
v 4.016990 -1.716160 1.038140
v 4.088150 -1.575650 1.037200
v 4.180480 -1.360790 1.035980
v 4.214080 -1.266690 1.035530
v 4.220310 -1.249260 1.035450
v 4.259210 -1.140310 1.034940
v 4.324160 -0.914360 1.034080
v 4.358310 -0.759070 1.033630
v 4.375020 -0.683090 1.033410
v 4.388990 -0.603480 1.033220
v 4.419700 -0.371240 1.032820
v 4.427700 -0.254610 1.032710
v 4.435700 -0.137940 1.032610
v 4.436480 0.000000 1.032600
v 4.437020 0.096180 1.032590
v 4.427900 0.254640 1.032710
v 4.423520 0.330890 1.032770
v 4.394970 0.565950 1.033150
v 4.381790 0.645780 1.033320
v 4.358130 0.759050 1.033630
v 4.333890 0.875100 1.033950
v 4.271770 1.100540 1.034770
v 4.220500 1.249360 1.035450
v 4.214530 1.266690 1.035530
v 4.195510 1.321900 1.035780
v 4.105090 1.538910 1.036970
v 4.017510 1.716450 1.038130
v 4.000330 1.751270 1.038360
v 3.961460 1.822270 1.038870
v 3.840340 2.022800 1.040470
v 3.751600 2.150800 1.041640
v 3.707100 2.214980 1.042230
v 3.561870 2.398610 1.044150
v 3.439060 2.535240 1.045770
v 3.429800 2.545540 1.045890
v 3.404710 2.573450 1.046220
v 3.235570 2.739170 1.048450
v 3.229900 2.744270 1.048530
v 3.175430 2.793260 1.049250
v 3.056220 2.891670 1.050820
v 2.994760 2.942400 1.051630
v 2.805420 3.079640 1.054130
v 2.639600 3.184600 1.056320
v 2.607590 3.204860 1.056740
v 2.401410 3.317820 1.059460
v 2.045110 -3.805780 1.037990
v 1.977570 -3.990360 1.026420
v 1.169620 -6.198190 0.847450
v 1.677780 -4.809570 0.975050
v 1.581510 -5.072650 0.950880
v 1.645500 -3.806590 1.049280
v 1.318660 -4.699720 0.994580
v 1.181900 -5.073440 0.959420
v 0.746490 -6.263250 0.847450
v 1.977560 3.806210 1.044530
v 1.977570 -3.806210 1.044540
v 3.229900 -2.535830 1.058660
v 3.229900 2.535830 1.058650
v -5.461210 0.593190 -0.929000
v -5.493970 -0.000550 -0.929000
v -0.102200 -4.388380 1.204000
v -2.852210 4.388380 1.204000
v 1.778620 -6.119150 -1.204000
v -0.327520 -6.301430 -1.204000
vt 0.312730 0.956300
vt 0.312740 0.970260
vt 0.243310 0.970480
vt 0.243290 0.945600
vt 0.312730 0.956300
vt 0.243310 0.970480
vt 0.312730 0.945440
vt 0.312730 0.956300
vt 0.243290 0.945600
vt 0.312720 0.938670
vt 0.312730 0.945440
vt 0.243290 0.945600
vt 0.243300 0.921800
vt 0.312720 0.938670
vt 0.243290 0.945600
vt 0.312730 0.921560
vt 0.312720 0.938670
vt 0.243300 0.921800
vt 0.312730 0.921450
vt 0.312730 0.921560
vt 0.243300 0.921800
vt 0.312750 0.905080
vt 0.312730 0.921450
vt 0.243300 0.921800
vt 0.243320 0.900750
vt 0.312750 0.905080
vt 0.243300 0.921800
vt 0.312760 0.898820
vt 0.312750 0.905080
vt 0.243320 0.900750
vt 0.312780 0.889320
vt 0.312760 0.898820
vt 0.243320 0.900750
vt 0.243370 0.877670
vt 0.312780 0.889320
vt 0.243320 0.900750
vt 0.312810 0.877520
vt 0.312780 0.889320
vt 0.243370 0.877670
vt 0.312820 0.874360
vt 0.312810 0.877520
vt 0.243370 0.877670
vt 0.243440 0.858080
vt 0.312820 0.874360
vt 0.243370 0.877670
vt 0.312870 0.860280
vt 0.312820 0.874360
vt 0.243440 0.858080
vt 0.001260 0.857000
vt 0.001050 0.837440
vt 0.070570 0.845450
vt 0.070690 0.856720
vt 0.001260 0.857000
vt 0.070570 0.845450
vt 0.070720 0.859170
vt 0.001260 0.857000
vt 0.070690 0.856720
vt 0.000690 0.793500
vt 0.070120 0.793210
vt 0.070160 0.799130
vt 0.070290 0.815350
vt 0.000690 0.793500
vt 0.070160 0.799130
vt 0.000870 0.817670
vt 0.000690 0.793500
vt 0.070290 0.815350
vt 0.070290 0.815970
vt 0.000870 0.817670
vt 0.070290 0.815350
vt 0.070430 0.830820
vt 0.000870 0.817670
vt 0.070290 0.815970
vt 0.001050 0.837440
vt 0.000870 0.817670
vt 0.070430 0.830820
vt 0.070490 0.837120
vt 0.001050 0.837440
vt 0.070430 0.830820
vt 0.070570 0.845450
vt 0.001050 0.837440
vt 0.070490 0.837120
vt 0.070040 0.782260
vt 0.070120 0.793210
vt 0.000690 0.793500
vt 0.000530 0.769590
vt 0.070040 0.782260
vt 0.000690 0.793500
vt 0.069960 0.769320
vt 0.070040 0.782260
vt 0.000530 0.769590
vt 0.069930 0.764820
vt 0.069960 0.769320
vt 0.000530 0.769590
vt 0.000380 0.744720
vt 0.069930 0.764820
vt 0.000530 0.769590
vt 0.069830 0.746910
vt 0.069930 0.764820
vt 0.000380 0.744720
vt 0.000380 0.744720
vt 0.000260 0.719170
vt 0.069740 0.728630
vt 0.069820 0.744490
vt 0.000380 0.744720
vt 0.069740 0.728630
vt 0.069830 0.746910
vt 0.000380 0.744720
vt 0.069820 0.744490
vt 0.000160 0.693210
vt 0.069590 0.691380
vt 0.069600 0.692990
vt 0.069660 0.710080
vt 0.000160 0.693210
vt 0.069600 0.692990
vt 0.000260 0.719170
vt 0.000160 0.693210
vt 0.069660 0.710080
vt 0.069700 0.718930
vt 0.000260 0.719170
vt 0.069660 0.710080
vt 0.069740 0.728630
vt 0.000260 0.719170
vt 0.069700 0.718930
vt 0.069530 0.672610
vt 0.069590 0.691380
vt 0.000160 0.693210
vt 0.000090 0.667780
vt 0.069530 0.672610
vt 0.000160 0.693210
vt 0.069520 0.666910
vt 0.069530 0.672610
vt 0.000090 0.667780
vt 0.069490 0.653890
vt 0.069520 0.666910
vt 0.000090 0.667780
vt 0.000030 0.640520
vt 0.069490 0.653890
vt 0.000090 0.667780
vt 0.069470 0.640980
vt 0.069490 0.653890
vt 0.000030 0.640520
vt 0.069460 0.635320
vt 0.069470 0.640980
vt 0.000030 0.640520
vt 0.000000 0.615660
vt 0.069460 0.635320
vt 0.000030 0.640520
vt 0.069440 0.617000
vt 0.069460 0.635320
vt 0.000000 0.615660
vt 0.000000 0.615660
vt 0.000000 0.586050
vt 0.069430 0.599040
vt 0.069440 0.615460
vt 0.000000 0.615660
vt 0.069430 0.599040
vt 0.069440 0.617000
vt 0.000000 0.615660
vt 0.069440 0.615460
vt 0.000060 0.544400
vt 0.069490 0.544250
vt 0.069480 0.548270
vt 0.069450 0.564580
vt 0.000060 0.544400
vt 0.069480 0.548270
vt 0.000010 0.567010
vt 0.000060 0.544400
vt 0.069450 0.564580
vt 0.069450 0.566830
vt 0.000010 0.567010
vt 0.069450 0.564580
vt 0.000000 0.586050
vt 0.000010 0.567010
vt 0.069450 0.566830
vt 0.069430 0.581530
vt 0.000000 0.586050
vt 0.069450 0.566830
vt 0.069430 0.590690
vt 0.000000 0.586050
vt 0.069430 0.581530
vt 0.069430 0.599040
vt 0.000000 0.586050
vt 0.069430 0.590690
vt 0.069520 0.532700
vt 0.069490 0.544250
vt 0.000060 0.544400
vt 0.000120 0.523260
vt 0.069520 0.532700
vt 0.000060 0.544400
vt 0.069560 0.523140
vt 0.069520 0.532700
vt 0.000120 0.523260
vt 0.069580 0.517960
vt 0.069560 0.523140
vt 0.000120 0.523260
vt 0.000220 0.502600
vt 0.069580 0.517960
vt 0.000120 0.523260
vt 0.069640 0.504120
vt 0.069580 0.517960
vt 0.000220 0.502600
vt 0.481270 0.960610
vt 0.481280 0.961150
vt 0.411820 0.959520
vt 0.481140 0.947550
vt 0.481270 0.960610
vt 0.411820 0.959520
vt 0.411650 0.941630
vt 0.481140 0.947550
vt 0.411820 0.959520
vt 0.481080 0.941300
vt 0.481140 0.947550
vt 0.411650 0.941630
vt 0.481000 0.933030
vt 0.481080 0.941300
vt 0.411650 0.941630
vt 0.411470 0.920690
vt 0.481000 0.933030
vt 0.411650 0.941630
vt 0.480900 0.920410
vt 0.481000 0.933030
vt 0.411470 0.920690
vt 0.480880 0.917660
vt 0.480900 0.920410
vt 0.411470 0.920690
vt 0.411300 0.898250
vt 0.480880 0.917660
vt 0.411470 0.920690
vt 0.480760 0.901530
vt 0.480880 0.917660
vt 0.411300 0.898250
vt 0.411300 0.898250
vt 0.411130 0.872580
vt 0.480640 0.884730
vt 0.480730 0.897970
vt 0.411300 0.898250
vt 0.480640 0.884730
vt 0.480760 0.901530
vt 0.411300 0.898250
vt 0.480730 0.897970
vt 0.410890 0.824400
vt 0.480320 0.824150
vt 0.480350 0.831260
vt 0.480440 0.849500
vt 0.410890 0.824400
vt 0.480350 0.831260
vt 0.411010 0.849840
vt 0.410890 0.824400
vt 0.480440 0.849500
vt 0.480440 0.849620
vt 0.411010 0.849840
vt 0.480440 0.849500
vt 0.411130 0.872580
vt 0.411010 0.849840
vt 0.480440 0.849620
vt 0.480540 0.867360
vt 0.411130 0.872580
vt 0.480440 0.849620
vt 0.480580 0.874260
vt 0.411130 0.872580
vt 0.480540 0.867360
vt 0.480640 0.884730
vt 0.411130 0.872580
vt 0.480580 0.874260
vt 0.480270 0.812750
vt 0.480320 0.824150
vt 0.410890 0.824400
vt 0.410790 0.798490
vt 0.480270 0.812750
vt 0.410890 0.824400
vt 0.480220 0.798280
vt 0.480270 0.812750
vt 0.410790 0.798490
vt 0.583530 0.550180
vt 0.591040 0.546960
vt 0.584750 0.551740
vt 0.073430 0.533080
vt 0.071460 0.548350
vt 0.071500 0.532800
vt 0.482250 0.812720
vt 0.480320 0.824150
vt 0.480270 0.812750
vt 0.482420 0.849450
vt 0.480440 0.849620
vt 0.480440 0.849500
vt 0.071410 0.581590
vt 0.069430 0.590690
vt 0.069430 0.581530
vt 0.071410 0.599090
vt 0.069440 0.615460
vt 0.069430 0.599040
vt 0.071410 0.617040
vt 0.069460 0.635320
vt 0.069440 0.617000
vt 0.071470 0.653900
vt 0.069520 0.666910
vt 0.069490 0.653890
vt 0.071510 0.672610
vt 0.069590 0.691380
vt 0.069530 0.672610
vt 0.071640 0.710060
vt 0.069700 0.718930
vt 0.069660 0.710080
vt 0.071720 0.728590
vt 0.069820 0.744490
vt 0.069740 0.728630
vt 0.071810 0.746860
vt 0.069930 0.764820
vt 0.069830 0.746910
vt 0.072020 0.782190
vt 0.070120 0.793210
vt 0.070040 0.782260
vt 0.072140 0.799050
vt 0.070290 0.815350
vt 0.070160 0.799130
vt 0.072400 0.830720
vt 0.070490 0.837120
vt 0.070430 0.830820
vt 0.072540 0.845340
vt 0.070690 0.856720
vt 0.070570 0.845450
vt 0.314840 0.860390
vt 0.312820 0.874360
vt 0.312870 0.860280
vt 0.314750 0.889410
vt 0.312760 0.898820
vt 0.312780 0.889320
vt 0.314730 0.905160
vt 0.312730 0.921450
vt 0.312750 0.905080
vt 0.314710 0.921630
vt 0.312720 0.938670
vt 0.312730 0.921560
vt 0.677440 0.975540
vt 0.685750 0.977320
vt 0.685760 0.977360
vt 0.677010 0.977390
vt 0.686450 0.979320
vt 0.686490 0.979440
vt 0.685470 0.503750
vt 0.678370 0.505310
vt 0.677930 0.503360
vt 0.686250 0.501560
vt 0.685470 0.503750
vt 0.677930 0.503360
vt 0.686330 0.501340
vt 0.686250 0.501560
vt 0.677930 0.503360
vt 0.677500 0.501500
vt 0.686330 0.501340
vt 0.677930 0.503360
vt 0.686980 0.499480
vt 0.686330 0.501340
vt 0.677500 0.501500
vt 0.687110 0.499120
vt 0.686980 0.499480
vt 0.677500 0.501500
vt 0.677110 0.499780
vt 0.687110 0.499120
vt 0.677500 0.501500
vt 0.687330 0.498500
vt 0.687110 0.499120
vt 0.677110 0.499780
vt 0.677110 0.499780
vt 0.676750 0.498240
vt 0.687980 0.496660
vt 0.687660 0.497570
vt 0.677110 0.499780
vt 0.687980 0.496660
vt 0.687330 0.498500
vt 0.677110 0.499780
vt 0.687660 0.497570
vt 0.487690 0.812400
vt 0.487630 0.799540
vt 0.488260 0.799790
vt 0.488450 0.799880
vt 0.487690 0.812400
vt 0.488260 0.799790
vt 0.489180 0.812230
vt 0.487690 0.812400
vt 0.488450 0.799880
vt 0.688260 0.495850
vt 0.676750 0.498240
vt 0.688520 0.495090
vt 0.687980 0.496660
vt 0.676750 0.498240
vt 0.688260 0.495850
vt 0.487350 0.799430
vt 0.487630 0.799540
vt 0.487690 0.812400
vt 0.486010 0.812550
vt 0.487350 0.799430
vt 0.487690 0.812400
vt 0.485950 0.799000
vt 0.487350 0.799430
vt 0.486010 0.812550
vt 0.485810 0.798950
vt 0.485950 0.799000
vt 0.486010 0.812550
vt 0.484180 0.812650
vt 0.485810 0.798950
vt 0.486010 0.812550
vt 0.485230 0.798810
vt 0.485810 0.798950
vt 0.484180 0.812650
vt 0.484180 0.812650
vt 0.482250 0.812720
vt 0.483610 0.798510
vt 0.484120 0.798610
vt 0.484180 0.812650
vt 0.483610 0.798510
vt 0.485230 0.798810
vt 0.484180 0.812650
vt 0.484120 0.798610
vt 0.480270 0.812750
vt 0.480220 0.798280
vt 0.481230 0.798290
vt 0.481950 0.798330
vt 0.480270 0.812750
vt 0.481230 0.798290
vt 0.482250 0.812720
vt 0.480270 0.812750
vt 0.481950 0.798330
vt 0.482200 0.798360
vt 0.482250 0.812720
vt 0.481950 0.798330
vt 0.483610 0.798510
vt 0.482250 0.812720
vt 0.482200 0.798360
vt 0.314430 0.970220
vt 0.312740 0.970260
vt 0.312730 0.956300
vt 0.314710 0.956340
vt 0.314430 0.970220
vt 0.312730 0.956300
vt 0.314710 0.970200
vt 0.314430 0.970220
vt 0.314710 0.956340
vt 0.316630 0.956490
vt 0.317400 0.969960
vt 0.316640 0.970040
vt 0.315700 0.970140
vt 0.316630 0.956490
vt 0.316640 0.970040
vt 0.317400 0.969960
vt 0.318460 0.956730
vt 0.318460 0.969790
vt 0.319870 0.969530
vt 0.319030 0.969700
vt 0.320140 0.957060
vt 0.320140 0.969460
vt 0.319870 0.969530
vt 0.320140 0.957060
vt 0.676250 0.980650
vt 0.687280 0.981690
vt 0.687760 0.983080
vt 0.687860 0.983370
vt 0.676250 0.980650
vt 0.687760 0.983080
vt 0.071460 0.548350
vt 0.069450 0.564580
vt 0.069480 0.548270
vt 0.069490 0.544250
vt 0.071460 0.548350
vt 0.069480 0.548270
vt 0.071500 0.532800
vt 0.071460 0.548350
vt 0.069490 0.544250
vt 0.069520 0.532700
vt 0.071500 0.532800
vt 0.069490 0.544250
vt 0.069560 0.523140
vt 0.071500 0.532800
vt 0.069520 0.532700
vt 0.481270 0.960610
vt 0.483250 0.961020
vt 0.481280 0.961150
vt 0.481080 0.941300
vt 0.483110 0.947440
vt 0.481140 0.947550
vt 0.480900 0.920410
vt 0.482980 0.932920
vt 0.481000 0.933030
vt 0.480730 0.897970
vt 0.482730 0.901450
vt 0.480760 0.901530
vt 0.482620 0.884660
vt 0.480730 0.897970
vt 0.480640 0.884730
vt 0.480580 0.874260
vt 0.482620 0.884660
vt 0.480640 0.884730
vt 0.482510 0.867290
vt 0.480580 0.874260
vt 0.480540 0.867360
vt 0.480440 0.849620
vt 0.482510 0.867290
vt 0.480540 0.867360
vt 0.482330 0.831220
vt 0.480440 0.849500
vt 0.480350 0.831260
vt 0.480320 0.824150
vt 0.482330 0.831220
vt 0.480350 0.831260
vt 0.073480 0.518370
vt 0.075310 0.518880
vt 0.073430 0.533080
vt 0.071500 0.532800
vt 0.073480 0.518370
vt 0.073430 0.533080
vt 0.071550 0.518060
vt 0.073480 0.518370
vt 0.071500 0.532800
vt 0.069560 0.523140
vt 0.071550 0.518060
vt 0.071500 0.532800
vt 0.069580 0.517960
vt 0.071550 0.518060
vt 0.069560 0.523140
vt 0.075380 0.505130
vt 0.077060 0.505890
vt 0.075310 0.518880
vt 0.073480 0.518370
vt 0.075380 0.505130
vt 0.075310 0.518880
vt 0.073550 0.504570
vt 0.075380 0.505130
vt 0.073480 0.518370
vt 0.071550 0.518060
vt 0.073550 0.504570
vt 0.073480 0.518370
vt 0.071620 0.504230
vt 0.073550 0.504570
vt 0.071550 0.518060
vt 0.069580 0.517960
vt 0.071620 0.504230
vt 0.071550 0.518060
vt 0.069640 0.504120
vt 0.071620 0.504230
vt 0.069580 0.517960
vt 0.552960 0.570290
vt 0.553950 0.571210
vt 0.541170 0.584370
vt 0.487000 0.960090
vt 0.488540 0.945840
vt 0.488680 0.959300
vt 0.486860 0.946570
vt 0.488540 0.945840
vt 0.487000 0.960090
vt 0.485180 0.960670
vt 0.486860 0.946570
vt 0.487000 0.960090
vt 0.485040 0.947110
vt 0.486860 0.946570
vt 0.485180 0.960670
vt 0.483250 0.961020
vt 0.485040 0.947110
vt 0.485180 0.960670
vt 0.483110 0.947440
vt 0.485040 0.947110
vt 0.483250 0.961020
vt 0.481270 0.960610
vt 0.483110 0.947440
vt 0.483250 0.961020
vt 0.481140 0.947550
vt 0.483110 0.947440
vt 0.481270 0.960610
vt 0.566670 0.558140
vt 0.567730 0.559300
vt 0.553950 0.571210
vt 0.552960 0.570290
vt 0.566670 0.558140
vt 0.553950 0.571210
vt 0.565750 0.557140
vt 0.566670 0.558140
vt 0.552960 0.570290
vt 0.486860 0.946570
vt 0.488410 0.931470
vt 0.488540 0.945840
vt 0.486730 0.932130
vt 0.488410 0.931470
vt 0.486860 0.946570
vt 0.485040 0.947110
vt 0.486730 0.932130
vt 0.486860 0.946570
vt 0.484910 0.932620
vt 0.486730 0.932130
vt 0.485040 0.947110
vt 0.483110 0.947440
vt 0.484910 0.932620
vt 0.485040 0.947110
vt 0.482980 0.932920
vt 0.484910 0.932620
vt 0.483110 0.947440
vt 0.481080 0.941300
vt 0.482980 0.932920
vt 0.483110 0.947440
vt 0.481000 0.933030
vt 0.482980 0.932920
vt 0.481080 0.941300
vt 0.676610 0.979120
vt 0.687190 0.981420
vt 0.687280 0.981690
vt 0.676250 0.980650
vt 0.676610 0.979120
vt 0.687280 0.981690
vt 0.659360 0.974300
vt 0.676610 0.979120
vt 0.676250 0.980650
vt 0.581280 0.547310
vt 0.582360 0.548690
vt 0.567730 0.559300
vt 0.566670 0.558140
vt 0.581280 0.547310
vt 0.567730 0.559300
vt 0.580300 0.546070
vt 0.581280 0.547310
vt 0.566670 0.558140
vt 0.565750 0.557140
vt 0.580300 0.546070
vt 0.566670 0.558140
vt 0.579460 0.545020
vt 0.580300 0.546070
vt 0.565750 0.557140
vt 0.486730 0.932130
vt 0.488280 0.916260
vt 0.488410 0.931470
vt 0.486610 0.916850
vt 0.488280 0.916260
vt 0.486730 0.932130
vt 0.484910 0.932620
vt 0.486610 0.916850
vt 0.486730 0.932130
vt 0.484780 0.917290
vt 0.486610 0.916850
vt 0.484910 0.932620
vt 0.482980 0.932920
vt 0.484780 0.917290
vt 0.484910 0.932620
vt 0.482850 0.917570
vt 0.484780 0.917290
vt 0.482980 0.932920
vt 0.480900 0.920410
vt 0.482850 0.917570
vt 0.482980 0.932920
vt 0.480880 0.917660
vt 0.482850 0.917570
vt 0.480900 0.920410
vt 0.677010 0.977390
vt 0.686490 0.979440
vt 0.687190 0.981420
vt 0.676610 0.979120
vt 0.677010 0.977390
vt 0.687190 0.981420
vt 0.659880 0.972610
vt 0.677010 0.977390
vt 0.676610 0.979120
vt 0.659360 0.974300
vt 0.659880 0.972610
vt 0.676610 0.979120
vt 0.643140 0.966530
vt 0.659880 0.972610
vt 0.659360 0.974300
vt 0.596640 0.537860
vt 0.597690 0.539430
vt 0.582360 0.548690
vt 0.581280 0.547310
vt 0.596640 0.537860
vt 0.582360 0.548690
vt 0.595650 0.536400
vt 0.596640 0.537860
vt 0.581280 0.547310
vt 0.580300 0.546070
vt 0.595650 0.536400
vt 0.581280 0.547310
vt 0.594770 0.535090
vt 0.595650 0.536400
vt 0.580300 0.546070
vt 0.579460 0.545020
vt 0.594770 0.535090
vt 0.580300 0.546070
vt 0.594010 0.533970
vt 0.594770 0.535090
vt 0.579460 0.545020
vt 0.486610 0.916850
vt 0.488160 0.900290
vt 0.488280 0.916260
vt 0.486490 0.900820
vt 0.488160 0.900290
vt 0.486610 0.916850
vt 0.484780 0.917290
vt 0.486490 0.900820
vt 0.486610 0.916850
vt 0.484660 0.901210
vt 0.486490 0.900820
vt 0.484780 0.917290
vt 0.482850 0.917570
vt 0.484660 0.901210
vt 0.484780 0.917290
vt 0.482730 0.901450
vt 0.484660 0.901210
vt 0.482850 0.917570
vt 0.480880 0.917660
vt 0.482730 0.901450
vt 0.482850 0.917570
vt 0.480760 0.901530
vt 0.482730 0.901450
vt 0.480880 0.917660
vt 0.677440 0.975540
vt 0.685760 0.977360
vt 0.686450 0.979320
vt 0.677010 0.977390
vt 0.677440 0.975540
vt 0.686450 0.979320
vt 0.660440 0.970790
vt 0.677440 0.975540
vt 0.677010 0.977390
vt 0.659880 0.972610
vt 0.660440 0.970790
vt 0.677010 0.977390
vt 0.643840 0.964760
vt 0.660440 0.970790
vt 0.659880 0.972610
vt 0.643140 0.966530
vt 0.643840 0.964760
vt 0.659880 0.972610
vt 0.627710 0.957470
vt 0.643840 0.964760
vt 0.643140 0.966530
vt 0.597280 0.939300
vt 0.590650 0.931750
vt 0.598390 0.937650
vt 0.612170 0.948970
vt 0.597280 0.939300
vt 0.598390 0.937650
vt 0.611230 0.950610
vt 0.597280 0.939300
vt 0.612170 0.948970
vt 0.626900 0.959180
vt 0.611230 0.950610
vt 0.612170 0.948970
vt 0.626130 0.960770
vt 0.611230 0.950610
vt 0.626900 0.959180
vt 0.642500 0.968170
vt 0.626130 0.960770
vt 0.626900 0.959180
vt 0.641920 0.969640
vt 0.626130 0.960770
vt 0.642500 0.968170
vt 0.658880 0.975810
vt 0.641920 0.969640
vt 0.642500 0.968170
vt 0.320140 0.939600
vt 0.321640 0.923270
vt 0.321630 0.940110
vt 0.320140 0.957060
vt 0.320140 0.939600
vt 0.321630 0.940110
vt 0.318460 0.956730
vt 0.320140 0.939600
vt 0.320140 0.957060
vt 0.319030 0.969700
vt 0.318460 0.956730
vt 0.320140 0.957060
vt 0.318460 0.969790
vt 0.318460 0.956730
vt 0.319030 0.969700
vt 0.581970 0.930000
vt 0.569820 0.916680
vt 0.583140 0.928510
vt 0.596220 0.940870
vt 0.581970 0.930000
vt 0.583140 0.928510
vt 0.595240 0.942320
vt 0.581970 0.930000
vt 0.596220 0.940870
vt 0.610350 0.952140
vt 0.595240 0.942320
vt 0.596220 0.940870
vt 0.609560 0.953510
vt 0.595240 0.942320
vt 0.610350 0.952140
vt 0.625450 0.962190
vt 0.609560 0.953510
vt 0.610350 0.952140
vt 0.624850 0.963410
vt 0.609560 0.953510
vt 0.625450 0.962190
vt 0.641410 0.970900
vt 0.624850 0.963410
vt 0.625450 0.962190
vt 0.318460 0.922190
vt 0.320160 0.906360
vt 0.320150 0.922670
vt 0.318460 0.939200
vt 0.318460 0.922190
vt 0.320150 0.922670
vt 0.316630 0.938900
vt 0.318460 0.922190
vt 0.318460 0.939200
vt 0.316630 0.956490
vt 0.316630 0.938900
vt 0.318460 0.939200
vt 0.314710 0.956340
vt 0.316630 0.938900
vt 0.316630 0.956490
vt 0.315700 0.970140
vt 0.314710 0.956340
vt 0.316630 0.956490
vt 0.314710 0.970200
vt 0.314710 0.956340
vt 0.315700 0.970140
vt 0.314700 0.938720
vt 0.312730 0.945440
vt 0.312720 0.938670
vt 0.314710 0.921630
vt 0.314700 0.938720
vt 0.312720 0.938670
vt 0.316640 0.921840
vt 0.314700 0.938720
vt 0.314710 0.921630
vt 0.316650 0.905400
vt 0.316640 0.921840
vt 0.314710 0.921630
vt 0.318480 0.905810
vt 0.316640 0.921840
vt 0.316650 0.905400
vt 0.318510 0.890130
vt 0.318480 0.905810
vt 0.316650 0.905400
vt 0.320190 0.890750
vt 0.318480 0.905810
vt 0.318510 0.890130
vt 0.320230 0.875940
vt 0.320190 0.890750
vt 0.318510 0.890130
vt 0.594350 0.943630
vt 0.608880 0.954680
vt 0.593590 0.944740
vt 0.579900 0.932610
vt 0.594350 0.943630
vt 0.593590 0.944740
vt 0.580880 0.931380
vt 0.594350 0.943630
vt 0.579900 0.932610
vt 0.567360 0.919360
vt 0.580880 0.931380
vt 0.579900 0.932610
vt 0.568540 0.918070
vt 0.580880 0.931380
vt 0.567360 0.919360
vt 0.556020 0.905150
vt 0.568540 0.918070
vt 0.567360 0.919360
vt 0.557400 0.903860
vt 0.568540 0.918070
vt 0.556020 0.905150
vt 0.545940 0.890120
vt 0.557400 0.903860
vt 0.556020 0.905150
vt 0.547470 0.888880
vt 0.557400 0.903860
vt 0.545940 0.890120
vt 0.543040 0.882690
vt 0.547470 0.888880
vt 0.545940 0.890120
vt 0.314730 0.905160
vt 0.312750 0.905080
vt 0.312760 0.898820
vt 0.314750 0.889410
vt 0.314730 0.905160
vt 0.312760 0.898820
vt 0.316680 0.889680
vt 0.314730 0.905160
vt 0.314750 0.889410
vt 0.316720 0.874760
vt 0.316680 0.889680
vt 0.314750 0.889410
vt 0.318550 0.875260
vt 0.316680 0.889680
vt 0.316720 0.874760
vt 0.318600 0.861260
vt 0.318550 0.875260
vt 0.316720 0.874760
vt 0.320280 0.862010
vt 0.318550 0.875260
vt 0.318600 0.861260
vt 0.077970 0.843760
vt 0.078120 0.857340
vt 0.076450 0.858120
vt 0.566300 0.920520
vt 0.579060 0.933670
vt 0.565380 0.921510
vt 0.553600 0.907420
vt 0.566300 0.920520
vt 0.565380 0.921510
vt 0.554750 0.906350
vt 0.566300 0.920520
vt 0.553600 0.907420
vt 0.543120 0.892410
vt 0.554750 0.906350
vt 0.553600 0.907420
vt 0.544480 0.891310
vt 0.554750 0.906350
vt 0.543120 0.892410
vt 0.533970 0.876620
vt 0.544480 0.891310
vt 0.543120 0.892410
vt 0.535510 0.875550
vt 0.544480 0.891310
vt 0.533970 0.876620
vt 0.526170 0.860210
vt 0.535510 0.875550
vt 0.533970 0.876620
vt 0.314790 0.874450
vt 0.312810 0.877520
vt 0.312820 0.874360
vt 0.314840 0.860390
vt 0.314790 0.874450
vt 0.312820 0.874360
vt 0.316770 0.860720
vt 0.314790 0.874450
vt 0.314840 0.860390
vt 0.074470 0.845010
vt 0.074620 0.858690
vt 0.072690 0.859050
vt 0.076300 0.844480
vt 0.074620 0.858690
vt 0.074470 0.845010
vt 0.076150 0.829930
vt 0.076300 0.844480
vt 0.074470 0.845010
vt 0.077830 0.829280
vt 0.076300 0.844480
vt 0.076150 0.829930
vt 0.077700 0.813970
vt 0.077830 0.829280
vt 0.076150 0.829930
vt 0.541900 0.893390
vt 0.552620 0.908340
vt 0.540850 0.894230
vt 0.531240 0.878500
vt 0.541900 0.893390
vt 0.540850 0.894230
vt 0.532530 0.877610
vt 0.541900 0.893390
vt 0.531240 0.878500
vt 0.523050 0.862040
vt 0.532530 0.877610
vt 0.531240 0.878500
vt 0.524560 0.861160
vt 0.532530 0.877610
vt 0.523050 0.862040
vt 0.516290 0.845030
vt 0.524560 0.861160
vt 0.523050 0.862040
vt 0.517980 0.844210
vt 0.524560 0.861160
vt 0.516290 0.845030
vt 0.510960 0.827620
vt 0.517980 0.844210
vt 0.516290 0.845030
vt 0.512780 0.826900
vt 0.517980 0.844210
vt 0.510960 0.827620
vt 0.509930 0.818490
vt 0.512780 0.826900
vt 0.510960 0.827620
vt 0.072540 0.845340
vt 0.070570 0.845450
vt 0.070490 0.837120
vt 0.072400 0.830720
vt 0.072540 0.845340
vt 0.070490 0.837120
vt 0.074330 0.830420
vt 0.072540 0.845340
vt 0.072400 0.830720
vt 0.074190 0.814990
vt 0.074330 0.830420
vt 0.072400 0.830720
vt 0.076020 0.814560
vt 0.074330 0.830420
vt 0.074190 0.814990
vt 0.075890 0.798430
vt 0.076020 0.814560
vt 0.074190 0.814990
vt 0.077570 0.797910
vt 0.076020 0.814560
vt 0.075890 0.798430
vt 0.077450 0.781210
vt 0.077570 0.797910
vt 0.075890 0.798430
vt 0.078940 0.780660
vt 0.077570 0.797910
vt 0.077450 0.781210
vt 0.078830 0.763480
vt 0.078940 0.780660
vt 0.077450 0.781210
vt 0.514730 0.845800
vt 0.521700 0.862830
vt 0.513330 0.846480
vt 0.507610 0.828960
vt 0.514730 0.845800
vt 0.513330 0.846480
vt 0.509220 0.828310
vt 0.514730 0.845800
vt 0.507610 0.828960
vt 0.503390 0.811100
vt 0.509220 0.828310
vt 0.507610 0.828960
vt 0.505170 0.810540
vt 0.509220 0.828310
vt 0.503390 0.811100
vt 0.500640 0.793070
vt 0.505170 0.810540
vt 0.503390 0.811100
vt 0.072400 0.830720
vt 0.070430 0.830820
vt 0.070290 0.815970
vt 0.072270 0.815260
vt 0.072400 0.830720
vt 0.070290 0.815970
vt 0.074190 0.814990
vt 0.072400 0.830720
vt 0.072270 0.815260
vt 0.074060 0.798810
vt 0.074190 0.814990
vt 0.072270 0.815260
vt 0.075890 0.798430
vt 0.074190 0.814990
vt 0.074060 0.798810
vt 0.075770 0.781650
vt 0.075890 0.798430
vt 0.074060 0.798810
vt 0.077450 0.781210
vt 0.075890 0.798430
vt 0.075770 0.781650
vt 0.077340 0.763940
vt 0.077450 0.781210
vt 0.075770 0.781650
vt 0.078830 0.763480
vt 0.077450 0.781210
vt 0.077340 0.763940
vt 0.078730 0.745850
vt 0.078830 0.763480
vt 0.077340 0.763940
vt 0.507610 0.828960
vt 0.513330 0.846480
vt 0.506160 0.829530
vt 0.501730 0.811620
vt 0.507610 0.828960
vt 0.506160 0.829530
vt 0.503390 0.811100
vt 0.507610 0.828960
vt 0.501730 0.811620
vt 0.498820 0.793490
vt 0.503390 0.811100
vt 0.501730 0.811620
vt 0.500640 0.793070
vt 0.503390 0.811100
vt 0.498820 0.793490
vt 0.497390 0.775300
vt 0.500640 0.793070
vt 0.498820 0.793490
vt 0.072270 0.815260
vt 0.070290 0.815970
vt 0.070290 0.815350
vt 0.072140 0.799050
vt 0.072270 0.815260
vt 0.070290 0.815350
vt 0.074060 0.798810
vt 0.072270 0.815260
vt 0.072140 0.799050
vt 0.073950 0.781980
vt 0.074060 0.798810
vt 0.072140 0.799050
vt 0.075770 0.781650
vt 0.074060 0.798810
vt 0.073950 0.781980
vt 0.075660 0.764310
vt 0.075770 0.781650
vt 0.073950 0.781980
vt 0.077340 0.763940
vt 0.075770 0.781650
vt 0.075660 0.764310
vt 0.077240 0.746210
vt 0.077340 0.763940
vt 0.075660 0.764310
vt 0.078730 0.745850
vt 0.077340 0.763940
vt 0.077240 0.746210
vt 0.078640 0.727860
vt 0.078730 0.745850
vt 0.077240 0.746210
vt 0.501730 0.811620
vt 0.506160 0.829530
vt 0.500250 0.812080
vt 0.497130 0.793880
vt 0.501730 0.811620
vt 0.500250 0.812080
vt 0.498820 0.793490
vt 0.501730 0.811620
vt 0.497130 0.793880
vt 0.495550 0.775580
vt 0.498820 0.793490
vt 0.497130 0.793880
vt 0.497390 0.775300
vt 0.498820 0.793490
vt 0.495550 0.775580
vt 0.495440 0.757320
vt 0.497390 0.775300
vt 0.495550 0.775580
vt 0.072020 0.782190
vt 0.070040 0.782260
vt 0.069960 0.769320
vt 0.071910 0.764750
vt 0.072020 0.782190
vt 0.069960 0.769320
vt 0.073830 0.764590
vt 0.072020 0.782190
vt 0.071910 0.764750
vt 0.073730 0.746720
vt 0.073830 0.764590
vt 0.071910 0.764750
vt 0.075560 0.746510
vt 0.073830 0.764590
vt 0.073730 0.746720
vt 0.075470 0.728330
vt 0.075560 0.746510
vt 0.073730 0.746720
vt 0.077150 0.728120
vt 0.075560 0.746510
vt 0.075470 0.728330
vt 0.077070 0.709760
vt 0.077150 0.728120
vt 0.075470 0.728330
vt 0.078560 0.709600
vt 0.077150 0.728120
vt 0.077070 0.709760
vt 0.078500 0.691190
vt 0.078560 0.709600
vt 0.077070 0.709760
vt 0.493830 0.775840
vt 0.495620 0.794230
vt 0.492300 0.776070
vt 0.491850 0.757590
vt 0.493830 0.775840
vt 0.492300 0.776070
vt 0.493580 0.757460
vt 0.493830 0.775840
vt 0.491850 0.757590
vt 0.492940 0.739250
vt 0.493580 0.757460
vt 0.491850 0.757590
vt 0.494800 0.739250
vt 0.493580 0.757460
vt 0.492940 0.739250
vt 0.495480 0.721180
vt 0.494800 0.739250
vt 0.492940 0.739250
vt 0.497420 0.721330
vt 0.494800 0.739250
vt 0.495480 0.721180
vt 0.498360 0.712860
vt 0.497420 0.721330
vt 0.495480 0.721180
vt 0.071810 0.746860
vt 0.069830 0.746910
vt 0.069820 0.744490
vt 0.071720 0.728590
vt 0.071810 0.746860
vt 0.069820 0.744490
vt 0.073640 0.728490
vt 0.071810 0.746860
vt 0.071720 0.728590
vt 0.073560 0.710000
vt 0.073640 0.728490
vt 0.071720 0.728590
vt 0.075390 0.709900
vt 0.073640 0.728490
vt 0.073560 0.710000
vt 0.075320 0.691300
vt 0.075390 0.709900
vt 0.073560 0.710000
vt 0.077010 0.691250
vt 0.075390 0.709900
vt 0.075320 0.691300
vt 0.076950 0.672670
vt 0.077010 0.691250
vt 0.075320 0.691300
vt 0.078440 0.672710
vt 0.077010 0.691250
vt 0.076950 0.672670
vt 0.078400 0.654280
vt 0.078440 0.672710
vt 0.076950 0.672670
vt 0.491200 0.739250
vt 0.490300 0.757710
vt 0.489650 0.739250
vt 0.491890 0.720900
vt 0.491200 0.739250
vt 0.489650 0.739250
vt 0.493620 0.721040
vt 0.491200 0.739250
vt 0.491890 0.720900
vt 0.495620 0.702930
vt 0.493620 0.721040
vt 0.491890 0.720900
vt 0.497460 0.703220
vt 0.493620 0.721040
vt 0.495620 0.702930
vt 0.500750 0.685450
vt 0.497460 0.703220
vt 0.495620 0.702930
vt 0.071720 0.728590
vt 0.069740 0.728630
vt 0.069700 0.718930
vt 0.071640 0.710060
vt 0.071720 0.728590
vt 0.069700 0.718930
vt 0.073560 0.710000
vt 0.071720 0.728590
vt 0.071640 0.710060
vt 0.073500 0.691340
vt 0.073560 0.710000
vt 0.071640 0.710060
vt 0.075320 0.691300
vt 0.073560 0.710000
vt 0.073500 0.691340
vt 0.075270 0.672640
vt 0.075320 0.691300
vt 0.073500 0.691340
vt 0.076950 0.672670
vt 0.075320 0.691300
vt 0.075270 0.672640
vt 0.076910 0.654140
vt 0.076950 0.672670
vt 0.075270 0.672640
vt 0.078400 0.654280
vt 0.076950 0.672670
vt 0.076910 0.654140
vt 0.078360 0.636000
vt 0.078400 0.654280
vt 0.076910 0.654140
vt 0.491890 0.720900
vt 0.489650 0.739250
vt 0.490340 0.720780
vt 0.493910 0.702660
vt 0.491890 0.720900
vt 0.490340 0.720780
vt 0.495620 0.702930
vt 0.491890 0.720900
vt 0.493910 0.702660
vt 0.498930 0.685020
vt 0.495620 0.702930
vt 0.493910 0.702660
vt 0.500750 0.685450
vt 0.495620 0.702930
vt 0.498930 0.685020
vt 0.505320 0.667990
vt 0.500750 0.685450
vt 0.498930 0.685020
vt 0.071640 0.710060
vt 0.069660 0.710080
vt 0.069600 0.692990
vt 0.071570 0.691360
vt 0.071640 0.710060
vt 0.069600 0.692990
vt 0.073500 0.691340
vt 0.071640 0.710060
vt 0.071570 0.691360
vt 0.073440 0.672620
vt 0.073500 0.691340
vt 0.071570 0.691360
vt 0.075270 0.672640
vt 0.073500 0.691340
vt 0.073440 0.672620
vt 0.075220 0.654030
vt 0.075270 0.672640
vt 0.073440 0.672620
vt 0.076910 0.654140
vt 0.075270 0.672640
vt 0.075220 0.654030
vt 0.076870 0.635760
vt 0.076910 0.654140
vt 0.075220 0.654030
vt 0.078360 0.636000
vt 0.076910 0.654140
vt 0.076870 0.635760
vt 0.078340 0.617960
vt 0.078360 0.636000
vt 0.076870 0.635760
vt 0.493910 0.702660
vt 0.490340 0.720780
vt 0.492370 0.702430
vt 0.497240 0.684630
vt 0.493910 0.702660
vt 0.492370 0.702430
vt 0.498930 0.685020
vt 0.493910 0.702660
vt 0.497240 0.684630
vt 0.503540 0.667420
vt 0.498930 0.685020
vt 0.497240 0.684630
vt 0.505320 0.667990
vt 0.498930 0.685020
vt 0.503540 0.667420
vt 0.511140 0.650920
vt 0.505320 0.667990
vt 0.503540 0.667420
vt 0.071510 0.672610
vt 0.069530 0.672610
vt 0.069520 0.666910
vt 0.071470 0.653900
vt 0.071510 0.672610
vt 0.069520 0.666910
vt 0.073390 0.653950
vt 0.071510 0.672610
vt 0.071470 0.653900
vt 0.073360 0.635430
vt 0.073390 0.653950
vt 0.071470 0.653900
vt 0.075190 0.635570
vt 0.073390 0.653950
vt 0.073360 0.635430
vt 0.075170 0.617350
vt 0.075190 0.635570
vt 0.073360 0.635430
vt 0.076850 0.617630
vt 0.075190 0.635570
vt 0.075170 0.617350
vt 0.076850 0.599850
vt 0.076850 0.617630
vt 0.075170 0.617350
vt 0.078340 0.600280
vt 0.076850 0.617630
vt 0.076850 0.599850
vt 0.078340 0.583050
vt 0.078340 0.600280
vt 0.076850 0.599850
vt 0.501880 0.666900
vt 0.495730 0.684280
vt 0.500400 0.666430
vt 0.507790 0.649580
vt 0.501880 0.666900
vt 0.500400 0.666430
vt 0.509410 0.650220
vt 0.501880 0.666900
vt 0.507790 0.649580
vt 0.516510 0.633520
vt 0.509410 0.650220
vt 0.507790 0.649580
vt 0.518190 0.634350
vt 0.509410 0.650220
vt 0.516510 0.633520
vt 0.526420 0.618360
vt 0.518190 0.634350
vt 0.516510 0.633520
vt 0.528110 0.619360
vt 0.518190 0.634350
vt 0.526420 0.618360
vt 0.535580 0.607150
vt 0.528110 0.619360
vt 0.526420 0.618360
vt 0.071430 0.635340
vt 0.069470 0.640980
vt 0.069460 0.635320
vt 0.071410 0.617040
vt 0.071430 0.635340
vt 0.069460 0.635320
vt 0.073340 0.617160
vt 0.071430 0.635340
vt 0.071410 0.617040
vt 0.073330 0.599240
vt 0.073340 0.617160
vt 0.071410 0.617040
vt 0.075160 0.599500
vt 0.073340 0.617160
vt 0.073330 0.599240
vt 0.075170 0.582090
vt 0.075160 0.599500
vt 0.073330 0.599240
vt 0.076850 0.582520
vt 0.075160 0.599500
vt 0.075170 0.582090
vt 0.076870 0.565730
vt 0.076850 0.582520
vt 0.075170 0.582090
vt 0.078360 0.566360
vt 0.076850 0.582520
vt 0.076870 0.565730
vt 0.513550 0.632060
vt 0.506350 0.649000
vt 0.505100 0.648500
vt 0.514950 0.632750
vt 0.506350 0.649000
vt 0.513550 0.632060
vt 0.523300 0.616520
vt 0.514950 0.632750
vt 0.513550 0.632060
vt 0.524810 0.617410
vt 0.514950 0.632750
vt 0.523300 0.616520
vt 0.534250 0.601970
vt 0.524810 0.617410
vt 0.523300 0.616520
vt 0.535790 0.603050
vt 0.524810 0.617410
vt 0.534250 0.601970
vt 0.546250 0.588490
vt 0.535790 0.603050
vt 0.534250 0.601970
vt 0.071410 0.599090
vt 0.069430 0.599040
vt 0.069430 0.590690
vt 0.071410 0.581590
vt 0.071410 0.599090
vt 0.069430 0.590690
vt 0.073340 0.581780
vt 0.071410 0.599090
vt 0.071410 0.581590
vt 0.073360 0.564870
vt 0.073340 0.581780
vt 0.071410 0.581590
vt 0.075190 0.565230
vt 0.073340 0.581780
vt 0.073360 0.564870
vt 0.075220 0.549020
vt 0.075190 0.565230
vt 0.073360 0.564870
vt 0.076900 0.549590
vt 0.075190 0.565230
vt 0.075220 0.549020
vt 0.076940 0.534180
vt 0.076900 0.549590
vt 0.075220 0.549020
vt 0.521960 0.615730
vt 0.512340 0.631480
vt 0.520800 0.615050
vt 0.531530 0.600090
vt 0.521960 0.615730
vt 0.520800 0.615050
vt 0.532820 0.600980
vt 0.521960 0.615730
vt 0.531530 0.600090
vt 0.543430 0.586200
vt 0.532820 0.600980
vt 0.531530 0.600090
vt 0.544790 0.587310
vt 0.532820 0.600980
vt 0.543430 0.586200
vt 0.556370 0.573490
vt 0.544790 0.587310
vt 0.543430 0.586200
vt 0.557730 0.574780
vt 0.544790 0.587310
vt 0.556370 0.573490
vt 0.570180 0.561990
vt 0.557730 0.574780
vt 0.556370 0.573490
vt 0.571510 0.563450
vt 0.557730 0.574780
vt 0.570180 0.561990
vt 0.582070 0.554110
vt 0.571510 0.563450
vt 0.570180 0.561990
vt 0.677880 0.973590
vt 0.684990 0.975170
vt 0.685750 0.977320
vt 0.677440 0.975540
vt 0.677880 0.973590
vt 0.685750 0.977320
vt 0.661030 0.968890
vt 0.677880 0.973590
vt 0.677440 0.975540
vt 0.660440 0.970790
vt 0.661030 0.968890
vt 0.677440 0.975540
vt 0.644560 0.962900
vt 0.661030 0.968890
vt 0.660440 0.970790
vt 0.643840 0.964760
vt 0.644560 0.962900
vt 0.660440 0.970790
vt 0.638350 0.960100
vt 0.644560 0.962900
vt 0.643840 0.964760
vt 0.627710 0.957470
vt 0.638350 0.960100
vt 0.643840 0.964760
vt 0.628570 0.955670
vt 0.638350 0.960100
vt 0.627710 0.957470
vt 0.613150 0.947240
vt 0.628570 0.955670
vt 0.627710 0.957470
vt 0.612170 0.948970
vt 0.598390 0.937650
vt 0.613150 0.947240
vt 0.627710 0.957470
vt 0.612170 0.948970
vt 0.613150 0.947240
vt 0.626900 0.959180
vt 0.612170 0.948970
vt 0.627710 0.957470
vt 0.643140 0.966530
vt 0.626900 0.959180
vt 0.627710 0.957470
vt 0.642500 0.968170
vt 0.626900 0.959180
vt 0.643140 0.966530
vt 0.659360 0.974300
vt 0.642500 0.968170
vt 0.643140 0.966530
vt 0.658880 0.975810
vt 0.642500 0.968170
vt 0.659360 0.974300
vt 0.676250 0.980650
vt 0.658880 0.975810
vt 0.659360 0.974300
vt 0.320140 0.957060
vt 0.321630 0.940110
vt 0.321630 0.957470
vt 0.321400 0.969120
vt 0.320140 0.957060
vt 0.321630 0.957470
vt 0.320140 0.969460
vt 0.320140 0.957060
vt 0.321400 0.969120
vt 0.318460 0.956730
vt 0.317400 0.969960
vt 0.316630 0.956490
vt 0.318460 0.939200
vt 0.318460 0.956730
vt 0.316630 0.956490
vt 0.320140 0.939600
vt 0.318460 0.956730
vt 0.318460 0.939200
vt 0.320150 0.922670
vt 0.320140 0.939600
vt 0.318460 0.939200
vt 0.321640 0.923270
vt 0.320140 0.939600
vt 0.320150 0.922670
vt 0.625450 0.962190
vt 0.641920 0.969640
vt 0.641410 0.970900
vt 0.626130 0.960770
vt 0.641920 0.969640
vt 0.625450 0.962190
vt 0.610350 0.952140
vt 0.626130 0.960770
vt 0.625450 0.962190
vt 0.611230 0.950610
vt 0.626130 0.960770
vt 0.610350 0.952140
vt 0.596220 0.940870
vt 0.611230 0.950610
vt 0.610350 0.952140
vt 0.597280 0.939300
vt 0.611230 0.950610
vt 0.596220 0.940870
vt 0.583140 0.928510
vt 0.597280 0.939300
vt 0.596220 0.940870
vt 0.590650 0.931750
vt 0.597280 0.939300
vt 0.583140 0.928510
vt 0.569820 0.916680
vt 0.558830 0.902510
vt 0.571150 0.915220
vt 0.581690 0.924580
vt 0.569820 0.916680
vt 0.571150 0.915220
vt 0.583140 0.928510
vt 0.569820 0.916680
vt 0.581690 0.924580
vt 0.584360 0.926960
vt 0.583140 0.928510
vt 0.581690 0.924580
vt 0.590650 0.931750
vt 0.583140 0.928510
vt 0.584360 0.926960
vt 0.314710 0.956340
vt 0.312730 0.956300
vt 0.312730 0.945440
vt 0.314700 0.938720
vt 0.314710 0.956340
vt 0.312730 0.945440
vt 0.316630 0.938900
vt 0.314710 0.956340
vt 0.314700 0.938720
vt 0.316640 0.921840
vt 0.316630 0.938900
vt 0.314700 0.938720
vt 0.318460 0.922190
vt 0.316630 0.938900
vt 0.316640 0.921840
vt 0.318480 0.905810
vt 0.318460 0.922190
vt 0.316640 0.921840
vt 0.320160 0.906360
vt 0.318460 0.922190
vt 0.318480 0.905810
vt 0.320190 0.890750
vt 0.320160 0.906360
vt 0.318480 0.905810
vt 0.609560 0.953510
vt 0.624850 0.963410
vt 0.608880 0.954680
vt 0.594350 0.943630
vt 0.609560 0.953510
vt 0.608880 0.954680
vt 0.595240 0.942320
vt 0.609560 0.953510
vt 0.594350 0.943630
vt 0.580880 0.931380
vt 0.595240 0.942320
vt 0.594350 0.943630
vt 0.581970 0.930000
vt 0.595240 0.942320
vt 0.580880 0.931380
vt 0.568540 0.918070
vt 0.581970 0.930000
vt 0.580880 0.931380
vt 0.569820 0.916680
vt 0.581970 0.930000
vt 0.568540 0.918070
vt 0.557400 0.903860
vt 0.569820 0.916680
vt 0.568540 0.918070
vt 0.558830 0.902510
vt 0.569820 0.916680
vt 0.557400 0.903860
vt 0.547470 0.888880
vt 0.558830 0.902510
vt 0.557400 0.903860
vt 0.314710 0.921630
vt 0.312730 0.921560
vt 0.312730 0.921450
vt 0.314730 0.905160
vt 0.314710 0.921630
vt 0.312730 0.921450
vt 0.316650 0.905400
vt 0.314710 0.921630
vt 0.314730 0.905160
vt 0.316680 0.889680
vt 0.316650 0.905400
vt 0.314730 0.905160
vt 0.318510 0.890130
vt 0.316650 0.905400
vt 0.316680 0.889680
vt 0.318550 0.875260
vt 0.318510 0.890130
vt 0.316680 0.889680
vt 0.320230 0.875940
vt 0.318510 0.890130
vt 0.318550 0.875260
vt 0.320280 0.862010
vt 0.320230 0.875940
vt 0.318550 0.875260
vt 0.579900 0.932610
vt 0.593590 0.944740
vt 0.579060 0.933670
vt 0.566300 0.920520
vt 0.579900 0.932610
vt 0.579060 0.933670
vt 0.567360 0.919360
vt 0.579900 0.932610
vt 0.566300 0.920520
vt 0.554750 0.906350
vt 0.567360 0.919360
vt 0.566300 0.920520
vt 0.556020 0.905150
vt 0.567360 0.919360
vt 0.554750 0.906350
vt 0.544480 0.891310
vt 0.556020 0.905150
vt 0.554750 0.906350
vt 0.545940 0.890120
vt 0.556020 0.905150
vt 0.544480 0.891310
vt 0.535510 0.875550
vt 0.545940 0.890120
vt 0.544480 0.891310
vt 0.543040 0.882690
vt 0.545940 0.890120
vt 0.535510 0.875550
vt 0.526170 0.860210
vt 0.519730 0.843350
vt 0.527860 0.859220
vt 0.535310 0.871440
vt 0.526170 0.860210
vt 0.527860 0.859220
vt 0.535510 0.875550
vt 0.526170 0.860210
vt 0.535310 0.871440
vt 0.537130 0.874430
vt 0.535510 0.875550
vt 0.535310 0.871440
vt 0.543040 0.882690
vt 0.535510 0.875550
vt 0.537130 0.874430
vt 0.314750 0.889410
vt 0.312780 0.889320
vt 0.312810 0.877520
vt 0.314790 0.874450
vt 0.314750 0.889410
vt 0.312810 0.877520
vt 0.316720 0.874760
vt 0.314750 0.889410
vt 0.314790 0.874450
vt 0.316770 0.860720
vt 0.316720 0.874760
vt 0.314790 0.874450
vt 0.318600 0.861260
vt 0.316720 0.874760
vt 0.316770 0.860720
vt 0.076300 0.844480
vt 0.076450 0.858120
vt 0.074620 0.858690
vt 0.077970 0.843760
vt 0.076450 0.858120
vt 0.076300 0.844480
vt 0.077830 0.829280
vt 0.077970 0.843760
vt 0.076300 0.844480
vt 0.553600 0.907420
vt 0.565380 0.921510
vt 0.552620 0.908340
vt 0.541900 0.893390
vt 0.553600 0.907420
vt 0.552620 0.908340
vt 0.543120 0.892410
vt 0.553600 0.907420
vt 0.541900 0.893390
vt 0.532530 0.877610
vt 0.543120 0.892410
vt 0.541900 0.893390
vt 0.533970 0.876620
vt 0.543120 0.892410
vt 0.532530 0.877610
vt 0.524560 0.861160
vt 0.533970 0.876620
vt 0.532530 0.877610
vt 0.526170 0.860210
vt 0.533970 0.876620
vt 0.524560 0.861160
vt 0.517980 0.844210
vt 0.526170 0.860210
vt 0.524560 0.861160
vt 0.519730 0.843350
vt 0.526170 0.860210
vt 0.517980 0.844210
vt 0.512780 0.826900
vt 0.519730 0.843350
vt 0.517980 0.844210
vt 0.072690 0.859050
vt 0.070720 0.859170
vt 0.070690 0.856720
vt 0.072540 0.845340
vt 0.072690 0.859050
vt 0.070690 0.856720
vt 0.074470 0.845010
vt 0.072690 0.859050
vt 0.072540 0.845340
vt 0.074330 0.830420
vt 0.074470 0.845010
vt 0.072540 0.845340
vt 0.076150 0.829930
vt 0.074470 0.845010
vt 0.074330 0.830420
vt 0.076020 0.814560
vt 0.076150 0.829930
vt 0.074330 0.830420
vt 0.077700 0.813970
vt 0.076150 0.829930
vt 0.076020 0.814560
vt 0.077570 0.797910
vt 0.077700 0.813970
vt 0.076020 0.814560
vt 0.531240 0.878500
vt 0.540850 0.894230
vt 0.530140 0.879260
vt 0.078940 0.780660
vt 0.079060 0.797270
vt 0.077570 0.797910
vt 0.523050 0.862040
vt 0.531240 0.878500
vt 0.521700 0.862830
vt 0.514730 0.845800
vt 0.523050 0.862040
vt 0.521700 0.862830
vt 0.516290 0.845030
vt 0.523050 0.862040
vt 0.514730 0.845800
vt 0.509220 0.828310
vt 0.516290 0.845030
vt 0.514730 0.845800
vt 0.510960 0.827620
vt 0.516290 0.845030
vt 0.509220 0.828310
vt 0.505170 0.810540
vt 0.510960 0.827620
vt 0.509220 0.828310
vt 0.509930 0.818490
vt 0.510960 0.827620
vt 0.505170 0.810540
vt 0.495440 0.757320
vt 0.496750 0.739260
vt 0.497380 0.757180
vt 0.498300 0.765650
vt 0.495440 0.757320
vt 0.497380 0.757180
vt 0.497390 0.775300
vt 0.495440 0.757320
vt 0.498300 0.765650
vt 0.499320 0.775000
vt 0.497390 0.775300
vt 0.498300 0.765650
vt 0.500640 0.793070
vt 0.497390 0.775300
vt 0.499320 0.775000
vt 0.502540 0.792630
vt 0.500640 0.793070
vt 0.499320 0.775000
vt 0.505170 0.810540
vt 0.500640 0.793070
vt 0.502540 0.792630
vt 0.507040 0.809960
vt 0.505170 0.810540
vt 0.502540 0.792630
vt 0.509930 0.818490
vt 0.505170 0.810540
vt 0.507040 0.809960
vt 0.072140 0.799050
vt 0.070160 0.799130
vt 0.070120 0.793210
vt 0.072020 0.782190
vt 0.072140 0.799050
vt 0.070120 0.793210
vt 0.073950 0.781980
vt 0.072140 0.799050
vt 0.072020 0.782190
vt 0.073830 0.764590
vt 0.073950 0.781980
vt 0.072020 0.782190
vt 0.075660 0.764310
vt 0.073950 0.781980
vt 0.073830 0.764590
vt 0.075560 0.746510
vt 0.075660 0.764310
vt 0.073830 0.764590
vt 0.077240 0.746210
vt 0.075660 0.764310
vt 0.075560 0.746510
vt 0.077150 0.728120
vt 0.077240 0.746210
vt 0.075560 0.746510
vt 0.078640 0.727860
vt 0.077240 0.746210
vt 0.077150 0.728120
vt 0.078560 0.709600
vt 0.078640 0.727860
vt 0.077150 0.728120
vt 0.497130 0.793880
vt 0.500250 0.812080
vt 0.495620 0.794230
vt 0.493830 0.775840
vt 0.497130 0.793880
vt 0.495620 0.794230
vt 0.495550 0.775580
vt 0.497130 0.793880
vt 0.493830 0.775840
vt 0.493580 0.757460
vt 0.495550 0.775580
vt 0.493830 0.775840
vt 0.495440 0.757320
vt 0.495550 0.775580
vt 0.493580 0.757460
vt 0.494800 0.739250
vt 0.495440 0.757320
vt 0.493580 0.757460
vt 0.496750 0.739260
vt 0.495440 0.757320
vt 0.494800 0.739250
vt 0.497420 0.721330
vt 0.496750 0.739260
vt 0.494800 0.739250
vt 0.071910 0.764750
vt 0.069960 0.769320
vt 0.069930 0.764820
vt 0.071810 0.746860
vt 0.071910 0.764750
vt 0.069930 0.764820
vt 0.073730 0.746720
vt 0.071910 0.764750
vt 0.071810 0.746860
vt 0.073640 0.728490
vt 0.073730 0.746720
vt 0.071810 0.746860
vt 0.075470 0.728330
vt 0.073730 0.746720
vt 0.073640 0.728490
vt 0.075390 0.709900
vt 0.075470 0.728330
vt 0.073640 0.728490
vt 0.077070 0.709760
vt 0.075470 0.728330
vt 0.075390 0.709900
vt 0.077010 0.691250
vt 0.077070 0.709760
vt 0.075390 0.709900
vt 0.078500 0.691190
vt 0.077070 0.709760
vt 0.077010 0.691250
vt 0.078440 0.672710
vt 0.078500 0.691190
vt 0.077010 0.691250
vt 0.491850 0.757590
vt 0.492300 0.776070
vt 0.490300 0.757710
vt 0.491200 0.739250
vt 0.491850 0.757590
vt 0.490300 0.757710
vt 0.492940 0.739250
vt 0.491850 0.757590
vt 0.491200 0.739250
vt 0.493620 0.721040
vt 0.492940 0.739250
vt 0.491200 0.739250
vt 0.495480 0.721180
vt 0.492940 0.739250
vt 0.493620 0.721040
vt 0.497460 0.703220
vt 0.495480 0.721180
vt 0.493620 0.721040
vt 0.498360 0.712860
vt 0.495480 0.721180
vt 0.497460 0.703220
vt 0.511140 0.650920
vt 0.519950 0.635210
vt 0.512960 0.651650
vt 0.510090 0.660050
vt 0.511140 0.650920
vt 0.512960 0.651650
vt 0.505320 0.667990
vt 0.511140 0.650920
vt 0.510090 0.660050
vt 0.507180 0.668580
vt 0.505320 0.667990
vt 0.510090 0.660050
vt 0.500750 0.685450
vt 0.505320 0.667990
vt 0.507180 0.668580
vt 0.502650 0.685900
vt 0.500750 0.685450
vt 0.507180 0.668580
vt 0.497460 0.703220
vt 0.500750 0.685450
vt 0.502650 0.685900
vt 0.499390 0.703520
vt 0.497460 0.703220
vt 0.502650 0.685900
vt 0.498360 0.712860
vt 0.497460 0.703220
vt 0.499390 0.703520
vt 0.071570 0.691360
vt 0.069600 0.692990
vt 0.069590 0.691380
vt 0.071510 0.672610
vt 0.071570 0.691360
vt 0.069590 0.691380
vt 0.073440 0.672620
vt 0.071570 0.691360
vt 0.071510 0.672610
vt 0.073390 0.653950
vt 0.073440 0.672620
vt 0.071510 0.672610
vt 0.075220 0.654030
vt 0.073440 0.672620
vt 0.073390 0.653950
vt 0.075190 0.635570
vt 0.075220 0.654030
vt 0.073390 0.653950
vt 0.076870 0.635760
vt 0.075220 0.654030
vt 0.075190 0.635570
vt 0.076850 0.617630
vt 0.076870 0.635760
vt 0.075190 0.635570
vt 0.078340 0.617960
vt 0.076870 0.635760
vt 0.076850 0.617630
vt 0.078340 0.600280
vt 0.078340 0.617960
vt 0.076850 0.617630
vt 0.497240 0.684630
vt 0.492370 0.702430
vt 0.495730 0.684280
vt 0.501880 0.666900
vt 0.497240 0.684630
vt 0.495730 0.684280
vt 0.503540 0.667420
vt 0.497240 0.684630
vt 0.501880 0.666900
vt 0.509410 0.650220
vt 0.503540 0.667420
vt 0.501880 0.666900
vt 0.511140 0.650920
vt 0.503540 0.667420
vt 0.509410 0.650220
vt 0.518190 0.634350
vt 0.511140 0.650920
vt 0.509410 0.650220
vt 0.519950 0.635210
vt 0.511140 0.650920
vt 0.518190 0.634350
vt 0.528110 0.619360
vt 0.519950 0.635210
vt 0.518190 0.634350
vt 0.071470 0.653900
vt 0.069490 0.653890
vt 0.069470 0.640980
vt 0.071430 0.635340
vt 0.071470 0.653900
vt 0.069470 0.640980
vt 0.073360 0.635430
vt 0.071470 0.653900
vt 0.071430 0.635340
vt 0.073340 0.617160
vt 0.073360 0.635430
vt 0.071430 0.635340
vt 0.075170 0.617350
vt 0.073360 0.635430
vt 0.073340 0.617160
vt 0.075160 0.599500
vt 0.075170 0.617350
vt 0.073340 0.617160
vt 0.076850 0.599850
vt 0.075170 0.617350
vt 0.075160 0.599500
vt 0.076850 0.582520
vt 0.076850 0.599850
vt 0.075160 0.599500
vt 0.078340 0.583050
vt 0.076850 0.599850
vt 0.076850 0.582520
vt 0.078360 0.566360
vt 0.078340 0.583050
vt 0.076850 0.582520
vt 0.507790 0.649580
vt 0.500400 0.666430
vt 0.506350 0.649000
vt 0.514950 0.632750
vt 0.507790 0.649580
vt 0.506350 0.649000
vt 0.516510 0.633520
vt 0.507790 0.649580
vt 0.514950 0.632750
vt 0.524810 0.617410
vt 0.516510 0.633520
vt 0.514950 0.632750
vt 0.526420 0.618360
vt 0.516510 0.633520
vt 0.524810 0.617410
vt 0.535790 0.603050
vt 0.526420 0.618360
vt 0.524810 0.617410
vt 0.535580 0.607150
vt 0.526420 0.618360
vt 0.535790 0.603050
vt 0.546250 0.588490
vt 0.559170 0.576140
vt 0.547770 0.589740
vt 0.543330 0.595920
vt 0.546250 0.588490
vt 0.547770 0.589740
vt 0.535790 0.603050
vt 0.546250 0.588490
vt 0.543330 0.595920
vt 0.537400 0.604170
vt 0.535790 0.603050
vt 0.543330 0.595920
vt 0.535580 0.607150
vt 0.535790 0.603050
vt 0.537400 0.604170
vt 0.071410 0.617040
vt 0.069440 0.617000
vt 0.069440 0.615460
vt 0.071410 0.599090
vt 0.071410 0.617040
vt 0.069440 0.615460
vt 0.073330 0.599240
vt 0.071410 0.617040
vt 0.071410 0.599090
vt 0.073340 0.581780
vt 0.073330 0.599240
vt 0.071410 0.599090
vt 0.075170 0.582090
vt 0.073330 0.599240
vt 0.073340 0.581780
vt 0.075190 0.565230
vt 0.075170 0.582090
vt 0.073340 0.581780
vt 0.076870 0.565730
vt 0.075170 0.582090
vt 0.075190 0.565230
vt 0.076900 0.549590
vt 0.076870 0.565730
vt 0.075190 0.565230
vt 0.513550 0.632060
vt 0.505100 0.648500
vt 0.512340 0.631480
vt 0.521960 0.615730
vt 0.513550 0.632060
vt 0.512340 0.631480
vt 0.523300 0.616520
vt 0.513550 0.632060
vt 0.521960 0.615730
vt 0.532820 0.600980
vt 0.523300 0.616520
vt 0.521960 0.615730
vt 0.534250 0.601970
vt 0.523300 0.616520
vt 0.532820 0.600980
vt 0.544790 0.587310
vt 0.534250 0.601970
vt 0.532820 0.600980
vt 0.546250 0.588490
vt 0.534250 0.601970
vt 0.544790 0.587310
vt 0.557730 0.574780
vt 0.546250 0.588490
vt 0.544790 0.587310
vt 0.559170 0.576140
vt 0.546250 0.588490
vt 0.557730 0.574780
vt 0.571510 0.563450
vt 0.559170 0.576140
vt 0.557730 0.574780
vt 0.583530 0.550180
vt 0.584750 0.551740
vt 0.582070 0.554110
vt 0.570180 0.561990
vt 0.583530 0.550180
vt 0.582070 0.554110
vt 0.568910 0.560590
vt 0.583530 0.550180
vt 0.570180 0.561990
vt 0.556370 0.573490
vt 0.568910 0.560590
vt 0.570180 0.561990
vt 0.555090 0.572280
vt 0.568910 0.560590
vt 0.556370 0.573490
vt 0.543430 0.586200
vt 0.555090 0.572280
vt 0.556370 0.573490
vt 0.542210 0.585220
vt 0.555090 0.572280
vt 0.543430 0.586200
vt 0.531530 0.600090
vt 0.542210 0.585220
vt 0.543430 0.586200
vt 0.530420 0.599320
vt 0.542210 0.585220
vt 0.531530 0.600090
vt 0.520800 0.615050
vt 0.530420 0.599320
vt 0.531530 0.600090
vt 0.075260 0.533540
vt 0.076990 0.519590
vt 0.076940 0.534180
vt 0.075220 0.549020
vt 0.075260 0.533540
vt 0.076940 0.534180
vt 0.073390 0.548610
vt 0.075260 0.533540
vt 0.075220 0.549020
vt 0.073360 0.564870
vt 0.073390 0.548610
vt 0.075220 0.549020
vt 0.071430 0.564650
vt 0.073390 0.548610
vt 0.073360 0.564870
vt 0.071410 0.581590
vt 0.071430 0.564650
vt 0.073360 0.564870
vt 0.069450 0.566830
vt 0.071430 0.564650
vt 0.071410 0.581590
vt 0.069430 0.581530
vt 0.069450 0.566830
vt 0.071410 0.581590
vt 0.597690 0.539430
vt 0.598790 0.541080
vt 0.591040 0.546960
vt 0.583530 0.550180
vt 0.597690 0.539430
vt 0.591040 0.546960
vt 0.582360 0.548690
vt 0.597690 0.539430
vt 0.583530 0.550180
vt 0.568910 0.560590
vt 0.582360 0.548690
vt 0.583530 0.550180
vt 0.567730 0.559300
vt 0.582360 0.548690
vt 0.568910 0.560590
vt 0.555090 0.572280
vt 0.567730 0.559300
vt 0.568910 0.560590
vt 0.553950 0.571210
vt 0.567730 0.559300
vt 0.555090 0.572280
vt 0.542210 0.585220
vt 0.553950 0.571210
vt 0.555090 0.572280
vt 0.541170 0.584370
vt 0.553950 0.571210
vt 0.542210 0.585220
vt 0.530420 0.599320
vt 0.541170 0.584370
vt 0.542210 0.585220
vt 0.075310 0.518880
vt 0.077060 0.505890
vt 0.076990 0.519590
vt 0.075260 0.533540
vt 0.075310 0.518880
vt 0.076990 0.519590
vt 0.073430 0.533080
vt 0.075310 0.518880
vt 0.075260 0.533540
vt 0.073390 0.548610
vt 0.073430 0.533080
vt 0.075260 0.533540
vt 0.071460 0.548350
vt 0.073430 0.533080
vt 0.073390 0.548610
vt 0.071430 0.564650
vt 0.071460 0.548350
vt 0.073390 0.548610
vt 0.069450 0.564580
vt 0.071460 0.548350
vt 0.071430 0.564650
vt 0.069450 0.566830
vt 0.069450 0.564580
vt 0.071430 0.564650
vt 0.482730 0.901450
vt 0.480730 0.897970
vt 0.482620 0.884660
vt 0.484550 0.884450
vt 0.482730 0.901450
vt 0.482620 0.884660
vt 0.484660 0.901210
vt 0.482730 0.901450
vt 0.484550 0.884450
vt 0.486370 0.884120
vt 0.484660 0.901210
vt 0.484550 0.884450
vt 0.486490 0.900820
vt 0.484660 0.901210
vt 0.486370 0.884120
vt 0.488050 0.883660
vt 0.486490 0.900820
vt 0.486370 0.884120
vt 0.488160 0.900290
vt 0.486490 0.900820
vt 0.488050 0.883660
vt 0.489540 0.883100
vt 0.488160 0.900290
vt 0.488050 0.883660
vt 0.489650 0.899640
vt 0.488160 0.900290
vt 0.489540 0.883100
vt 0.610790 0.526610
vt 0.594770 0.535090
vt 0.610000 0.525240
vt 0.595650 0.536400
vt 0.594770 0.535090
vt 0.610790 0.526610
vt 0.611660 0.528140
vt 0.595650 0.536400
vt 0.610790 0.526610
vt 0.596640 0.537860
vt 0.595650 0.536400
vt 0.611660 0.528140
vt 0.612600 0.529790
vt 0.596640 0.537860
vt 0.611660 0.528140
vt 0.597690 0.539430
vt 0.596640 0.537860
vt 0.612600 0.529790
vt 0.613580 0.531520
vt 0.597690 0.539430
vt 0.612600 0.529790
vt 0.598790 0.541080
vt 0.597690 0.539430
vt 0.613580 0.531520
vt 0.482620 0.884660
vt 0.480580 0.874260
vt 0.482510 0.867290
vt 0.484440 0.867120
vt 0.482620 0.884660
vt 0.482510 0.867290
vt 0.484550 0.884450
vt 0.482620 0.884660
vt 0.484440 0.867120
vt 0.486270 0.866840
vt 0.484550 0.884450
vt 0.484440 0.867120
vt 0.486370 0.884120
vt 0.484550 0.884450
vt 0.486270 0.866840
vt 0.487950 0.866460
vt 0.486370 0.884120
vt 0.486270 0.866840
vt 0.488050 0.883660
vt 0.486370 0.884120
vt 0.487950 0.866460
vt 0.489440 0.865990
vt 0.488050 0.883660
vt 0.487950 0.866460
vt 0.489540 0.883100
vt 0.488050 0.883660
vt 0.489440 0.865990
vt 0.626590 0.518020
vt 0.610000 0.525240
vt 0.625900 0.516590
vt 0.610790 0.526610
vt 0.610000 0.525240
vt 0.626590 0.518020
vt 0.627350 0.519610
vt 0.610790 0.526610
vt 0.626590 0.518020
vt 0.611660 0.528140
vt 0.610790 0.526610
vt 0.627350 0.519610
vt 0.628160 0.521320
vt 0.611660 0.528140
vt 0.627350 0.519610
vt 0.612600 0.529790
vt 0.611660 0.528140
vt 0.628160 0.521320
vt 0.629010 0.523120
vt 0.612600 0.529790
vt 0.628160 0.521320
vt 0.613580 0.531520
vt 0.612600 0.529790
vt 0.629010 0.523120
vt 0.638800 0.518720
vt 0.644300 0.514070
vt 0.645020 0.515930
vt 0.482510 0.867290
vt 0.480440 0.849620
vt 0.482420 0.849450
vt 0.484350 0.849310
vt 0.482510 0.867290
vt 0.482420 0.849450
vt 0.484440 0.867120
vt 0.482510 0.867290
vt 0.484350 0.849310
vt 0.486170 0.849090
vt 0.484440 0.867120
vt 0.484350 0.849310
vt 0.486270 0.866840
vt 0.484440 0.867120
vt 0.486170 0.849090
vt 0.487850 0.848780
vt 0.486270 0.866840
vt 0.486170 0.849090
vt 0.487950 0.866460
vt 0.486270 0.866840
vt 0.487850 0.848780
vt 0.489340 0.848410
vt 0.487950 0.866460
vt 0.487850 0.848780
vt 0.489440 0.865990
vt 0.487950 0.866460
vt 0.489340 0.848410
vt 0.642970 0.510650
vt 0.625900 0.516590
vt 0.642390 0.509180
vt 0.626590 0.518020
vt 0.625900 0.516590
vt 0.642970 0.510650
vt 0.643610 0.512300
vt 0.626590 0.518020
vt 0.642970 0.510650
vt 0.627350 0.519610
vt 0.626590 0.518020
vt 0.643610 0.512300
vt 0.644300 0.514070
vt 0.627350 0.519610
vt 0.643610 0.512300
vt 0.628160 0.521320
vt 0.627350 0.519610
vt 0.644300 0.514070
vt 0.638800 0.518720
vt 0.628160 0.521320
vt 0.644300 0.514070
vt 0.629010 0.523120
vt 0.628160 0.521320
vt 0.638800 0.518720
vt 0.482420 0.849450
vt 0.480440 0.849500
vt 0.482330 0.831220
vt 0.484260 0.831120
vt 0.482420 0.849450
vt 0.482330 0.831220
vt 0.484350 0.849310
vt 0.482420 0.849450
vt 0.484260 0.831120
vt 0.486090 0.830950
vt 0.484350 0.849310
vt 0.484260 0.831120
vt 0.486170 0.849090
vt 0.484350 0.849310
vt 0.486090 0.830950
vt 0.487770 0.830730
vt 0.486170 0.849090
vt 0.486090 0.830950
vt 0.487850 0.848780
vt 0.486170 0.849090
vt 0.487770 0.830730
vt 0.489250 0.830460
vt 0.487850 0.848780
vt 0.487770 0.830730
vt 0.489340 0.848410
vt 0.487850 0.848780
vt 0.489250 0.830460
vt 0.659840 0.504560
vt 0.642390 0.509180
vt 0.659370 0.503050
vt 0.642970 0.510650
vt 0.642390 0.509180
vt 0.659840 0.504560
vt 0.660360 0.506250
vt 0.642970 0.510650
vt 0.659840 0.504560
vt 0.643610 0.512300
vt 0.642970 0.510650
vt 0.660360 0.506250
vt 0.660920 0.508070
vt 0.643610 0.512300
vt 0.660360 0.506250
vt 0.644300 0.514070
vt 0.643610 0.512300
vt 0.660920 0.508070
vt 0.661500 0.509980
vt 0.644300 0.514070
vt 0.660920 0.508070
vt 0.645020 0.515930
vt 0.644300 0.514070
vt 0.661500 0.509980
vt 0.482330 0.831220
vt 0.480320 0.824150
vt 0.482250 0.812720
vt 0.484180 0.812650
vt 0.482330 0.831220
vt 0.482250 0.812720
vt 0.484260 0.831120
vt 0.482330 0.831220
vt 0.484180 0.812650
vt 0.486010 0.812550
vt 0.484260 0.831120
vt 0.484180 0.812650
vt 0.486090 0.830950
vt 0.484260 0.831120
vt 0.486010 0.812550
vt 0.487690 0.812400
vt 0.486090 0.830950
vt 0.486010 0.812550
vt 0.487770 0.830730
vt 0.486090 0.830950
vt 0.487690 0.812400
vt 0.489180 0.812230
vt 0.487770 0.830730
vt 0.487690 0.812400
vt 0.489250 0.830460
vt 0.487770 0.830730
vt 0.489180 0.812230
vt 0.677110 0.499780
vt 0.659370 0.503050
vt 0.676750 0.498240
vt 0.659840 0.504560
vt 0.659370 0.503050
vt 0.677110 0.499780
vt 0.677500 0.501500
vt 0.659840 0.504560
vt 0.677110 0.499780
vt 0.660360 0.506250
vt 0.659840 0.504560
vt 0.677500 0.501500
vt 0.677930 0.503360
vt 0.660360 0.506250
vt 0.677500 0.501500
vt 0.660920 0.508070
vt 0.660360 0.506250
vt 0.677930 0.503360
vt 0.678370 0.505310
vt 0.660920 0.508070
vt 0.677930 0.503360
vt 0.661500 0.509980
vt 0.660920 0.508070
vt 0.678370 0.505310
vt 0.787850 0.056360
vt 0.787740 0.058860
vt 0.786660 0.057940
vt 0.164290 0.869960
vt 0.162270 0.886710
vt 0.162370 0.869770
vt 0.313940 0.808470
vt 0.311980 0.816860
vt 0.311970 0.808550
vt 0.162270 0.886710
vt 0.160270 0.890870
vt 0.160290 0.886650
vt 0.162180 0.904070
vt 0.160140 0.916300
vt 0.160200 0.904020
vt 0.162090 0.921760
vt 0.160040 0.939670
vt 0.160120 0.921720
vt 0.827210 0.090460
vt 0.832390 0.100010
vt 0.825890 0.091590
vt 0.824470 0.092800
vt 0.827620 0.100000
vt 0.822980 0.094080
vt 0.825890 0.091590
vt 0.832390 0.100010
vt 0.832100 0.100010
vt 0.830100 0.100010
vt 0.825890 0.091590
vt 0.832100 0.100010
vt 0.824470 0.092800
vt 0.825890 0.091590
vt 0.830100 0.100010
vt 0.827620 0.100000
vt 0.824470 0.092800
vt 0.830100 0.100010
vt 0.827210 0.090460
vt 0.828380 0.089450
vt 0.836150 0.100010
vt 0.834570 0.100010
vt 0.827210 0.090460
vt 0.836150 0.100010
vt 0.832390 0.100010
vt 0.827210 0.090460
vt 0.834570 0.100010
vt 0.320870 0.806630
vt 0.319380 0.807300
vt 0.319600 0.794550
vt 0.836440 0.100010
vt 0.828380 0.089450
vt 0.837860 0.100010
vt 0.836150 0.100010
vt 0.828380 0.089450
vt 0.836440 0.100010
vt 0.319380 0.807300
vt 0.317700 0.807840
vt 0.319340 0.794510
vt 0.319370 0.794510
vt 0.319380 0.807300
vt 0.319340 0.794510
vt 0.319600 0.794550
vt 0.319380 0.807300
vt 0.319370 0.794510
vt 0.317700 0.807840
vt 0.315870 0.808230
vt 0.316170 0.794120
vt 0.317820 0.794290
vt 0.317700 0.807840
vt 0.316170 0.794120
vt 0.319340 0.794510
vt 0.317700 0.807840
vt 0.317820 0.794290
vt 0.311970 0.808550
vt 0.311950 0.793950
vt 0.313150 0.793960
vt 0.313920 0.794000
vt 0.311970 0.808550
vt 0.313150 0.793960
vt 0.313940 0.808470
vt 0.311970 0.808550
vt 0.313920 0.794000
vt 0.314760 0.794030
vt 0.313940 0.808470
vt 0.313920 0.794000
vt 0.315870 0.808230
vt 0.313940 0.808470
vt 0.314760 0.794030
vt 0.315850 0.794100
vt 0.315870 0.808230
vt 0.314760 0.794030
vt 0.316170 0.794120
vt 0.315870 0.808230
vt 0.315850 0.794100
vt 0.161690 0.968620
vt 0.159940 0.968550
vt 0.159980 0.957760
vt 0.161960 0.957770
vt 0.161690 0.968620
vt 0.159980 0.957760
vt 0.161920 0.968640
vt 0.161690 0.968620
vt 0.161960 0.957770
vt 0.162940 0.968740
vt 0.163880 0.957800
vt 0.163840 0.968890
vt 0.164670 0.969040
vt 0.165710 0.957830
vt 0.165660 0.969290
vt 0.167390 0.957880
vt 0.168590 0.970350
vt 0.167340 0.969820
vt 0.167070 0.969710
vt 0.167390 0.957880
vt 0.167340 0.969820
vt 0.166360 0.969470
vt 0.167390 0.957880
vt 0.167070 0.969710
vt 0.616240 0.001220
vt 0.628310 0.000430
vt 0.616140 0.001510
vt 0.615590 0.003080
vt 0.628530 0.003770
vt 0.614900 0.005050
vt 0.162370 0.869770
vt 0.162270 0.886710
vt 0.160290 0.886650
vt 0.160390 0.869700
vt 0.162370 0.869770
vt 0.160290 0.886650
vt 0.160410 0.866290
vt 0.162370 0.869770
vt 0.160390 0.869700
vt 0.160570 0.842840
vt 0.162470 0.853340
vt 0.160500 0.853260
vt 0.160750 0.820690
vt 0.162710 0.822360
vt 0.160730 0.822250
vt 0.160930 0.800260
vt 0.162830 0.807960
vt 0.160860 0.807850
vt 0.312030 0.838470
vt 0.314000 0.838510
vt 0.312030 0.838610
vt 0.313970 0.823860
vt 0.312030 0.838470
vt 0.311990 0.823940
vt 0.311980 0.816860
vt 0.313970 0.823860
vt 0.311990 0.823940
vt 0.164400 0.853570
vt 0.166230 0.853940
vt 0.164290 0.869960
vt 0.162370 0.869770
vt 0.164400 0.853570
vt 0.164290 0.869960
vt 0.162470 0.853340
vt 0.164400 0.853570
vt 0.162370 0.869770
vt 0.160410 0.866290
vt 0.162470 0.853340
vt 0.162370 0.869770
vt 0.160500 0.853260
vt 0.162470 0.853340
vt 0.160410 0.866290
vt 0.166340 0.838190
vt 0.168020 0.838760
vt 0.166230 0.853940
vt 0.164400 0.853570
vt 0.166340 0.838190
vt 0.166230 0.853940
vt 0.164510 0.837770
vt 0.166340 0.838190
vt 0.164400 0.853570
vt 0.162470 0.853340
vt 0.164510 0.837770
vt 0.164400 0.853570
vt 0.162590 0.837510
vt 0.164510 0.837770
vt 0.162470 0.853340
vt 0.160570 0.842840
vt 0.162590 0.837510
vt 0.162470 0.853340
vt 0.160610 0.837420
vt 0.162590 0.837510
vt 0.160570 0.842840
vt 0.762690 0.031190
vt 0.762050 0.032370
vt 0.747180 0.022880
vt 0.166340 0.838190
vt 0.168140 0.823750
vt 0.168020 0.838760
vt 0.166460 0.823110
vt 0.168140 0.823750
vt 0.166340 0.838190
vt 0.164510 0.837770
vt 0.166460 0.823110
vt 0.166340 0.838190
vt 0.164640 0.822640
vt 0.166460 0.823110
vt 0.164510 0.837770
vt 0.162590 0.837510
vt 0.164640 0.822640
vt 0.164510 0.837770
vt 0.162710 0.822360
vt 0.164640 0.822640
vt 0.162590 0.837510
vt 0.160610 0.837420
vt 0.162710 0.822360
vt 0.162590 0.837510
vt 0.160730 0.822250
vt 0.162710 0.822360
vt 0.160610 0.837420
vt 0.776860 0.041760
vt 0.776010 0.043070
vt 0.762050 0.032370
vt 0.762690 0.031190
vt 0.776860 0.041760
vt 0.762050 0.032370
vt 0.777570 0.040630
vt 0.776860 0.041760
vt 0.762690 0.031190
vt 0.166460 0.823110
vt 0.168260 0.809490
vt 0.168140 0.823750
vt 0.166590 0.808790
vt 0.168260 0.809490
vt 0.166460 0.823110
vt 0.164640 0.822640
vt 0.166590 0.808790
vt 0.166460 0.823110
vt 0.164760 0.808280
vt 0.166590 0.808790
vt 0.164640 0.822640
vt 0.162710 0.822360
vt 0.164760 0.808280
vt 0.164640 0.822640
vt 0.162830 0.807960
vt 0.164760 0.808280
vt 0.162710 0.822360
vt 0.160750 0.820690
vt 0.162830 0.807960
vt 0.162710 0.822360
vt 0.160860 0.807850
vt 0.162830 0.807960
vt 0.160750 0.820690
vt 0.790030 0.053460
vt 0.788980 0.054860
vt 0.776010 0.043070
vt 0.776860 0.041760
vt 0.790030 0.053460
vt 0.776010 0.043070
vt 0.790960 0.052210
vt 0.790030 0.053460
vt 0.776860 0.041760
vt 0.777570 0.040630
vt 0.790960 0.052210
vt 0.776860 0.041760
vt 0.791760 0.051140
vt 0.790960 0.052210
vt 0.777570 0.040630
vt 0.166590 0.808790
vt 0.168390 0.796060
vt 0.168260 0.809490
vt 0.166720 0.795300
vt 0.168390 0.796060
vt 0.166590 0.808790
vt 0.164760 0.808280
vt 0.166720 0.795300
vt 0.166590 0.808790
vt 0.164890 0.794740
vt 0.166720 0.795300
vt 0.164760 0.808280
vt 0.162830 0.807960
vt 0.164890 0.794740
vt 0.164760 0.808280
vt 0.162970 0.794400
vt 0.164890 0.794740
vt 0.162830 0.807960
vt 0.160930 0.800260
vt 0.162970 0.794400
vt 0.162830 0.807960
vt 0.160990 0.794280
vt 0.162970 0.794400
vt 0.160930 0.800260
vt 0.802140 0.066180
vt 0.800900 0.067590
vt 0.788980 0.054860
vt 0.790030 0.053460
vt 0.802140 0.066180
vt 0.788980 0.054860
vt 0.803280 0.064860
vt 0.802140 0.066180
vt 0.790030 0.053460
vt 0.790960 0.052210
vt 0.803280 0.064860
vt 0.790030 0.053460
vt 0.804300 0.063690
vt 0.803280 0.064860
vt 0.790960 0.052210
vt 0.791760 0.051140
vt 0.804300 0.063690
vt 0.790960 0.052210
vt 0.805170 0.062680
vt 0.804300 0.063690
vt 0.791760 0.051140
vt 0.317810 0.851500
vt 0.319440 0.837060
vt 0.319490 0.850770
vt 0.317760 0.837730
vt 0.319440 0.837060
vt 0.317810 0.851500
vt 0.315980 0.852040
vt 0.317760 0.837730
vt 0.317810 0.851500
vt 0.315930 0.838220
vt 0.317760 0.837730
vt 0.315980 0.852040
vt 0.314050 0.852360
vt 0.315930 0.838220
vt 0.315980 0.852040
vt 0.314000 0.838510
vt 0.315930 0.838220
vt 0.314050 0.852360
vt 0.312070 0.852460
vt 0.314000 0.838510
vt 0.314050 0.852360
vt 0.312030 0.838610
vt 0.314000 0.838510
vt 0.312070 0.852460
vt 0.628650 0.005680
vt 0.614190 0.007050
vt 0.614900 0.005050
vt 0.628530 0.003770
vt 0.628650 0.005680
vt 0.614900 0.005050
vt 0.645680 0.005260
vt 0.628650 0.005680
vt 0.628530 0.003770
vt 0.679600 0.008200
vt 0.682940 0.010900
vt 0.679300 0.010170
vt 0.662690 0.006100
vt 0.679600 0.008200
vt 0.679300 0.010170
vt 0.662840 0.004200
vt 0.679600 0.008200
vt 0.662690 0.006100
vt 0.645690 0.003350
vt 0.662840 0.004200
vt 0.662690 0.006100
vt 0.645700 0.001580
vt 0.662840 0.004200
vt 0.645690 0.003350
vt 0.628420 0.002010
vt 0.645700 0.001580
vt 0.645690 0.003350
vt 0.628310 0.000430
vt 0.645700 0.001580
vt 0.628420 0.002010
vt 0.615680 0.002830
vt 0.628310 0.000430
vt 0.628420 0.002010
vt 0.616140 0.001510
vt 0.628310 0.000430
vt 0.615680 0.002830
vt 0.696730 0.009690
vt 0.712750 0.016120
vt 0.696320 0.011540
vt 0.679880 0.006310
vt 0.696730 0.009690
vt 0.696320 0.011540
vt 0.680140 0.004570
vt 0.696730 0.009690
vt 0.679880 0.006310
vt 0.662970 0.002440
vt 0.680140 0.004570
vt 0.679880 0.006310
vt 0.663090 0.000860
vt 0.680140 0.004570
vt 0.662970 0.002440
vt 0.645710 0.000000
vt 0.663090 0.000860
vt 0.662970 0.002440
vt 0.167460 0.939980
vt 0.169020 0.922470
vt 0.168940 0.940130
vt 0.167390 0.957880
vt 0.167460 0.939980
vt 0.168940 0.940130
vt 0.165710 0.957830
vt 0.167460 0.939980
vt 0.167390 0.957880
vt 0.166360 0.969470
vt 0.165710 0.957830
vt 0.167390 0.957880
vt 0.165660 0.969290
vt 0.165710 0.957830
vt 0.166360 0.969470
vt 0.713300 0.014290
vt 0.728830 0.021890
vt 0.712750 0.016120
vt 0.696730 0.009690
vt 0.713300 0.014290
vt 0.712750 0.016120
vt 0.697110 0.007960
vt 0.713300 0.014290
vt 0.696730 0.009690
vt 0.680140 0.004570
vt 0.697110 0.007960
vt 0.696730 0.009690
vt 0.680370 0.003000
vt 0.697110 0.007960
vt 0.680140 0.004570
vt 0.663090 0.000860
vt 0.680370 0.003000
vt 0.680140 0.004570
vt 0.167530 0.922210
vt 0.169100 0.905040
vt 0.169020 0.922470
vt 0.167460 0.939980
vt 0.167530 0.922210
vt 0.169020 0.922470
vt 0.165780 0.939850
vt 0.167530 0.922210
vt 0.167460 0.939980
vt 0.165710 0.957830
vt 0.165780 0.939850
vt 0.167460 0.939980
vt 0.163880 0.957800
vt 0.165780 0.939850
vt 0.165710 0.957830
vt 0.164670 0.969040
vt 0.163880 0.957800
vt 0.165710 0.957830
vt 0.163840 0.968890
vt 0.163880 0.957800
vt 0.164670 0.969040
vt 0.729500 0.020120
vt 0.744460 0.028850
vt 0.728830 0.021890
vt 0.713300 0.014290
vt 0.729500 0.020120
vt 0.728830 0.021890
vt 0.713800 0.012610
vt 0.729500 0.020120
vt 0.713300 0.014290
vt 0.697110 0.007960
vt 0.713800 0.012610
vt 0.713300 0.014290
vt 0.697440 0.006420
vt 0.713800 0.012610
vt 0.697110 0.007960
vt 0.680370 0.003000
vt 0.697440 0.006420
vt 0.697110 0.007960
vt 0.167610 0.904690
vt 0.169190 0.887930
vt 0.169100 0.905040
vt 0.167530 0.922210
vt 0.167610 0.904690
vt 0.169100 0.905040
vt 0.165850 0.922010
vt 0.167610 0.904690
vt 0.167530 0.922210
vt 0.165780 0.939850
vt 0.165850 0.922010
vt 0.167530 0.922210
vt 0.163950 0.939750
vt 0.165850 0.922010
vt 0.165780 0.939850
vt 0.163880 0.957800
vt 0.163950 0.939750
vt 0.165780 0.939850
vt 0.161960 0.957770
vt 0.163950 0.939750
vt 0.163880 0.957800
vt 0.162940 0.968740
vt 0.161960 0.957770
vt 0.163880 0.957800
vt 0.161920 0.968640
vt 0.161960 0.957770
vt 0.162940 0.968740
vt 0.162020 0.939690
vt 0.160030 0.942280
vt 0.160040 0.939670
vt 0.162090 0.921760
vt 0.162020 0.939690
vt 0.160040 0.939670
vt 0.164020 0.921850
vt 0.162020 0.939690
vt 0.162090 0.921760
vt 0.164100 0.904200
vt 0.164020 0.921850
vt 0.162090 0.921760
vt 0.165930 0.904410
vt 0.164020 0.921850
vt 0.164100 0.904200
vt 0.166020 0.887130
vt 0.165930 0.904410
vt 0.164100 0.904200
vt 0.167700 0.887490
vt 0.165930 0.904410
vt 0.166020 0.887130
vt 0.167800 0.870710
vt 0.167700 0.887490
vt 0.166020 0.887130
vt 0.169290 0.871250
vt 0.167700 0.887490
vt 0.167800 0.870710
vt 0.169390 0.855060
vt 0.169290 0.871250
vt 0.167800 0.870710
vt 0.730110 0.018470
vt 0.714240 0.011090
vt 0.730660 0.017000
vt 0.745980 0.025530
vt 0.730110 0.018470
vt 0.730660 0.017000
vt 0.745250 0.027130
vt 0.730110 0.018470
vt 0.745980 0.025530
vt 0.760460 0.035280
vt 0.745250 0.027130
vt 0.745980 0.025530
vt 0.759550 0.036940
vt 0.745250 0.027130
vt 0.760460 0.035280
vt 0.774040 0.046130
vt 0.759550 0.036940
vt 0.760460 0.035280
vt 0.772970 0.047790
vt 0.759550 0.036940
vt 0.774040 0.046130
vt 0.780830 0.053620
vt 0.772970 0.047790
vt 0.774040 0.046130
vt 0.628770 0.007670
vt 0.613450 0.009140
vt 0.614190 0.007050
vt 0.628650 0.005680
vt 0.628770 0.007670
vt 0.614190 0.007050
vt 0.633940 0.007540
vt 0.628770 0.007670
vt 0.628650 0.005680
vt 0.645680 0.005260
vt 0.633940 0.007540
vt 0.628650 0.005680
vt 0.645660 0.007250
vt 0.633940 0.007540
vt 0.645680 0.005260
vt 0.662530 0.008090
vt 0.645660 0.007250
vt 0.645680 0.005260
vt 0.662690 0.006100
vt 0.679300 0.010170
vt 0.662530 0.008090
vt 0.645680 0.005260
vt 0.662690 0.006100
vt 0.662530 0.008090
vt 0.645690 0.003350
vt 0.662690 0.006100
vt 0.645680 0.005260
vt 0.628530 0.003770
vt 0.645690 0.003350
vt 0.645680 0.005260
vt 0.628420 0.002010
vt 0.645690 0.003350
vt 0.628530 0.003770
vt 0.615590 0.003080
vt 0.628420 0.002010
vt 0.628530 0.003770
vt 0.615680 0.002830
vt 0.628420 0.002010
vt 0.615590 0.003080
vt 0.168880 0.957940
vt 0.168590 0.970350
vt 0.167390 0.957880
vt 0.168940 0.940130
vt 0.168880 0.957940
vt 0.167390 0.957880
vt 0.645700 0.001580
vt 0.628310 0.000430
vt 0.645710 0.000000
vt 0.662970 0.002440
vt 0.645700 0.001580
vt 0.645710 0.000000
vt 0.662840 0.004200
vt 0.645700 0.001580
vt 0.662970 0.002440
vt 0.679880 0.006310
vt 0.662840 0.004200
vt 0.662970 0.002440
vt 0.679600 0.008200
vt 0.662840 0.004200
vt 0.679880 0.006310
vt 0.696320 0.011540
vt 0.679600 0.008200
vt 0.679880 0.006310
vt 0.682940 0.010900
vt 0.679600 0.008200
vt 0.696320 0.011540
vt 0.744460 0.028850
vt 0.758600 0.038670
vt 0.743620 0.030650
vt 0.731920 0.025440
vt 0.744460 0.028850
vt 0.743620 0.030650
vt 0.728830 0.021890
vt 0.744460 0.028850
vt 0.731920 0.025440
vt 0.728120 0.023750
vt 0.728830 0.021890
vt 0.731920 0.025440
vt 0.712750 0.016120
vt 0.728830 0.021890
vt 0.728120 0.023750
vt 0.712180 0.018020
vt 0.712750 0.016120
vt 0.728120 0.023750
vt 0.696320 0.011540
vt 0.712750 0.016120
vt 0.712180 0.018020
vt 0.695880 0.013490
vt 0.696320 0.011540
vt 0.712180 0.018020
vt 0.682940 0.010900
vt 0.696320 0.011540
vt 0.695880 0.013490
vt 0.161960 0.957770
vt 0.159980 0.957760
vt 0.160030 0.942280
vt 0.162020 0.939690
vt 0.161960 0.957770
vt 0.160030 0.942280
vt 0.163950 0.939750
vt 0.161960 0.957770
vt 0.162020 0.939690
vt 0.164020 0.921850
vt 0.163950 0.939750
vt 0.162020 0.939690
vt 0.165850 0.922010
vt 0.163950 0.939750
vt 0.164020 0.921850
vt 0.165930 0.904410
vt 0.165850 0.922010
vt 0.164020 0.921850
vt 0.167610 0.904690
vt 0.165850 0.922010
vt 0.165930 0.904410
vt 0.167700 0.887490
vt 0.167610 0.904690
vt 0.165930 0.904410
vt 0.169190 0.887930
vt 0.167610 0.904690
vt 0.167700 0.887490
vt 0.169290 0.871250
vt 0.169190 0.887930
vt 0.167700 0.887490
vt 0.713800 0.012610
vt 0.697440 0.006420
vt 0.714240 0.011090
vt 0.730110 0.018470
vt 0.713800 0.012610
vt 0.714240 0.011090
vt 0.729500 0.020120
vt 0.713800 0.012610
vt 0.730110 0.018470
vt 0.745250 0.027130
vt 0.729500 0.020120
vt 0.730110 0.018470
vt 0.744460 0.028850
vt 0.729500 0.020120
vt 0.745250 0.027130
vt 0.759550 0.036940
vt 0.744460 0.028850
vt 0.745250 0.027130
vt 0.758600 0.038670
vt 0.744460 0.028850
vt 0.759550 0.036940
vt 0.772970 0.047790
vt 0.758600 0.038670
vt 0.759550 0.036940
vt 0.787850 0.056360
vt 0.786660 0.057940
vt 0.780830 0.053620
vt 0.774040 0.046130
vt 0.787850 0.056360
vt 0.780830 0.053620
vt 0.775070 0.044540
vt 0.787850 0.056360
vt 0.774040 0.046130
vt 0.760460 0.035280
vt 0.775070 0.044540
vt 0.774040 0.046130
vt 0.761300 0.033740
vt 0.775070 0.044540
vt 0.760460 0.035280
vt 0.745980 0.025530
vt 0.761300 0.033740
vt 0.760460 0.035280
vt 0.746630 0.024100
vt 0.761300 0.033740
vt 0.745980 0.025530
vt 0.730660 0.017000
vt 0.746630 0.024100
vt 0.745980 0.025530
vt 0.731130 0.015740
vt 0.746630 0.024100
vt 0.730660 0.017000
vt 0.167800 0.870710
vt 0.167910 0.854440
vt 0.169390 0.855060
vt 0.166120 0.870280
vt 0.167910 0.854440
vt 0.167800 0.870710
vt 0.166020 0.887130
vt 0.166120 0.870280
vt 0.167800 0.870710
vt 0.164200 0.886870
vt 0.166120 0.870280
vt 0.166020 0.887130
vt 0.164100 0.904200
vt 0.164200 0.886870
vt 0.166020 0.887130
vt 0.162180 0.904070
vt 0.164200 0.886870
vt 0.164100 0.904200
vt 0.162090 0.921760
vt 0.162180 0.904070
vt 0.164100 0.904200
vt 0.160140 0.916300
vt 0.162180 0.904070
vt 0.162090 0.921760
vt 0.160120 0.921720
vt 0.160140 0.916300
vt 0.162090 0.921760
vt 0.800900 0.067590
vt 0.799600 0.069080
vt 0.787740 0.058860
vt 0.787850 0.056360
vt 0.800900 0.067590
vt 0.787740 0.058860
vt 0.788980 0.054860
vt 0.800900 0.067590
vt 0.787850 0.056360
vt 0.775070 0.044540
vt 0.788980 0.054860
vt 0.787850 0.056360
vt 0.776010 0.043070
vt 0.788980 0.054860
vt 0.775070 0.044540
vt 0.761300 0.033740
vt 0.776010 0.043070
vt 0.775070 0.044540
vt 0.762050 0.032370
vt 0.776010 0.043070
vt 0.761300 0.033740
vt 0.746630 0.024100
vt 0.762050 0.032370
vt 0.761300 0.033740
vt 0.747180 0.022880
vt 0.762050 0.032370
vt 0.746630 0.024100
vt 0.731130 0.015740
vt 0.747180 0.022880
vt 0.746630 0.024100
vt 0.166230 0.853940
vt 0.168020 0.838760
vt 0.167910 0.854440
vt 0.166120 0.870280
vt 0.166230 0.853940
vt 0.167910 0.854440
vt 0.164290 0.869960
vt 0.166230 0.853940
vt 0.166120 0.870280
vt 0.164200 0.886870
vt 0.164290 0.869960
vt 0.166120 0.870280
vt 0.162270 0.886710
vt 0.164290 0.869960
vt 0.164200 0.886870
vt 0.162180 0.904070
vt 0.162270 0.886710
vt 0.164200 0.886870
vt 0.160270 0.890870
vt 0.162270 0.886710
vt 0.162180 0.904070
vt 0.160200 0.904020
vt 0.160270 0.890870
vt 0.162180 0.904070
vt 0.314000 0.838510
vt 0.312030 0.838470
vt 0.313970 0.823860
vt 0.315900 0.823590
vt 0.314000 0.838510
vt 0.313970 0.823860
vt 0.315930 0.838220
vt 0.314000 0.838510
vt 0.315900 0.823590
vt 0.317720 0.823150
vt 0.315930 0.838220
vt 0.315900 0.823590
vt 0.317760 0.837730
vt 0.315930 0.838220
vt 0.317720 0.823150
vt 0.319410 0.822540
vt 0.317760 0.837730
vt 0.317720 0.823150
vt 0.319440 0.837060
vt 0.317760 0.837730
vt 0.319410 0.822540
vt 0.816790 0.076120
vt 0.805170 0.062680
vt 0.817730 0.075180
vt 0.804300 0.063690
vt 0.805170 0.062680
vt 0.816790 0.076120
vt 0.815690 0.077220
vt 0.804300 0.063690
vt 0.816790 0.076120
vt 0.803280 0.064860
vt 0.804300 0.063690
vt 0.815690 0.077220
vt 0.814460 0.078440
vt 0.803280 0.064860
vt 0.815690 0.077220
vt 0.802140 0.066180
vt 0.803280 0.064860
vt 0.814460 0.078440
vt 0.813130 0.079760
vt 0.802140 0.066180
vt 0.814460 0.078440
vt 0.800900 0.067590
vt 0.802140 0.066180
vt 0.813130 0.079760
vt 0.811730 0.081150
vt 0.800900 0.067590
vt 0.813130 0.079760
vt 0.799600 0.069080
vt 0.800900 0.067590
vt 0.811730 0.081150
vt 0.313970 0.823860
vt 0.311980 0.816860
vt 0.313940 0.808470
vt 0.315870 0.808230
vt 0.313970 0.823860
vt 0.313940 0.808470
vt 0.315900 0.823590
vt 0.313970 0.823860
vt 0.315870 0.808230
vt 0.317700 0.807840
vt 0.315900 0.823590
vt 0.315870 0.808230
vt 0.317720 0.823150
vt 0.315900 0.823590
vt 0.317700 0.807840
vt 0.319380 0.807300
vt 0.317720 0.823150
vt 0.317700 0.807840
vt 0.319410 0.822540
vt 0.317720 0.823150
vt 0.319380 0.807300
vt 0.828380 0.089450
vt 0.817730 0.075180
vt 0.829380 0.088580
vt 0.816790 0.076120
vt 0.817730 0.075180
vt 0.828380 0.089450
vt 0.827210 0.090460
vt 0.816790 0.076120
vt 0.828380 0.089450
vt 0.815690 0.077220
vt 0.816790 0.076120
vt 0.827210 0.090460
vt 0.825890 0.091590
vt 0.815690 0.077220
vt 0.827210 0.090460
vt 0.814460 0.078440
vt 0.815690 0.077220
vt 0.825890 0.091590
vt 0.824470 0.092800
vt 0.814460 0.078440
vt 0.825890 0.091590
vt 0.813130 0.079760
vt 0.814460 0.078440
vt 0.824470 0.092800
vt 0.822980 0.094080
vt 0.813130 0.079760
vt 0.824470 0.092800
vt 0.811730 0.081150
vt 0.813130 0.079760
vt 0.822980 0.094080
vt 0.590660 0.924650
vt 0.598390 0.937650
vt 0.590650 0.931750
vt 0.638800 0.553870
vt 0.661500 0.509980
vt 0.678370 0.505310
vt 0.661500 0.509980
vt 0.638800 0.518720
vt 0.645020 0.515930
vt 0.638800 0.553870
vt 0.598790 0.541080
vt 0.613580 0.531520
vt 0.638800 0.518720
vt 0.661500 0.509980
vt 0.638800 0.553870
vt 0.613580 0.531520
vt 0.638800 0.518720
vt 0.638800 0.553870
vt 0.629010 0.523120
vt 0.638800 0.518720
vt 0.613580 0.531520
vt 0.543330 0.607120
vt 0.543330 0.595920
vt 0.547770 0.589740
vt 0.591030 0.606920
vt 0.543330 0.607120
vt 0.547770 0.589740
vt 0.582070 0.554110
vt 0.584750 0.551740
vt 0.591040 0.546960
vt 0.591040 0.554060
vt 0.582070 0.554110
vt 0.591040 0.546960
vt 0.571510 0.563450
vt 0.582070 0.554110
vt 0.591040 0.554060
vt 0.591030 0.606920
vt 0.571510 0.563450
vt 0.591040 0.554060
vt 0.559170 0.576140
vt 0.571510 0.563450
vt 0.591030 0.606920
vt 0.547770 0.589740
vt 0.559170 0.576140
vt 0.591030 0.606920
vt 0.535580 0.607150
vt 0.537400 0.604170
vt 0.543330 0.595920
vt 0.543330 0.607120
vt 0.535580 0.607150
vt 0.543330 0.595920
vt 0.528110 0.619360
vt 0.535580 0.607150
vt 0.543330 0.607120
vt 0.543300 0.659960
vt 0.528110 0.619360
vt 0.543330 0.607120
vt 0.519950 0.635210
vt 0.528110 0.619360
vt 0.543300 0.659960
vt 0.512960 0.651650
vt 0.519950 0.635210
vt 0.543300 0.659960
vt 0.543260 0.712850
vt 0.499390 0.703520
vt 0.502650 0.685900
vt 0.507180 0.668580
vt 0.543260 0.712850
vt 0.502650 0.685900
vt 0.543300 0.659960
vt 0.543260 0.712850
vt 0.507180 0.668580
vt 0.510090 0.660050
vt 0.543300 0.659960
vt 0.507180 0.668580
vt 0.512960 0.651650
vt 0.543300 0.659960
vt 0.510090 0.660050
vt 0.497380 0.757180
vt 0.543210 0.765760
vt 0.498300 0.765650
vt 0.543210 0.765760
vt 0.497380 0.757180
vt 0.496750 0.739260
vt 0.497420 0.721330
vt 0.543210 0.765760
vt 0.496750 0.739260
vt 0.543260 0.712850
vt 0.543210 0.765760
vt 0.497420 0.721330
vt 0.498360 0.712860
vt 0.543260 0.712850
vt 0.497420 0.721330
vt 0.499390 0.703520
vt 0.543260 0.712850
vt 0.498360 0.712860
vt 0.527860 0.859220
vt 0.519730 0.843350
vt 0.543140 0.818660
vt 0.543050 0.871500
vt 0.527860 0.859220
vt 0.543140 0.818660
vt 0.535310 0.871440
vt 0.527860 0.859220
vt 0.543050 0.871500
vt 0.502540 0.792630
vt 0.499320 0.775000
vt 0.498300 0.765650
vt 0.543210 0.765760
vt 0.502540 0.792630
vt 0.498300 0.765650
vt 0.507040 0.809960
vt 0.502540 0.792630
vt 0.543210 0.765760
vt 0.543140 0.818660
vt 0.507040 0.809960
vt 0.543210 0.765760
vt 0.509930 0.818490
vt 0.507040 0.809960
vt 0.543140 0.818660
vt 0.519730 0.843350
vt 0.509930 0.818490
vt 0.543140 0.818660
vt 0.512780 0.826900
vt 0.509930 0.818490
vt 0.519730 0.843350
vt 0.543040 0.882690
vt 0.537130 0.874430
vt 0.535310 0.871440
vt 0.543050 0.871500
vt 0.543040 0.882690
vt 0.535310 0.871440
vt 0.547470 0.888880
vt 0.543040 0.882690
vt 0.543050 0.871500
vt 0.590750 0.871800
vt 0.547470 0.888880
vt 0.543050 0.871500
vt 0.558830 0.902510
vt 0.547470 0.888880
vt 0.590750 0.871800
vt 0.571150 0.915220
vt 0.558830 0.902510
vt 0.590750 0.871800
vt 0.590660 0.924650
vt 0.571150 0.915220
vt 0.590750 0.871800
vt 0.581690 0.924580
vt 0.571150 0.915220
vt 0.590660 0.924650
vt 0.590650 0.931750
vt 0.581690 0.924580
vt 0.590660 0.924650
vt 0.584360 0.926960
vt 0.581690 0.924580
vt 0.590650 0.931750
vt 0.638420 0.924950
vt 0.644560 0.962900
vt 0.638350 0.960100
vt 0.628570 0.955670
vt 0.638420 0.924950
vt 0.638350 0.960100
vt 0.613150 0.947240
vt 0.638420 0.924950
vt 0.628570 0.955670
vt 0.667230 0.925070
vt 0.684990 0.975170
vt 0.677880 0.973590
vt 0.661030 0.968890
vt 0.667230 0.925070
vt 0.677880 0.973590
vt 0.638520 0.872020
vt 0.632470 0.863490
vt 0.638530 0.866910
vt 0.640240 0.867870
vt 0.638520 0.872020
vt 0.638530 0.866910
vt 0.667230 0.925070
vt 0.661030 0.968890
vt 0.644560 0.962900
vt 0.638420 0.924950
vt 0.667230 0.925070
vt 0.644560 0.962900
vt 0.666680 0.923520
vt 0.667230 0.925070
vt 0.638420 0.924950
vt 0.638520 0.872020
vt 0.666680 0.923520
vt 0.638420 0.924950
vt 0.648430 0.872060
vt 0.666680 0.923520
vt 0.638520 0.872020
vt 0.640240 0.867870
vt 0.648430 0.872060
vt 0.638520 0.872020
vt 0.648320 0.871770
vt 0.648430 0.872060
vt 0.640240 0.867870
vt 0.590750 0.871800
vt 0.591030 0.825120
vt 0.596500 0.832240
vt 0.601470 0.837930
vt 0.590750 0.871800
vt 0.596500 0.832240
vt 0.602420 0.839010
vt 0.590750 0.871800
vt 0.601470 0.837930
vt 0.590750 0.871800
vt 0.602420 0.839010
vt 0.608790 0.845430
vt 0.611060 0.847530
vt 0.590750 0.871800
vt 0.608790 0.845430
vt 0.615550 0.851350
vt 0.590750 0.871800
vt 0.611060 0.847530
vt 0.590750 0.871800
vt 0.615550 0.851350
vt 0.617870 0.853310
vt 0.625010 0.858630
vt 0.590750 0.871800
vt 0.617870 0.853310
vt 0.631260 0.862700
vt 0.590750 0.871800
vt 0.625010 0.858630
vt 0.543050 0.871500
vt 0.543140 0.818660
vt 0.586800 0.818840
vt 0.589350 0.822630
vt 0.543050 0.871500
vt 0.586800 0.818840
vt 0.590750 0.871800
vt 0.543050 0.871500
vt 0.589350 0.822630
vt 0.590830 0.824820
vt 0.590750 0.871800
vt 0.589350 0.822630
vt 0.591030 0.825120
vt 0.590750 0.871800
vt 0.590830 0.824820
vt 0.543140 0.818660
vt 0.571700 0.787710
vt 0.572640 0.790520
vt 0.543210 0.765760
vt 0.566530 0.768720
vt 0.567440 0.773220
vt 0.543140 0.818660
vt 0.543210 0.765760
vt 0.567440 0.773220
vt 0.569770 0.781950
vt 0.543140 0.818660
vt 0.567440 0.773220
vt 0.571700 0.787710
vt 0.543140 0.818660
vt 0.569770 0.781950
vt 0.543140 0.818660
vt 0.572640 0.790520
vt 0.576040 0.798930
vt 0.579340 0.805810
vt 0.543140 0.818660
vt 0.576040 0.798930
vt 0.579980 0.807150
vt 0.543140 0.818660
vt 0.579340 0.805810
vt 0.543140 0.818660
vt 0.579980 0.807150
vt 0.581450 0.809900
vt 0.586010 0.817670
vt 0.543140 0.818660
vt 0.581450 0.809900
vt 0.586800 0.818840
vt 0.543140 0.818660
vt 0.586010 0.817670
vt 0.543260 0.712850
vt 0.566580 0.709950
vt 0.565950 0.712890
vt 0.565420 0.715970
vt 0.543260 0.712850
vt 0.565950 0.712890
vt 0.564250 0.724960
vt 0.543260 0.712850
vt 0.565420 0.715970
vt 0.563640 0.733990
vt 0.563580 0.743060
vt 0.543210 0.765760
vt 0.543260 0.712850
vt 0.563640 0.733990
vt 0.543210 0.765760
vt 0.563940 0.729470
vt 0.563640 0.733990
vt 0.543260 0.712850
vt 0.564250 0.724960
vt 0.563940 0.729470
vt 0.543260 0.712850
vt 0.543210 0.765760
vt 0.563580 0.743060
vt 0.563910 0.749190
vt 0.564080 0.752140
vt 0.543210 0.765760
vt 0.563910 0.749190
vt 0.565140 0.761250
vt 0.543210 0.765760
vt 0.564080 0.752140
vt 0.543210 0.765760
vt 0.565140 0.761250
vt 0.565640 0.764340
vt 0.565940 0.765810
vt 0.543210 0.765760
vt 0.565640 0.764340
vt 0.566530 0.768720
vt 0.543210 0.765760
vt 0.565940 0.765810
vt 0.580800 0.670250
vt 0.543300 0.659960
vt 0.582300 0.667530
vt 0.543300 0.659960
vt 0.580800 0.670250
vt 0.579490 0.672900
vt 0.576800 0.678340
vt 0.543300 0.659960
vt 0.579490 0.672900
vt 0.573310 0.686660
vt 0.543300 0.659960
vt 0.576800 0.678340
vt 0.543300 0.659960
vt 0.573310 0.686660
vt 0.571810 0.690970
vt 0.570330 0.695190
vt 0.543300 0.659960
vt 0.571810 0.690970
vt 0.543260 0.712850
vt 0.543300 0.659960
vt 0.570330 0.695190
vt 0.567870 0.703930
vt 0.543260 0.712850
vt 0.570330 0.695190
vt 0.566580 0.709950
vt 0.543260 0.712850
vt 0.567870 0.703930
vt 0.591030 0.606920
vt 0.592140 0.652320
vt 0.591000 0.653960
vt 0.589530 0.656090
vt 0.591030 0.606920
vt 0.591000 0.653960
vt 0.543330 0.607120
vt 0.591030 0.606920
vt 0.589530 0.656090
vt 0.587000 0.659730
vt 0.543330 0.607120
vt 0.589530 0.656090
vt 0.543300 0.659960
vt 0.543330 0.607120
vt 0.587000 0.659730
vt 0.586920 0.659870
vt 0.543300 0.659960
vt 0.587000 0.659730
vt 0.582300 0.667530
vt 0.543300 0.659960
vt 0.586920 0.659870
vt 0.591030 0.606920
vt 0.638790 0.611940
vt 0.634050 0.614530
vt 0.631520 0.616130
vt 0.591030 0.606920
vt 0.634050 0.614530
vt 0.591030 0.606920
vt 0.631520 0.616130
vt 0.626530 0.619290
vt 0.619290 0.624540
vt 0.591030 0.606920
vt 0.626530 0.619290
vt 0.615790 0.627440
vt 0.591030 0.606920
vt 0.619290 0.624540
vt 0.591030 0.606920
vt 0.615790 0.627440
vt 0.612350 0.630280
vt 0.610070 0.632340
vt 0.591030 0.606920
vt 0.612350 0.630280
vt 0.603680 0.638620
vt 0.591030 0.606920
vt 0.610070 0.632340
vt 0.591030 0.606920
vt 0.603680 0.638620
vt 0.601690 0.640830
vt 0.597710 0.645280
vt 0.591030 0.606920
vt 0.601690 0.640830
vt 0.592140 0.652320
vt 0.591030 0.606920
vt 0.597710 0.645280
vt 0.638790 0.606800
vt 0.648700 0.606790
vt 0.648600 0.607080
vt 0.641840 0.610270
vt 0.638790 0.606800
vt 0.648600 0.607080
vt 0.667060 0.555370
vt 0.648700 0.606790
vt 0.638790 0.606800
vt 0.638800 0.553870
vt 0.667060 0.555370
vt 0.638790 0.606800
vt 0.667610 0.553810
vt 0.667060 0.555370
vt 0.638800 0.553870
vt 0.678370 0.505310
vt 0.667610 0.553810
vt 0.638800 0.553870
vt 0.685470 0.503750
vt 0.667610 0.553810
vt 0.678370 0.505310
vt 0.590750 0.871800
vt 0.631260 0.862700
vt 0.632470 0.863490
vt 0.638520 0.872020
vt 0.590750 0.871800
vt 0.632470 0.863490
vt 0.590660 0.924650
vt 0.590750 0.871800
vt 0.638520 0.872020
vt 0.638420 0.924950
vt 0.590660 0.924650
vt 0.638520 0.872020
vt 0.598390 0.937650
vt 0.590660 0.924650
vt 0.638420 0.924950
vt 0.613150 0.947240
vt 0.598390 0.937650
vt 0.638420 0.924950
vt 0.591040 0.554060
vt 0.591040 0.546960
vt 0.598790 0.541080
vt 0.638800 0.553870
vt 0.591040 0.554060
vt 0.598790 0.541080
vt 0.591030 0.606920
vt 0.591040 0.554060
vt 0.638800 0.553870
vt 0.638790 0.606800
vt 0.591030 0.606920
vt 0.638800 0.553870
vt 0.638790 0.611940
vt 0.591030 0.606920
vt 0.638790 0.606800
vt 0.641840 0.610270
vt 0.638790 0.611940
vt 0.638790 0.606800
vt 0.899340 0.913030
vt 0.897390 0.927910
vt 0.897360 0.913120
vt 0.899370 0.927820
vt 0.897390 0.928630
vt 0.897390 0.927910
vt 0.899460 0.954990
vt 0.898660 0.966940
vt 0.898470 0.966960
vt 0.899460 0.954990
vt 0.901390 0.954650
vt 0.900220 0.966640
vt 0.899520 0.966770
vt 0.899460 0.954990
vt 0.900220 0.966640
vt 0.898660 0.966940
vt 0.899460 0.954990
vt 0.899520 0.966770
vt 0.903220 0.954080
vt 0.903270 0.965210
vt 0.903100 0.965340
vt 0.901760 0.966070
vt 0.903220 0.954080
vt 0.903100 0.965340
vt 0.901390 0.954650
vt 0.903220 0.954080
vt 0.901760 0.966070
vt 0.901450 0.966190
vt 0.901390 0.954650
vt 0.901760 0.966070
vt 0.900220 0.966640
vt 0.901390 0.954650
vt 0.901450 0.966190
vt 0.904780 0.964040
vt 0.903270 0.965210
vt 0.903220 0.954080
vt 0.904900 0.953320
vt 0.904780 0.964040
vt 0.903220 0.954080
vt 0.837770 0.395510
vt 0.837940 0.395510
vt 0.828450 0.407660
vt 0.836500 0.395510
vt 0.837770 0.395510
vt 0.828450 0.407660
vt 0.827460 0.406790
vt 0.836500 0.395510
vt 0.828450 0.407660
vt 0.836270 0.395510
vt 0.836500 0.395510
vt 0.827460 0.406790
vt 0.834340 0.395510
vt 0.836270 0.395510
vt 0.827460 0.406790
vt 0.826290 0.405780
vt 0.834340 0.395510
vt 0.827460 0.406790
vt 0.834240 0.395510
vt 0.834340 0.395510
vt 0.826290 0.405780
vt 0.824980 0.404640
vt 0.834240 0.395510
vt 0.826290 0.405780
vt 0.832100 0.395510
vt 0.834240 0.395510
vt 0.824980 0.404640
vt 0.830180 0.395510
vt 0.832100 0.395510
vt 0.824980 0.404640
vt 0.823570 0.403420
vt 0.830180 0.395510
vt 0.824980 0.404640
vt 0.829760 0.395510
vt 0.830180 0.395510
vt 0.823570 0.403420
vt 0.822080 0.402130
vt 0.829760 0.395510
vt 0.823570 0.403420
vt 0.827310 0.395510
vt 0.829760 0.395510
vt 0.822080 0.402130
vt 0.773130 0.447210
vt 0.780430 0.441820
vt 0.774100 0.448930
vt 0.774100 0.448930
vt 0.786970 0.439440
vt 0.788100 0.440950
vt 0.775040 0.450630
vt 0.774100 0.448930
vt 0.788100 0.440950
vt 0.789140 0.442350
vt 0.775040 0.450630
vt 0.788100 0.440950
vt 0.775900 0.452180
vt 0.775040 0.450630
vt 0.789140 0.442350
vt 0.790070 0.443600
vt 0.775900 0.452180
vt 0.789140 0.442350
vt 0.776710 0.453640
vt 0.775900 0.452180
vt 0.790070 0.443600
vt 0.790860 0.444670
vt 0.776710 0.453640
vt 0.790070 0.443600
vt 0.904620 0.897060
vt 0.906090 0.896520
vt 0.904770 0.911760
vt 0.903090 0.912350
vt 0.904620 0.897060
vt 0.904770 0.911760
vt 0.902840 0.897530
vt 0.904620 0.897060
vt 0.903090 0.912350
vt 0.901260 0.912770
vt 0.902840 0.897530
vt 0.903090 0.912350
vt 0.901260 0.912770
vt 0.899340 0.913030
vt 0.901010 0.897850
vt 0.902840 0.897530
vt 0.901260 0.912770
vt 0.901010 0.897850
vt 0.899340 0.913030
vt 0.897360 0.913120
vt 0.897350 0.906800
vt 0.897340 0.898090
vt 0.899340 0.913030
vt 0.897350 0.906800
vt 0.898950 0.898040
vt 0.899340 0.913030
vt 0.897340 0.898090
vt 0.901010 0.897850
vt 0.899340 0.913030
vt 0.898950 0.898040
vt 0.897490 0.955100
vt 0.898470 0.966960
vt 0.897550 0.966990
vt 0.899460 0.954990
vt 0.898470 0.966960
vt 0.897490 0.955100
vt 0.897460 0.948650
vt 0.899460 0.954990
vt 0.897490 0.955100
vt 0.899410 0.941830
vt 0.897460 0.948650
vt 0.897440 0.941930
vt 0.897390 0.928630
vt 0.899410 0.941830
vt 0.897440 0.941930
vt 0.899460 0.954990
vt 0.897460 0.948650
vt 0.899410 0.941830
vt 0.901340 0.941510
vt 0.899460 0.954990
vt 0.899410 0.941830
vt 0.901390 0.954650
vt 0.899460 0.954990
vt 0.901340 0.941510
vt 0.903170 0.940990
vt 0.901390 0.954650
vt 0.901340 0.941510
vt 0.903220 0.954080
vt 0.901390 0.954650
vt 0.903170 0.940990
vt 0.904850 0.940280
vt 0.903220 0.954080
vt 0.903170 0.940990
vt 0.904900 0.953320
vt 0.903220 0.954080
vt 0.904850 0.940280
vt 0.815860 0.419970
vt 0.828450 0.407660
vt 0.816790 0.420910
vt 0.827460 0.406790
vt 0.828450 0.407660
vt 0.815860 0.419970
vt 0.814770 0.418870
vt 0.827460 0.406790
vt 0.815860 0.419970
vt 0.826290 0.405780
vt 0.827460 0.406790
vt 0.814770 0.418870
vt 0.813550 0.417640
vt 0.826290 0.405780
vt 0.814770 0.418870
vt 0.824980 0.404640
vt 0.826290 0.405780
vt 0.813550 0.417640
vt 0.812220 0.416310
vt 0.824980 0.404640
vt 0.813550 0.417640
vt 0.823570 0.403420
vt 0.824980 0.404640
vt 0.812220 0.416310
vt 0.810830 0.414920
vt 0.823570 0.403420
vt 0.812220 0.416310
vt 0.822080 0.402130
vt 0.823570 0.403420
vt 0.810830 0.414920
vt 0.899410 0.941830
vt 0.897390 0.928630
vt 0.899370 0.927820
vt 0.901300 0.927530
vt 0.899410 0.941830
vt 0.899370 0.927820
vt 0.901340 0.941510
vt 0.899410 0.941830
vt 0.901300 0.927530
vt 0.903130 0.927060
vt 0.901340 0.941510
vt 0.901300 0.927530
vt 0.903170 0.940990
vt 0.901340 0.941510
vt 0.903130 0.927060
vt 0.904810 0.926400
vt 0.903170 0.940990
vt 0.903130 0.927060
vt 0.904850 0.940280
vt 0.903170 0.940990
vt 0.904810 0.926400
vt 0.803380 0.432260
vt 0.816790 0.420910
vt 0.804240 0.433270
vt 0.815860 0.419970
vt 0.816790 0.420910
vt 0.803380 0.432260
vt 0.802370 0.431080
vt 0.815860 0.419970
vt 0.803380 0.432260
vt 0.814770 0.418870
vt 0.815860 0.419970
vt 0.802370 0.431080
vt 0.801230 0.429770
vt 0.814770 0.418870
vt 0.802370 0.431080
vt 0.813550 0.417640
vt 0.814770 0.418870
vt 0.801230 0.429770
vt 0.800000 0.428340
vt 0.813550 0.417640
vt 0.801230 0.429770
vt 0.812220 0.416310
vt 0.813550 0.417640
vt 0.800000 0.428340
vt 0.798710 0.426850
vt 0.812220 0.416310
vt 0.800000 0.428340
vt 0.810830 0.414920
vt 0.812220 0.416310
vt 0.798710 0.426850
vt 0.786970 0.439440
vt 0.774100 0.448930
vt 0.780430 0.441820
vt 0.785790 0.437860
vt 0.786970 0.439440
vt 0.780430 0.441820
vt 0.787320 0.436560
vt 0.786970 0.439440
vt 0.785790 0.437860
vt 0.899370 0.927820
vt 0.897390 0.927910
vt 0.899340 0.913030
vt 0.901260 0.912770
vt 0.899370 0.927820
vt 0.899340 0.913030
vt 0.901300 0.927530
vt 0.899370 0.927820
vt 0.901260 0.912770
vt 0.903090 0.912350
vt 0.901300 0.927530
vt 0.901260 0.912770
vt 0.903130 0.927060
vt 0.901300 0.927530
vt 0.903090 0.912350
vt 0.904770 0.911760
vt 0.903130 0.927060
vt 0.903090 0.912350
vt 0.904810 0.926400
vt 0.903130 0.927060
vt 0.904770 0.911760
vt 0.790070 0.443600
vt 0.804240 0.433270
vt 0.790860 0.444670
vt 0.803380 0.432260
vt 0.804240 0.433270
vt 0.790070 0.443600
vt 0.789140 0.442350
vt 0.803380 0.432260
vt 0.790070 0.443600
vt 0.802370 0.431080
vt 0.803380 0.432260
vt 0.789140 0.442350
vt 0.788100 0.440950
vt 0.802370 0.431080
vt 0.789140 0.442350
vt 0.801230 0.429770
vt 0.802370 0.431080
vt 0.788100 0.440950
vt 0.786970 0.439440
vt 0.801230 0.429770
vt 0.788100 0.440950
vt 0.800000 0.428340
vt 0.801230 0.429770
vt 0.786970 0.439440
vt 0.787320 0.436560
vt 0.800000 0.428340
vt 0.786970 0.439440
vt 0.798710 0.426850
vt 0.800000 0.428340
vt 0.787320 0.436560
vt 0.625920 0.382850
vt 0.607530 0.376390
vt 0.625920 0.380270
vt 0.517350 0.328500
vt 0.526480 0.338880
vt 0.522660 0.334880
vt 0.535900 0.147360
vt 0.528720 0.153830
vt 0.535040 0.148040
vt 0.558420 0.145630
vt 0.545030 0.159140
vt 0.542110 0.142410
vt 0.549060 0.137630
vt 0.558420 0.145630
vt 0.542110 0.142410
vt 0.555340 0.133900
vt 0.558420 0.145630
vt 0.549060 0.137630
vt 0.558420 0.145630
vt 0.555340 0.133900
vt 0.556310 0.133320
vt 0.563850 0.129510
vt 0.558420 0.145630
vt 0.556310 0.133320
vt 0.573550 0.134230
vt 0.558420 0.145630
vt 0.563850 0.129510
vt 0.571680 0.126190
vt 0.573550 0.134230
vt 0.563850 0.129510
vt 0.584900 0.128030
vt 0.573550 0.134230
vt 0.571680 0.126190
vt 0.584910 0.112240
vt 0.584900 0.128030
vt 0.571680 0.126190
vt 0.590130 0.125170
vt 0.584900 0.128030
vt 0.584910 0.112240
vt 0.535890 0.166330
vt 0.517520 0.166350
vt 0.522830 0.159990
vt 0.526660 0.155990
vt 0.535890 0.166330
vt 0.522830 0.159990
vt 0.535890 0.166330
vt 0.526660 0.155990
vt 0.528720 0.153830
vt 0.535900 0.147360
vt 0.535890 0.166330
vt 0.528720 0.153830
vt 0.545030 0.159140
vt 0.535890 0.166330
vt 0.535900 0.147360
vt 0.540240 0.143900
vt 0.545030 0.159140
vt 0.535900 0.147360
vt 0.542110 0.142410
vt 0.545030 0.159140
vt 0.540240 0.143900
vt 0.517520 0.166350
vt 0.514890 0.169930
vt 0.517380 0.166520
vt 0.512370 0.173390
vt 0.524590 0.191350
vt 0.507510 0.181110
vt 0.533680 0.174490
vt 0.524590 0.191350
vt 0.512370 0.173390
vt 0.533680 0.174490
vt 0.512370 0.173390
vt 0.514890 0.169930
vt 0.517520 0.166350
vt 0.533680 0.174490
vt 0.514890 0.169930
vt 0.535890 0.171510
vt 0.533680 0.174490
vt 0.517520 0.166350
vt 0.535890 0.166330
vt 0.535890 0.171510
vt 0.517520 0.166350
vt 0.539710 0.166330
vt 0.535890 0.171510
vt 0.535890 0.166330
vt 0.545030 0.159140
vt 0.539710 0.166330
vt 0.535890 0.166330
vt 0.505170 0.185450
vt 0.507510 0.181110
vt 0.524590 0.191350
vt 0.517950 0.209380
vt 0.505170 0.185450
vt 0.524590 0.191350
vt 0.503410 0.188720
vt 0.505170 0.185450
vt 0.517950 0.209380
vt 0.497690 0.202220
vt 0.499840 0.196530
vt 0.503410 0.188720
vt 0.517950 0.209380
vt 0.497690 0.202220
vt 0.503410 0.188720
vt 0.496800 0.204540
vt 0.497690 0.202220
vt 0.517950 0.209380
vt 0.515580 0.220400
vt 0.496800 0.204540
vt 0.517950 0.209380
vt 0.494290 0.212730
vt 0.496800 0.204540
vt 0.515580 0.220400
vt 0.492600 0.219910
vt 0.494290 0.212730
vt 0.515580 0.220400
vt 0.489940 0.238820
vt 0.512530 0.247420
vt 0.489650 0.247410
vt 0.512530 0.247420
vt 0.489940 0.238820
vt 0.490000 0.238170
vt 0.490780 0.230240
vt 0.512530 0.247420
vt 0.490000 0.238170
vt 0.513900 0.228200
vt 0.512530 0.247420
vt 0.490780 0.230240
vt 0.492190 0.221670
vt 0.513900 0.228200
vt 0.490780 0.230240
vt 0.515580 0.220400
vt 0.513900 0.228200
vt 0.492190 0.221670
vt 0.492490 0.220390
vt 0.515580 0.220400
vt 0.492190 0.221670
vt 0.492600 0.219910
vt 0.515580 0.220400
vt 0.492490 0.220390
vt 0.489980 0.256620
vt 0.489920 0.255990
vt 0.489650 0.247410
vt 0.512530 0.247420
vt 0.489980 0.256620
vt 0.489650 0.247410
vt 0.490820 0.265140
vt 0.489980 0.256620
vt 0.512530 0.247420
vt 0.513860 0.266650
vt 0.490820 0.265140
vt 0.512530 0.247420
vt 0.492250 0.273700
vt 0.490820 0.265140
vt 0.513860 0.266650
vt 0.492420 0.274410
vt 0.492250 0.273700
vt 0.513860 0.266650
vt 0.515530 0.274450
vt 0.492420 0.274410
vt 0.513860 0.266650
vt 0.492530 0.274890
vt 0.492420 0.274410
vt 0.515530 0.274450
vt 0.517870 0.285470
vt 0.492530 0.274890
vt 0.515530 0.274450
vt 0.494220 0.282090
vt 0.492530 0.274890
vt 0.517870 0.285470
vt 0.505040 0.309380
vt 0.524470 0.303520
vt 0.507660 0.314220
vt 0.497590 0.292590
vt 0.496720 0.290290
vt 0.494220 0.282090
vt 0.517870 0.285470
vt 0.497590 0.292590
vt 0.494220 0.282090
vt 0.499750 0.298300
vt 0.497590 0.292590
vt 0.517870 0.285470
vt 0.524470 0.303520
vt 0.499750 0.298300
vt 0.517870 0.285470
vt 0.503550 0.306620
vt 0.499750 0.298300
vt 0.524470 0.303520
vt 0.505040 0.309380
vt 0.503550 0.306620
vt 0.524470 0.303520
vt 0.512220 0.321460
vt 0.507660 0.314220
vt 0.524470 0.303520
vt 0.533530 0.320400
vt 0.512220 0.321460
vt 0.524470 0.303520
vt 0.514730 0.324910
vt 0.512220 0.321460
vt 0.533530 0.320400
vt 0.526480 0.338880
vt 0.535260 0.347210
vt 0.528930 0.341440
vt 0.535260 0.347210
vt 0.535720 0.328560
vt 0.535690 0.347560
vt 0.535720 0.328560
vt 0.535260 0.347210
vt 0.526480 0.338880
vt 0.517350 0.328500
vt 0.535720 0.328560
vt 0.526480 0.338880
vt 0.533530 0.320400
vt 0.535720 0.328560
vt 0.517350 0.328500
vt 0.517230 0.328350
vt 0.533530 0.320400
vt 0.517350 0.328500
vt 0.514730 0.324910
vt 0.533530 0.320400
vt 0.517230 0.328350
vt 0.584630 0.382760
vt 0.584590 0.405880
vt 0.576380 0.382720
vt 0.571430 0.368770
vt 0.584630 0.382760
vt 0.576380 0.382720
vt 0.535720 0.328560
vt 0.533530 0.320400
vt 0.535730 0.323390
vt 0.539550 0.328570
vt 0.535720 0.328560
vt 0.535730 0.323390
vt 0.535690 0.347560
vt 0.535720 0.328560
vt 0.539550 0.328570
vt 0.544850 0.335770
vt 0.535690 0.347560
vt 0.539550 0.328570
vt 0.540020 0.351000
vt 0.535690 0.347560
vt 0.544850 0.335770
vt 0.558210 0.349310
vt 0.540020 0.351000
vt 0.544850 0.335770
vt 0.541910 0.352500
vt 0.540020 0.351000
vt 0.558210 0.349310
vt 0.558210 0.349310
vt 0.573320 0.360750
vt 0.555110 0.361030
vt 0.548850 0.357300
vt 0.558210 0.349310
vt 0.555110 0.361030
vt 0.541910 0.352500
vt 0.558210 0.349310
vt 0.548850 0.357300
vt 0.556080 0.361620
vt 0.571430 0.368770
vt 0.564110 0.365680
vt 0.595540 0.436760
vt 0.625900 0.395290
vt 0.633550 0.436860
vt 0.629410 0.487480
vt 0.612960 0.485910
vt 0.595540 0.436760
vt 0.633550 0.436860
vt 0.629410 0.487480
vt 0.595540 0.436760
vt 0.633440 0.487570
vt 0.629410 0.487480
vt 0.633550 0.436860
vt 0.646750 0.487840
vt 0.633440 0.487570
vt 0.633550 0.436860
vt 0.682560 0.436880
vt 0.682460 0.484360
vt 0.681270 0.484610
vt 0.664070 0.486880
vt 0.682560 0.436880
vt 0.681270 0.484610
vt 0.731530 0.436790
vt 0.747380 0.436500
vt 0.745500 0.438040
vt 0.731530 0.436790
vt 0.745500 0.438040
vt 0.743710 0.440100
vt 0.742330 0.442320
vt 0.731530 0.436790
vt 0.743710 0.440100
vt 0.741280 0.444900
vt 0.731530 0.436790
vt 0.742330 0.442320
vt 0.740680 0.447540
vt 0.731530 0.436790
vt 0.741280 0.444900
vt 0.740520 0.450270
vt 0.731530 0.436790
vt 0.740680 0.447540
vt 0.714950 0.476190
vt 0.698260 0.481040
vt 0.682460 0.484360
vt 0.682560 0.436880
vt 0.714950 0.476190
vt 0.682460 0.484360
vt 0.731350 0.470030
vt 0.714950 0.476190
vt 0.682560 0.436880
vt 0.731530 0.436790
vt 0.731350 0.470030
vt 0.682560 0.436880
vt 0.740520 0.450270
vt 0.731350 0.470030
vt 0.731530 0.436790
vt 0.740810 0.452980
vt 0.731350 0.470030
vt 0.740520 0.450270
vt 0.741530 0.455580
vt 0.731350 0.470030
vt 0.740810 0.452980
vt 0.742620 0.457970
vt 0.731350 0.470030
vt 0.741530 0.455580
vt 0.746280 0.464520
vt 0.731350 0.470030
vt 0.742620 0.457970
vt 0.765180 0.436370
vt 0.762630 0.434950
vt 0.780500 0.395460
vt 0.760220 0.434100
vt 0.759180 0.422180
vt 0.762630 0.434950
vt 0.760220 0.434100
vt 0.757540 0.433660
vt 0.759180 0.422180
vt 0.762630 0.434950
vt 0.759180 0.422180
vt 0.759780 0.420670
vt 0.780500 0.395460
vt 0.762630 0.434950
vt 0.759780 0.420670
vt 0.760160 0.418920
vt 0.780500 0.395460
vt 0.759780 0.420670
vt 0.760260 0.417590
vt 0.780500 0.395460
vt 0.760160 0.418920
vt 0.760300 0.395440
vt 0.780500 0.395460
vt 0.760260 0.417590
vt 0.731530 0.436790
vt 0.731600 0.395410
vt 0.740320 0.395420
vt 0.740280 0.417570
vt 0.731530 0.436790
vt 0.740320 0.395420
vt 0.740410 0.419230
vt 0.731530 0.436790
vt 0.740280 0.417570
vt 0.751270 0.427780
vt 0.754980 0.433670
vt 0.752320 0.434160
vt 0.754480 0.426870
vt 0.757540 0.433660
vt 0.754980 0.433670
vt 0.754980 0.433670
vt 0.751270 0.427780
vt 0.752860 0.427470
vt 0.754480 0.426870
vt 0.754980 0.433670
vt 0.752860 0.427470
vt 0.755880 0.426050
vt 0.757540 0.433660
vt 0.754480 0.426870
vt 0.757540 0.433660
vt 0.755880 0.426050
vt 0.757220 0.424930
vt 0.757540 0.433660
vt 0.757220 0.424930
vt 0.758270 0.423690
vt 0.759180 0.422180
vt 0.757540 0.433660
vt 0.758270 0.423690
vt 0.747380 0.436500
vt 0.742400 0.423900
vt 0.743530 0.425160
vt 0.744900 0.426240
vt 0.747380 0.436500
vt 0.743530 0.425160
vt 0.746330 0.427000
vt 0.747380 0.436500
vt 0.744900 0.426240
vt 0.747940 0.427560
vt 0.747380 0.436500
vt 0.746330 0.427000
vt 0.752320 0.434160
vt 0.749880 0.435030
vt 0.749560 0.427810
vt 0.751270 0.427780
vt 0.752320 0.434160
vt 0.749560 0.427810
vt 0.749560 0.427810
vt 0.747380 0.436500
vt 0.747940 0.427560
vt 0.749880 0.435030
vt 0.747380 0.436500
vt 0.749560 0.427810
vt 0.740810 0.420890
vt 0.731530 0.436790
vt 0.740410 0.419230
vt 0.741490 0.422480
vt 0.731530 0.436790
vt 0.740810 0.420890
vt 0.741490 0.422480
vt 0.747380 0.436500
vt 0.731530 0.436790
vt 0.742400 0.423900
vt 0.747380 0.436500
vt 0.741490 0.422480
vt 0.780440 0.436590
vt 0.780430 0.441820
vt 0.773130 0.447210
vt 0.770070 0.441740
vt 0.780440 0.436590
vt 0.773130 0.447210
vt 0.768900 0.439960
vt 0.780440 0.436590
vt 0.770070 0.441740
vt 0.767030 0.437880
vt 0.780440 0.436590
vt 0.768900 0.439960
vt 0.765180 0.436370
vt 0.780440 0.436590
vt 0.767030 0.437880
vt 0.780500 0.395460
vt 0.780440 0.436590
vt 0.765180 0.436370
vt 0.822080 0.402130
vt 0.780500 0.395460
vt 0.827310 0.395510
vt 0.787320 0.436560
vt 0.785790 0.437860
vt 0.780430 0.441820
vt 0.780440 0.436590
vt 0.787320 0.436560
vt 0.780430 0.441820
vt 0.798710 0.426850
vt 0.787320 0.436560
vt 0.780440 0.436590
vt 0.780500 0.395460
vt 0.798710 0.426850
vt 0.780440 0.436590
vt 0.810830 0.414920
vt 0.798710 0.426850
vt 0.780500 0.395460
vt 0.822080 0.402130
vt 0.810830 0.414920
vt 0.780500 0.395460
vt 0.633550 0.436860
vt 0.625900 0.395290
vt 0.633630 0.395300
vt 0.636620 0.395310
vt 0.633550 0.436860
vt 0.633630 0.395300
vt 0.636580 0.417460
vt 0.633550 0.436860
vt 0.636620 0.395310
vt 0.633550 0.436860
vt 0.636580 0.417460
vt 0.636710 0.419090
vt 0.636720 0.419150
vt 0.633550 0.436860
vt 0.636710 0.419090
vt 0.637110 0.420770
vt 0.633550 0.436860
vt 0.636720 0.419150
vt 0.637790 0.422360
vt 0.633550 0.436860
vt 0.637110 0.420770
vt 0.638700 0.423790
vt 0.633550 0.436860
vt 0.637790 0.422360
vt 0.639830 0.425040
vt 0.633550 0.436860
vt 0.638700 0.423790
vt 0.633550 0.436860
vt 0.639830 0.425040
vt 0.641190 0.426120
vt 0.633550 0.436860
vt 0.641190 0.426120
vt 0.642620 0.426890
vt 0.644230 0.427440
vt 0.633550 0.436860
vt 0.642620 0.426890
vt 0.645850 0.427700
vt 0.633550 0.436860
vt 0.644230 0.427440
vt 0.647550 0.427680
vt 0.633550 0.436860
vt 0.645850 0.427700
vt 0.682560 0.436880
vt 0.633550 0.436860
vt 0.647550 0.427680
vt 0.646750 0.487840
vt 0.633550 0.436860
vt 0.682560 0.436880
vt 0.664070 0.486880
vt 0.646750 0.487840
vt 0.682560 0.436880
vt 0.682560 0.436880
vt 0.647550 0.427680
vt 0.649150 0.427370
vt 0.651700 0.426230
vt 0.682560 0.436880
vt 0.649150 0.427370
vt 0.653510 0.424850
vt 0.682560 0.436880
vt 0.651700 0.426230
vt 0.654570 0.423600
vt 0.682560 0.436880
vt 0.653510 0.424850
vt 0.682560 0.436880
vt 0.654570 0.423600
vt 0.655480 0.422100
vt 0.682560 0.436880
vt 0.655480 0.422100
vt 0.656210 0.420000
vt 0.656570 0.417480
vt 0.682560 0.436880
vt 0.656210 0.420000
vt 0.698480 0.395370
vt 0.731600 0.395410
vt 0.731530 0.436790
vt 0.682560 0.436880
vt 0.698480 0.395370
vt 0.731530 0.436790
vt 0.682630 0.395360
vt 0.698480 0.395370
vt 0.682560 0.436880
vt 0.656570 0.417480
vt 0.682630 0.395360
vt 0.682560 0.436880
vt 0.656610 0.395330
vt 0.682630 0.395360
vt 0.656570 0.417480
vt 0.584660 0.366970
vt 0.589880 0.369840
vt 0.584630 0.382760
vt 0.571430 0.368770
vt 0.584660 0.366970
vt 0.584630 0.382760
vt 0.573320 0.360750
vt 0.584660 0.366970
vt 0.571430 0.368770
vt 0.556080 0.361620
vt 0.573320 0.360750
vt 0.571430 0.368770
vt 0.555110 0.361030
vt 0.573320 0.360750
vt 0.556080 0.361620
vt 0.584630 0.382760
vt 0.589880 0.369840
vt 0.607530 0.376390
vt 0.625920 0.382850
vt 0.584630 0.382760
vt 0.607530 0.376390
vt 0.584590 0.405880
vt 0.584630 0.382760
vt 0.625920 0.382850
vt 0.625900 0.395290
vt 0.584590 0.405880
vt 0.625920 0.382850
vt 0.592230 0.427410
vt 0.584590 0.405880
vt 0.625900 0.395290
vt 0.595540 0.436760
vt 0.592230 0.427410
vt 0.625900 0.395290
vt 0.584910 0.112240
vt 0.626200 0.112230
vt 0.626200 0.114820
vt 0.607800 0.118660
vt 0.584910 0.112240
vt 0.626200 0.114820
vt 0.590130 0.125170
vt 0.584910 0.112240
vt 0.607800 0.118660
vt 0.626200 0.099790
vt 0.633940 0.058240
vt 0.633930 0.099800
vt 0.584910 0.112240
vt 0.571680 0.126190
vt 0.576650 0.112260
vt 0.584920 0.089120
vt 0.584910 0.112240
vt 0.576650 0.112260
vt 0.626200 0.112230
vt 0.584910 0.112240
vt 0.584920 0.089120
vt 0.626200 0.099790
vt 0.626200 0.112230
vt 0.584920 0.089120
vt 0.682950 0.058320
vt 0.682940 0.099850
vt 0.656920 0.099820
vt 0.656920 0.077670
vt 0.682950 0.058320
vt 0.656920 0.099820
vt 0.682950 0.058320
vt 0.656920 0.077670
vt 0.656790 0.076040
vt 0.656780 0.075980
vt 0.682950 0.058320
vt 0.656790 0.076040
vt 0.656420 0.074470
vt 0.682950 0.058320
vt 0.656780 0.075980
vt 0.682950 0.058320
vt 0.656420 0.074470
vt 0.656380 0.074340
vt 0.656360 0.074260
vt 0.682950 0.058320
vt 0.656380 0.074340
vt 0.655720 0.072780
vt 0.682950 0.058320
vt 0.656360 0.074260
vt 0.654860 0.071420
vt 0.682950 0.058320
vt 0.655720 0.072780
vt 0.654810 0.071360
vt 0.682950 0.058320
vt 0.654860 0.071420
vt 0.682950 0.058320
vt 0.654810 0.071360
vt 0.654720 0.071240
vt 0.653690 0.070120
vt 0.682950 0.058320
vt 0.654720 0.071240
vt 0.653630 0.070050
vt 0.682950 0.058320
vt 0.653690 0.070120
vt 0.682950 0.058320
vt 0.653630 0.070050
vt 0.652390 0.069070
vt 0.652200 0.068950
vt 0.682950 0.058320
vt 0.652390 0.069070
vt 0.682950 0.058320
vt 0.652200 0.068950
vt 0.650940 0.068280
vt 0.650790 0.068200
vt 0.682950 0.058320
vt 0.650940 0.068280
vt 0.649380 0.067720
vt 0.682950 0.058320
vt 0.650790 0.068200
vt 0.682950 0.058320
vt 0.649380 0.067720
vt 0.649310 0.067690
vt 0.649090 0.067640
vt 0.682950 0.058320
vt 0.649310 0.067690
vt 0.633940 0.058240
vt 0.682950 0.058320
vt 0.649090 0.067640
vt 0.647750 0.067450
vt 0.633940 0.058240
vt 0.649090 0.067640
vt 0.633940 0.058240
vt 0.647750 0.067450
vt 0.647520 0.067420
vt 0.646100 0.067440
vt 0.633940 0.058240
vt 0.647520 0.067420
vt 0.645960 0.067440
vt 0.633940 0.058240
vt 0.646100 0.067440
vt 0.633940 0.058240
vt 0.645960 0.067440
vt 0.645750 0.067470
vt 0.644480 0.067730
vt 0.633940 0.058240
vt 0.645750 0.067470
vt 0.644190 0.067790
vt 0.633940 0.058240
vt 0.644480 0.067730
vt 0.633940 0.058240
vt 0.644190 0.067790
vt 0.642920 0.068270
vt 0.642730 0.068340
vt 0.633940 0.058240
vt 0.642920 0.068270
vt 0.642540 0.068430
vt 0.633940 0.058240
vt 0.642730 0.068340
vt 0.633940 0.058240
vt 0.642540 0.068430
vt 0.641470 0.069080
vt 0.641170 0.069260
vt 0.633940 0.058240
vt 0.641470 0.069080
vt 0.640170 0.070110
vt 0.633940 0.058240
vt 0.641170 0.069260
vt 0.633940 0.058240
vt 0.640170 0.070110
vt 0.639970 0.070290
vt 0.639820 0.070430
vt 0.633940 0.058240
vt 0.639970 0.070290
vt 0.639060 0.071360
vt 0.633940 0.058240
vt 0.639820 0.070430
vt 0.633940 0.058240
vt 0.639060 0.071360
vt 0.638800 0.071680
vt 0.638150 0.072770
vt 0.633940 0.058240
vt 0.638800 0.071680
vt 0.637990 0.073060
vt 0.633940 0.058240
vt 0.638150 0.072770
vt 0.633940 0.058240
vt 0.637990 0.073060
vt 0.637900 0.073250
vt 0.637500 0.074320
vt 0.633940 0.058240
vt 0.637900 0.073250
vt 0.637330 0.074780
vt 0.633940 0.058240
vt 0.637500 0.074320
vt 0.633930 0.099800
vt 0.636930 0.077650
vt 0.636930 0.099800
vt 0.633940 0.058240
vt 0.637330 0.074780
vt 0.637090 0.075960
vt 0.637010 0.076360
vt 0.633940 0.058240
vt 0.637090 0.075960
vt 0.633930 0.099800
vt 0.633940 0.058240
vt 0.637010 0.076360
vt 0.636990 0.076560
vt 0.633930 0.099800
vt 0.637010 0.076360
vt 0.636930 0.077650
vt 0.633930 0.099800
vt 0.636990 0.076560
vt 0.780830 0.058810
vt 0.780800 0.099950
vt 0.760600 0.099930
vt 0.760610 0.077780
vt 0.780830 0.058810
vt 0.760600 0.099930
vt 0.760480 0.076120
vt 0.780830 0.058810
vt 0.760610 0.077780
vt 0.760080 0.074470
vt 0.780830 0.058810
vt 0.760480 0.076120
vt 0.759410 0.072890
vt 0.780830 0.058810
vt 0.760080 0.074470
vt 0.780830 0.058810
vt 0.759410 0.072890
vt 0.758500 0.071460
vt 0.780830 0.058810
vt 0.758500 0.071460
vt 0.757360 0.070200
vt 0.756010 0.069140
vt 0.780830 0.058810
vt 0.757360 0.070200
vt 0.754570 0.068350
vt 0.780830 0.058810
vt 0.756010 0.069140
vt 0.752980 0.067800
vt 0.780830 0.058810
vt 0.754570 0.068350
vt 0.780830 0.058810
vt 0.751350 0.067540
vt 0.731920 0.058520
vt 0.752980 0.067800
vt 0.751350 0.067540
vt 0.780830 0.058810
vt 0.731920 0.058520
vt 0.751350 0.067540
vt 0.749670 0.067560
vt 0.731920 0.058520
vt 0.749670 0.067560
vt 0.748060 0.067860
vt 0.746460 0.068440
vt 0.731920 0.058520
vt 0.748060 0.067860
vt 0.745040 0.069260
vt 0.731920 0.058520
vt 0.746460 0.068440
vt 0.743710 0.070360
vt 0.731920 0.058520
vt 0.745040 0.069260
vt 0.742640 0.071610
vt 0.731920 0.058520
vt 0.743710 0.070360
vt 0.731920 0.058520
vt 0.742640 0.071610
vt 0.741720 0.073110
vt 0.731920 0.058520
vt 0.741720 0.073110
vt 0.741120 0.074640
vt 0.740730 0.076380
vt 0.731920 0.058520
vt 0.741120 0.074640
vt 0.740630 0.077760
vt 0.731920 0.058520
vt 0.740730 0.076380
vt 0.698790 0.099870
vt 0.682940 0.099850
vt 0.682950 0.058320
vt 0.731920 0.058520
vt 0.698790 0.099870
vt 0.682950 0.058320
vt 0.731910 0.099900
vt 0.698790 0.099870
vt 0.731920 0.058520
vt 0.740630 0.077760
vt 0.731910 0.099900
vt 0.731920 0.058520
vt 0.740630 0.099910
vt 0.731910 0.099900
vt 0.740630 0.077760
vt 0.822980 0.094080
vt 0.827620 0.100000
vt 0.780800 0.099950
vt 0.780830 0.058810
vt 0.822980 0.094080
vt 0.780800 0.099950
vt 0.811730 0.081150
vt 0.822980 0.094080
vt 0.780830 0.058810
vt 0.787740 0.058860
vt 0.811730 0.081150
vt 0.780830 0.058810
vt 0.799600 0.069080
vt 0.811730 0.081150
vt 0.787740 0.058860
vt 0.780830 0.053620
vt 0.786660 0.057940
vt 0.787740 0.058860
vt 0.780830 0.058810
vt 0.780830 0.053620
vt 0.787740 0.058860
vt 0.772970 0.047790
vt 0.780830 0.053620
vt 0.780830 0.058810
vt 0.731920 0.058520
vt 0.772970 0.047790
vt 0.780830 0.058810
vt 0.758600 0.038670
vt 0.772970 0.047790
vt 0.731920 0.058520
vt 0.743620 0.030650
vt 0.758600 0.038670
vt 0.731920 0.058520
vt 0.682950 0.058320
vt 0.695880 0.013490
vt 0.712180 0.018020
vt 0.728120 0.023750
vt 0.682950 0.058320
vt 0.712180 0.018020
vt 0.731920 0.058520
vt 0.682950 0.058320
vt 0.728120 0.023750
vt 0.731920 0.025440
vt 0.731920 0.058520
vt 0.728120 0.023750
vt 0.743620 0.030650
vt 0.731920 0.058520
vt 0.731920 0.025440
vt 0.645660 0.007250
vt 0.633940 0.058240
vt 0.633940 0.007540
vt 0.633940 0.058240
vt 0.645660 0.007250
vt 0.662530 0.008090
vt 0.679300 0.010170
vt 0.633940 0.058240
vt 0.662530 0.008090
vt 0.682950 0.058320
vt 0.633940 0.058240
vt 0.679300 0.010170
vt 0.682940 0.010900
vt 0.682950 0.058320
vt 0.679300 0.010170
vt 0.695880 0.013490
vt 0.682950 0.058320
vt 0.682940 0.010900
vt 0.628770 0.007670
vt 0.595930 0.058250
vt 0.613450 0.009140
vt 0.626200 0.099790
vt 0.584920 0.089120
vt 0.592600 0.067600
vt 0.595930 0.058250
vt 0.626200 0.099790
vt 0.592600 0.067600
vt 0.633940 0.058240
vt 0.626200 0.099790
vt 0.595930 0.058250
vt 0.628770 0.007670
vt 0.633940 0.058240
vt 0.595930 0.058250
vt 0.633940 0.007540
vt 0.633940 0.058240
vt 0.628770 0.007670
vt 0.141860 0.550190
vt 0.132330 0.530490
vt 0.140180 0.546150
vt 0.120730 0.746850
vt 0.123100 0.781460
vt 0.120670 0.784960
vt 0.106010 0.757710
vt 0.111590 0.746880
vt 0.120730 0.746850
vt 0.120670 0.784960
vt 0.106010 0.757710
vt 0.120730 0.746850
vt 0.093490 0.776720
vt 0.106010 0.757710
vt 0.120670 0.784960
vt 0.114190 0.794270
vt 0.093490 0.776720
vt 0.120670 0.784960
vt 0.079060 0.794230
vt 0.093490 0.776720
vt 0.114190 0.794270
vt 0.132090 0.766460
vt 0.141660 0.746770
vt 0.139970 0.750810
vt 0.141660 0.746770
vt 0.132090 0.766460
vt 0.123100 0.781460
vt 0.120730 0.746850
vt 0.141660 0.746770
vt 0.123100 0.781460
vt 0.146720 0.734620
vt 0.141660 0.746770
vt 0.120730 0.746850
vt 0.130690 0.694020
vt 0.134310 0.671380
vt 0.159820 0.683610
vt 0.157270 0.697620
vt 0.130690 0.694020
vt 0.159820 0.683610
vt 0.129710 0.697660
vt 0.130690 0.694020
vt 0.157270 0.697620
vt 0.156670 0.700930
vt 0.129710 0.697660
vt 0.157270 0.697620
vt 0.124710 0.716120
vt 0.129710 0.697660
vt 0.156670 0.700930
vt 0.152300 0.717960
vt 0.124710 0.716120
vt 0.156670 0.700930
vt 0.120760 0.726320
vt 0.124710 0.716120
vt 0.152300 0.717960
vt 0.129810 0.599280
vt 0.124850 0.580810
vt 0.156780 0.596070
vt 0.157370 0.599380
vt 0.129810 0.599280
vt 0.156780 0.596070
vt 0.130780 0.602930
vt 0.129810 0.599280
vt 0.157370 0.599380
vt 0.159890 0.613390
vt 0.130780 0.602930
vt 0.157370 0.599380
vt 0.134360 0.625570
vt 0.130780 0.602930
vt 0.159890 0.613390
vt 0.161750 0.630900
vt 0.134360 0.625570
vt 0.159890 0.613390
vt 0.135540 0.648480
vt 0.134360 0.625570
vt 0.161750 0.630900
vt 0.162360 0.648500
vt 0.135540 0.648480
vt 0.161750 0.630900
vt 0.134310 0.671380
vt 0.135540 0.648480
vt 0.162360 0.648500
vt 0.161720 0.666110
vt 0.134310 0.671380
vt 0.162360 0.648500
vt 0.159820 0.683610
vt 0.134310 0.671380
vt 0.161720 0.666110
vt 0.123380 0.515460
vt 0.120930 0.550070
vt 0.120950 0.511960
vt 0.120930 0.550070
vt 0.123380 0.515460
vt 0.132330 0.530490
vt 0.141860 0.550190
vt 0.120930 0.550070
vt 0.132330 0.530490
vt 0.120920 0.570600
vt 0.120930 0.550070
vt 0.141860 0.550190
vt 0.146900 0.562360
vt 0.120920 0.570600
vt 0.141860 0.550190
vt 0.124850 0.580810
vt 0.120920 0.570600
vt 0.146900 0.562360
vt 0.152440 0.579030
vt 0.124850 0.580810
vt 0.146900 0.562360
vt 0.156780 0.596070
vt 0.124850 0.580810
vt 0.152440 0.579030
vt 0.120930 0.550070
vt 0.120920 0.570600
vt 0.116640 0.559480
vt 0.111790 0.550020
vt 0.120930 0.550070
vt 0.116640 0.559480
vt 0.120950 0.511960
vt 0.120930 0.550070
vt 0.111790 0.550020
vt 0.106230 0.539180
vt 0.120950 0.511960
vt 0.111790 0.550020
vt 0.114490 0.502640
vt 0.120950 0.511960
vt 0.106230 0.539180
vt 0.093760 0.520140
vt 0.114490 0.502640
vt 0.106230 0.539180
vt 0.079360 0.502600
vt 0.114490 0.502640
vt 0.093760 0.520140
vt 0.120730 0.746850
vt 0.111590 0.746880
vt 0.116450 0.737440
vt 0.120760 0.726320
vt 0.120730 0.746850
vt 0.116450 0.737440
vt 0.146720 0.734620
vt 0.120730 0.746850
vt 0.120760 0.726320
vt 0.152300 0.717960
vt 0.146720 0.734620
vt 0.120760 0.726320
vt 0.827890 0.859090
vt 0.897330 0.851910
vt 0.897330 0.859260
vt 0.252890 0.791620
vt 0.242520 0.793740
vt 0.242510 0.769540
vt 0.311950 0.784480
vt 0.252890 0.791620
vt 0.242510 0.769540
vt 0.311950 0.791800
vt 0.252890 0.791620
vt 0.311950 0.784480
vt 0.243580 0.521890
vt 0.313120 0.510250
vt 0.313010 0.522160
vt 0.254120 0.504310
vt 0.313180 0.504500
vt 0.313120 0.510250
vt 0.243580 0.521890
vt 0.254120 0.504310
vt 0.313120 0.510250
vt 0.254140 0.502640
vt 0.254120 0.504310
vt 0.243580 0.521890
vt 0.243770 0.502600
vt 0.254140 0.502640
vt 0.243580 0.521890
vt 0.827890 0.859090
vt 0.897330 0.859260
vt 0.897320 0.868640
vt 0.876550 0.868580
vt 0.827890 0.859090
vt 0.897320 0.868640
vt 0.827890 0.885540
vt 0.827890 0.859090
vt 0.876550 0.868580
vt 0.876550 0.883620
vt 0.827890 0.885540
vt 0.876550 0.868580
vt 0.876560 0.898020
vt 0.827890 0.885540
vt 0.876550 0.883620
vt 0.827920 0.906660
vt 0.827890 0.885540
vt 0.876560 0.898020
vt 0.159980 0.957760
vt 0.159940 0.968550
vt 0.090510 0.968330
vt 0.090600 0.942050
vt 0.159980 0.957760
vt 0.090510 0.968330
vt 0.160030 0.942280
vt 0.159980 0.957760
vt 0.090600 0.942050
vt 0.160040 0.939670
vt 0.160030 0.942280
vt 0.090600 0.942050
vt 0.090710 0.916050
vt 0.160040 0.939670
vt 0.090600 0.942050
vt 0.160120 0.921720
vt 0.160040 0.939670
vt 0.090710 0.916050
vt 0.090710 0.916050
vt 0.090830 0.890620
vt 0.160200 0.904020
vt 0.160140 0.916300
vt 0.090710 0.916050
vt 0.160200 0.904020
vt 0.160120 0.921720
vt 0.090710 0.916050
vt 0.160140 0.916300
vt 0.090860 0.887050
vt 0.090980 0.866030
vt 0.160390 0.869700
vt 0.160290 0.886650
vt 0.090860 0.887050
vt 0.160390 0.869700
vt 0.090830 0.890620
vt 0.090860 0.887050
vt 0.160290 0.886650
vt 0.160270 0.890870
vt 0.090830 0.890620
vt 0.160290 0.886650
vt 0.160200 0.904020
vt 0.090830 0.890620
vt 0.160270 0.890870
vt 0.091140 0.842550
vt 0.091310 0.820440
vt 0.160610 0.837420
vt 0.160570 0.842840
vt 0.091140 0.842550
vt 0.160610 0.837420
vt 0.091070 0.853370
vt 0.091140 0.842550
vt 0.160570 0.842840
vt 0.160500 0.853260
vt 0.091070 0.853370
vt 0.160570 0.842840
vt 0.090980 0.866030
vt 0.091070 0.853370
vt 0.160500 0.853260
vt 0.160410 0.866290
vt 0.090980 0.866030
vt 0.160500 0.853260
vt 0.160390 0.869700
vt 0.090980 0.866030
vt 0.160410 0.866290
vt 0.160860 0.807850
vt 0.091500 0.799940
vt 0.160930 0.800260
vt 0.091350 0.816760
vt 0.091500 0.799940
vt 0.160860 0.807850
vt 0.160750 0.820690
vt 0.091350 0.816760
vt 0.160860 0.807850
vt 0.091310 0.820440
vt 0.091350 0.816760
vt 0.160750 0.820690
vt 0.160730 0.822250
vt 0.091310 0.820440
vt 0.160750 0.820690
vt 0.160610 0.837420
vt 0.091310 0.820440
vt 0.160730 0.822250
vt 0.242590 0.838250
vt 0.242550 0.816730
vt 0.311990 0.823940
vt 0.312030 0.838470
vt 0.242590 0.838250
vt 0.311990 0.823940
vt 0.242610 0.843930
vt 0.242590 0.838250
vt 0.312030 0.838470
vt 0.312030 0.838610
vt 0.242610 0.843930
vt 0.312030 0.838470
vt 0.242660 0.858080
vt 0.242610 0.843930
vt 0.312030 0.838610
vt 0.312070 0.852460
vt 0.242660 0.858080
vt 0.312030 0.838610
vt 0.160930 0.800260
vt 0.091500 0.799940
vt 0.160990 0.794280
vt 0.242520 0.793740
vt 0.252890 0.791620
vt 0.252890 0.793760
vt 0.311950 0.793950
vt 0.242520 0.793740
vt 0.252890 0.793760
vt 0.242530 0.807260
vt 0.242520 0.793740
vt 0.311950 0.793950
vt 0.311970 0.808550
vt 0.242530 0.807260
vt 0.311950 0.793950
vt 0.242550 0.816730
vt 0.242530 0.807260
vt 0.311970 0.808550
vt 0.311980 0.816860
vt 0.242550 0.816730
vt 0.311970 0.808550
vt 0.311990 0.823940
vt 0.242550 0.816730
vt 0.311980 0.816860
vt 0.242530 0.744390
vt 0.311970 0.744580
vt 0.311960 0.749760
vt 0.311950 0.767340
vt 0.242530 0.744390
vt 0.311960 0.749760
vt 0.242510 0.769540
vt 0.242530 0.744390
vt 0.311950 0.767340
vt 0.311950 0.769730
vt 0.242510 0.769540
vt 0.311950 0.767340
vt 0.311950 0.784480
vt 0.242510 0.769540
vt 0.311950 0.769730
vt 0.311980 0.731810
vt 0.311970 0.744580
vt 0.242530 0.744390
vt 0.242570 0.716950
vt 0.311980 0.731810
vt 0.242530 0.744390
vt 0.312010 0.718770
vt 0.311980 0.731810
vt 0.242570 0.716950
vt 0.312010 0.713610
vt 0.312010 0.718770
vt 0.242570 0.716950
vt 0.312060 0.695240
vt 0.312010 0.713610
vt 0.242570 0.716950
vt 0.242630 0.692370
vt 0.312060 0.695240
vt 0.242570 0.716950
vt 0.312070 0.692590
vt 0.312060 0.695240
vt 0.242630 0.692370
vt 0.312110 0.676810
vt 0.312070 0.692590
vt 0.242630 0.692370
vt 0.242710 0.666060
vt 0.312110 0.676810
vt 0.242630 0.692370
vt 0.312150 0.666290
vt 0.312110 0.676810
vt 0.242710 0.666060
vt 0.312180 0.658420
vt 0.312150 0.666290
vt 0.242710 0.666060
vt 0.242760 0.654230
vt 0.312180 0.658420
vt 0.242710 0.666060
vt 0.312250 0.640160
vt 0.312180 0.658420
vt 0.242760 0.654230
vt 0.242810 0.639940
vt 0.312250 0.640160
vt 0.242760 0.654230
vt 0.312330 0.622130
vt 0.312250 0.640160
vt 0.242810 0.639940
vt 0.242880 0.625910
vt 0.312330 0.622130
vt 0.242810 0.639940
vt 0.312370 0.614550
vt 0.312330 0.622130
vt 0.242880 0.625910
vt 0.242940 0.614290
vt 0.312370 0.614550
vt 0.242880 0.625910
vt 0.312420 0.604420
vt 0.312370 0.614550
vt 0.242940 0.614290
vt 0.243070 0.589390
vt 0.312420 0.604420
vt 0.242940 0.614290
vt 0.312510 0.589640
vt 0.312420 0.604420
vt 0.243070 0.589390
vt 0.312520 0.587150
vt 0.312510 0.589640
vt 0.243070 0.589390
vt 0.243230 0.565520
vt 0.312520 0.587150
vt 0.243070 0.589390
vt 0.312630 0.570380
vt 0.312520 0.587150
vt 0.243230 0.565520
vt 0.243230 0.565520
vt 0.243390 0.542940
vt 0.312740 0.554230
vt 0.312660 0.565800
vt 0.243230 0.565520
vt 0.312740 0.554230
vt 0.312630 0.570380
vt 0.243230 0.565520
vt 0.312660 0.565800
vt 0.243580 0.521890
vt 0.313010 0.522160
vt 0.312990 0.524080
vt 0.312860 0.538770
vt 0.243580 0.521890
vt 0.312990 0.524080
vt 0.243390 0.542940
vt 0.243580 0.521890
vt 0.312860 0.538770
vt 0.312830 0.543230
vt 0.243390 0.542940
vt 0.312860 0.538770
vt 0.312740 0.554230
vt 0.243390 0.542940
vt 0.312830 0.543230
vt 0.243770 0.502600
vt 0.313200 0.502820
vt 0.254140 0.502640
vt 0.897490 0.955100
vt 0.897550 0.966990
vt 0.828110 0.966770
vt 0.828060 0.956050
vt 0.897490 0.955100
vt 0.828110 0.966770
vt 0.897460 0.948650
vt 0.897490 0.955100
vt 0.828060 0.956050
vt 0.828030 0.948550
vt 0.897460 0.948650
vt 0.828060 0.956050
vt 0.897440 0.941930
vt 0.897460 0.948650
vt 0.828030 0.948550
vt 0.827960 0.928430
vt 0.897440 0.941930
vt 0.828030 0.948550
vt 0.897390 0.928630
vt 0.897440 0.941930
vt 0.827960 0.928430
vt 0.897390 0.927910
vt 0.897390 0.928630
vt 0.827960 0.928430
vt 0.827950 0.922200
vt 0.897390 0.927910
vt 0.827960 0.928430
vt 0.897360 0.913120
vt 0.897390 0.927910
vt 0.827950 0.922200
vt 0.827920 0.906660
vt 0.897360 0.913120
vt 0.827950 0.922200
vt 0.897350 0.906800
vt 0.897360 0.913120
vt 0.827920 0.906660
vt 0.876560 0.898020
vt 0.897350 0.906800
vt 0.827920 0.906660
vt 0.897340 0.898090
vt 0.897350 0.906800
vt 0.876560 0.898020
vt 0.897330 0.851910
vt 0.827890 0.859090
vt 0.827900 0.847570
vt 0.897350 0.834040
vt 0.897330 0.851910
vt 0.827900 0.847570
vt 0.827910 0.833820
vt 0.897350 0.834040
vt 0.827900 0.847570
vt 0.897350 0.833930
vt 0.897350 0.834040
vt 0.827910 0.833820
vt 0.827950 0.809800
vt 0.897350 0.833930
vt 0.827910 0.833820
vt 0.827950 0.809800
vt 0.828020 0.781680
vt 0.897410 0.797140
vt 0.897390 0.808120
vt 0.827950 0.809800
vt 0.897410 0.797140
vt 0.897370 0.815650
vt 0.827950 0.809800
vt 0.897390 0.808120
vt 0.897350 0.833930
vt 0.827950 0.809800
vt 0.897370 0.815650
vt 0.828100 0.755380
vt 0.897540 0.755610
vt 0.897520 0.759910
vt 0.897460 0.778530
vt 0.828100 0.755380
vt 0.897520 0.759910
vt 0.828020 0.781680
vt 0.828100 0.755380
vt 0.897460 0.778530
vt 0.897450 0.781900
vt 0.828020 0.781680
vt 0.897460 0.778530
vt 0.897410 0.797140
vt 0.828020 0.781680
vt 0.897450 0.781900
vt 0.897590 0.741380
vt 0.897540 0.755610
vt 0.828100 0.755380
vt 0.828210 0.729320
vt 0.897590 0.741380
vt 0.828100 0.755380
vt 0.897640 0.729540
vt 0.897590 0.741380
vt 0.828210 0.729320
vt 0.899570 0.741410
vt 0.897540 0.755610
vt 0.897590 0.741380
vt 0.899440 0.778540
vt 0.897450 0.781900
vt 0.897460 0.778530
vt 0.899320 0.833900
vt 0.897350 0.834040
vt 0.897350 0.833930
vt 0.899570 0.741410
vt 0.899420 0.729500
vt 0.899620 0.729490
vt 0.903320 0.741600
vt 0.903200 0.729160
vt 0.903370 0.729130
vt 0.628970 0.494720
vt 0.615780 0.493950
vt 0.615630 0.493530
vt 0.629180 0.491380
vt 0.614500 0.490270
vt 0.614410 0.490020
vt 0.897320 0.868640
vt 0.897330 0.859260
vt 0.899280 0.868580
vt 0.899280 0.868580
vt 0.899310 0.851860
vt 0.901230 0.851720
vt 0.901260 0.868370
vt 0.899280 0.868580
vt 0.901230 0.851720
vt 0.903060 0.851490
vt 0.901260 0.868370
vt 0.901230 0.851720
vt 0.903110 0.868030
vt 0.901260 0.868370
vt 0.903060 0.851490
vt 0.904740 0.851170
vt 0.903110 0.868030
vt 0.903060 0.851490
vt 0.904890 0.867530
vt 0.903110 0.868030
vt 0.904740 0.851170
vt 0.906230 0.850770
vt 0.904890 0.867530
vt 0.904740 0.851170
vt 0.906320 0.866960
vt 0.904890 0.867530
vt 0.906230 0.850770
vt 0.733310 0.475330
vt 0.749120 0.469640
vt 0.733880 0.476790
vt 0.748320 0.468190
vt 0.749120 0.469640
vt 0.733310 0.475330
vt 0.732670 0.473690
vt 0.748320 0.468190
vt 0.733310 0.475330
vt 0.732670 0.473690
vt 0.731970 0.471930
vt 0.747470 0.466640
vt 0.748320 0.468190
vt 0.732670 0.473690
vt 0.747470 0.466640
vt 0.746280 0.464520
vt 0.731970 0.471930
vt 0.731350 0.470030
vt 0.747470 0.466640
vt 0.731970 0.471930
vt 0.746280 0.464520
vt 0.629300 0.489470
vt 0.629180 0.491380
vt 0.614410 0.490020
vt 0.613760 0.488170
vt 0.629300 0.489470
vt 0.614410 0.490020
vt 0.613700 0.488020
vt 0.629300 0.489470
vt 0.613760 0.488170
vt 0.629070 0.493140
vt 0.628970 0.494720
vt 0.615630 0.493530
vt 0.629070 0.493140
vt 0.615630 0.493530
vt 0.615240 0.492390
vt 0.615060 0.491870
vt 0.629070 0.493140
vt 0.615240 0.492390
vt 0.629180 0.491380
vt 0.629070 0.493140
vt 0.615060 0.491870
vt 0.614600 0.490580
vt 0.629180 0.491380
vt 0.615060 0.491870
vt 0.614500 0.490270
vt 0.629180 0.491380
vt 0.614600 0.490580
vt 0.905000 0.741760
vt 0.903320 0.741600
vt 0.903370 0.729130
vt 0.905000 0.741760
vt 0.903370 0.729130
vt 0.904770 0.728880
vt 0.905050 0.728810
vt 0.905000 0.741760
vt 0.904770 0.728880
vt 0.906490 0.741960
vt 0.905000 0.741760
vt 0.905050 0.728810
vt 0.905580 0.728690
vt 0.906490 0.741960
vt 0.905050 0.728810
vt 0.906180 0.728530
vt 0.906490 0.741960
vt 0.905580 0.728690
vt 0.901500 0.741490
vt 0.899570 0.741410
vt 0.899620 0.729490
vt 0.901500 0.741490
vt 0.899620 0.729490
vt 0.901130 0.729400
vt 0.901540 0.729350
vt 0.901500 0.741490
vt 0.901130 0.729400
vt 0.903320 0.741600
vt 0.901500 0.741490
vt 0.901540 0.729350
vt 0.902800 0.729210
vt 0.903320 0.741600
vt 0.901540 0.729350
vt 0.903200 0.729160
vt 0.903320 0.741600
vt 0.902800 0.729210
vt 0.899570 0.741410
vt 0.897590 0.741380
vt 0.897640 0.729540
vt 0.898820 0.729520
vt 0.899570 0.741410
vt 0.897640 0.729540
vt 0.899420 0.729500
vt 0.899570 0.741410
vt 0.898820 0.729520
vt 0.899310 0.851860
vt 0.899280 0.868580
vt 0.897330 0.859260
vt 0.897330 0.851910
vt 0.899310 0.851860
vt 0.897330 0.859260
vt 0.897350 0.834040
vt 0.899310 0.851860
vt 0.897330 0.851910
vt 0.899350 0.815630
vt 0.897350 0.833930
vt 0.897370 0.815650
vt 0.897390 0.808120
vt 0.899350 0.815630
vt 0.897370 0.815650
vt 0.899390 0.797140
vt 0.897390 0.808120
vt 0.897410 0.797140
vt 0.897450 0.781900
vt 0.899390 0.797140
vt 0.897410 0.797140
vt 0.899500 0.759930
vt 0.897460 0.778530
vt 0.897520 0.759910
vt 0.897540 0.755610
vt 0.899500 0.759930
vt 0.897520 0.759910
vt 0.899310 0.851860
vt 0.897350 0.834040
vt 0.899320 0.833900
vt 0.901250 0.833800
vt 0.899310 0.851860
vt 0.899320 0.833900
vt 0.901230 0.851720
vt 0.899310 0.851860
vt 0.901250 0.833800
vt 0.903080 0.833620
vt 0.901230 0.851720
vt 0.901250 0.833800
vt 0.903060 0.851490
vt 0.901230 0.851720
vt 0.903080 0.833620
vt 0.904760 0.833380
vt 0.903060 0.851490
vt 0.903080 0.833620
vt 0.904740 0.851170
vt 0.903060 0.851490
vt 0.904760 0.833380
vt 0.906250 0.833070
vt 0.904740 0.851170
vt 0.904760 0.833380
vt 0.906230 0.850770
vt 0.904740 0.851170
vt 0.906250 0.833070
vt 0.716630 0.481580
vt 0.733880 0.476790
vt 0.717090 0.483080
vt 0.733310 0.475330
vt 0.733880 0.476790
vt 0.716630 0.481580
vt 0.716110 0.479900
vt 0.733310 0.475330
vt 0.716630 0.481580
vt 0.732670 0.473690
vt 0.733310 0.475330
vt 0.716110 0.479900
vt 0.715550 0.478090
vt 0.732670 0.473690
vt 0.716110 0.479900
vt 0.731970 0.471930
vt 0.732670 0.473690
vt 0.715550 0.478090
vt 0.714950 0.476190
vt 0.731970 0.471930
vt 0.715550 0.478090
vt 0.731350 0.470030
vt 0.731970 0.471930
vt 0.714950 0.476190
vt 0.899320 0.833900
vt 0.897350 0.833930
vt 0.899350 0.815630
vt 0.901280 0.815560
vt 0.899320 0.833900
vt 0.899350 0.815630
vt 0.901250 0.833800
vt 0.899320 0.833900
vt 0.901280 0.815560
vt 0.903110 0.815440
vt 0.901250 0.833800
vt 0.901280 0.815560
vt 0.903080 0.833620
vt 0.901250 0.833800
vt 0.903110 0.815440
vt 0.904790 0.815280
vt 0.903080 0.833620
vt 0.903110 0.815440
vt 0.904760 0.833380
vt 0.903080 0.833620
vt 0.904790 0.815280
vt 0.906280 0.815070
vt 0.904760 0.833380
vt 0.904790 0.815280
vt 0.906250 0.833070
vt 0.904760 0.833380
vt 0.906280 0.815070
vt 0.699550 0.486550
vt 0.717090 0.483080
vt 0.699900 0.488080
vt 0.716630 0.481580
vt 0.717090 0.483080
vt 0.699550 0.486550
vt 0.699150 0.484830
vt 0.716630 0.481580
vt 0.699550 0.486550
vt 0.716110 0.479900
vt 0.716630 0.481580
vt 0.699150 0.484830
vt 0.698720 0.482980
vt 0.716110 0.479900
vt 0.699150 0.484830
vt 0.715550 0.478090
vt 0.716110 0.479900
vt 0.698720 0.482980
vt 0.698260 0.481040
vt 0.715550 0.478090
vt 0.698720 0.482980
vt 0.714950 0.476190
vt 0.715550 0.478090
vt 0.698260 0.481040
vt 0.682460 0.484360
vt 0.681590 0.486580
vt 0.681270 0.484610
vt 0.899350 0.815630
vt 0.897390 0.808120
vt 0.899390 0.797140
vt 0.901320 0.797100
vt 0.899350 0.815630
vt 0.899390 0.797140
vt 0.901280 0.815560
vt 0.899350 0.815630
vt 0.901320 0.797100
vt 0.903150 0.797050
vt 0.901280 0.815560
vt 0.901320 0.797100
vt 0.903110 0.815440
vt 0.901280 0.815560
vt 0.903150 0.797050
vt 0.904830 0.796960
vt 0.903110 0.815440
vt 0.903150 0.797050
vt 0.904790 0.815280
vt 0.903110 0.815440
vt 0.904830 0.796960
vt 0.906320 0.796860
vt 0.904790 0.815280
vt 0.904830 0.796960
vt 0.906280 0.815070
vt 0.904790 0.815280
vt 0.906320 0.796860
vt 0.682160 0.490200
vt 0.699900 0.488080
vt 0.682400 0.491760
vt 0.699550 0.486550
vt 0.699900 0.488080
vt 0.682160 0.490200
vt 0.681890 0.488460
vt 0.699550 0.486550
vt 0.682160 0.490200
vt 0.699150 0.484830
vt 0.699550 0.486550
vt 0.681890 0.488460
vt 0.681590 0.486580
vt 0.699150 0.484830
vt 0.681890 0.488460
vt 0.698720 0.482980
vt 0.699150 0.484830
vt 0.681590 0.486580
vt 0.682460 0.484360
vt 0.698720 0.482980
vt 0.681590 0.486580
vt 0.698260 0.481040
vt 0.698720 0.482980
vt 0.682460 0.484360
vt 0.899390 0.797140
vt 0.897450 0.781900
vt 0.899440 0.778540
vt 0.901370 0.778540
vt 0.899390 0.797140
vt 0.899440 0.778540
vt 0.901320 0.797100
vt 0.899390 0.797140
vt 0.901370 0.778540
vt 0.903200 0.778540
vt 0.901320 0.797100
vt 0.901370 0.778540
vt 0.903150 0.797050
vt 0.901320 0.797100
vt 0.903200 0.778540
vt 0.904880 0.778540
vt 0.903150 0.797050
vt 0.903200 0.778540
vt 0.904830 0.796960
vt 0.903150 0.797050
vt 0.904880 0.778540
vt 0.906370 0.778530
vt 0.904830 0.796960
vt 0.904880 0.778540
vt 0.906320 0.796860
vt 0.904830 0.796960
vt 0.906370 0.778530
vt 0.664550 0.492530
vt 0.682400 0.491760
vt 0.664680 0.494100
vt 0.682160 0.490200
vt 0.682400 0.491760
vt 0.664550 0.492530
vt 0.664400 0.490770
vt 0.682160 0.490200
vt 0.664550 0.492530
vt 0.681890 0.488460
vt 0.682160 0.490200
vt 0.664400 0.490770
vt 0.664240 0.488870
vt 0.681890 0.488460
vt 0.664400 0.490770
vt 0.681590 0.486580
vt 0.681890 0.488460
vt 0.664240 0.488870
vt 0.664070 0.486880
vt 0.681590 0.486580
vt 0.664240 0.488870
vt 0.681270 0.484610
vt 0.681590 0.486580
vt 0.664070 0.486880
vt 0.899440 0.778540
vt 0.897460 0.778530
vt 0.899500 0.759930
vt 0.901430 0.759970
vt 0.899440 0.778540
vt 0.899500 0.759930
vt 0.901370 0.778540
vt 0.899440 0.778540
vt 0.901430 0.759970
vt 0.903250 0.760030
vt 0.901370 0.778540
vt 0.901430 0.759970
vt 0.903200 0.778540
vt 0.901370 0.778540
vt 0.903250 0.760030
vt 0.904940 0.760110
vt 0.903200 0.778540
vt 0.903250 0.760030
vt 0.904880 0.778540
vt 0.903200 0.778540
vt 0.904940 0.760110
vt 0.906420 0.760200
vt 0.904880 0.778540
vt 0.904940 0.760110
vt 0.906370 0.778530
vt 0.904880 0.778540
vt 0.906420 0.760200
vt 0.646820 0.493510
vt 0.664680 0.494100
vt 0.646830 0.495090
vt 0.664550 0.492530
vt 0.664680 0.494100
vt 0.646820 0.493510
vt 0.646800 0.491740
vt 0.664550 0.492530
vt 0.646820 0.493510
vt 0.664400 0.490770
vt 0.664550 0.492530
vt 0.646800 0.491740
vt 0.646780 0.489840
vt 0.664400 0.490770
vt 0.646800 0.491740
vt 0.664240 0.488870
vt 0.664400 0.490770
vt 0.646780 0.489840
vt 0.646750 0.487840
vt 0.664240 0.488870
vt 0.646780 0.489840
vt 0.664070 0.486880
vt 0.664240 0.488870
vt 0.646750 0.487840
vt 0.629300 0.489470
vt 0.613700 0.488020
vt 0.612960 0.485910
vt 0.629410 0.487480
vt 0.629300 0.489470
vt 0.612960 0.485910
vt 0.633440 0.487570
vt 0.629300 0.489470
vt 0.629410 0.487480
vt 0.899500 0.759930
vt 0.897540 0.755610
vt 0.899570 0.741410
vt 0.901500 0.741490
vt 0.899500 0.759930
vt 0.899570 0.741410
vt 0.901430 0.759970
vt 0.899500 0.759930
vt 0.901500 0.741490
vt 0.903320 0.741600
vt 0.901430 0.759970
vt 0.901500 0.741490
vt 0.903250 0.760030
vt 0.901430 0.759970
vt 0.903320 0.741600
vt 0.905000 0.741760
vt 0.903250 0.760030
vt 0.903320 0.741600
vt 0.904940 0.760110
vt 0.903250 0.760030
vt 0.905000 0.741760
vt 0.906490 0.741960
vt 0.904940 0.760110
vt 0.905000 0.741760
vt 0.906420 0.760200
vt 0.904940 0.760110
vt 0.906490 0.741960
vt 0.629070 0.493140
vt 0.646830 0.495090
vt 0.628970 0.494720
vt 0.646820 0.493510
vt 0.646830 0.495090
vt 0.629070 0.493140
vt 0.629180 0.491380
vt 0.646820 0.493510
vt 0.629070 0.493140
vt 0.646800 0.491740
vt 0.646820 0.493510
vt 0.629180 0.491380
vt 0.629300 0.489470
vt 0.646800 0.491740
vt 0.629180 0.491380
vt 0.646780 0.489840
vt 0.646800 0.491740
vt 0.629300 0.489470
vt 0.633440 0.487570
vt 0.646780 0.489840
vt 0.629300 0.489470
vt 0.646750 0.487840
vt 0.646780 0.489840
vt 0.633440 0.487570
vt 0.315100 0.510370
vt 0.313010 0.522160
vt 0.313120 0.510250
vt 0.314840 0.538870
vt 0.312830 0.543230
vt 0.312860 0.538770
vt 0.314500 0.587220
vt 0.312510 0.589640
vt 0.312520 0.587150
vt 0.314230 0.640190
vt 0.312180 0.658420
vt 0.312250 0.640160
vt 0.314150 0.658440
vt 0.312150 0.666290
vt 0.312180 0.658420
vt 0.313990 0.713600
vt 0.312010 0.718770
vt 0.312010 0.713610
vt 0.313930 0.767290
vt 0.311950 0.769730
vt 0.311950 0.767340
vt 0.317020 0.510720
vt 0.315370 0.504540
vt 0.317060 0.504640
vt 0.128950 0.785480
vt 0.123920 0.794280
vt 0.122930 0.794280
vt 0.124720 0.782570
vt 0.120670 0.784960
vt 0.123100 0.781460
vt 0.118910 0.794270
vt 0.124720 0.782570
vt 0.126260 0.783630
vt 0.124720 0.782570
vt 0.118910 0.794270
vt 0.117880 0.794270
vt 0.116620 0.794270
vt 0.124720 0.782570
vt 0.117880 0.794270
vt 0.120670 0.784960
vt 0.124720 0.782570
vt 0.116620 0.794270
vt 0.115780 0.794270
vt 0.120670 0.784960
vt 0.116620 0.794270
vt 0.114190 0.794270
vt 0.120670 0.784960
vt 0.115780 0.794270
vt 0.127680 0.784610
vt 0.128950 0.785480
vt 0.122930 0.794280
vt 0.127680 0.784610
vt 0.122930 0.794280
vt 0.122100 0.794280
vt 0.121060 0.794270
vt 0.127680 0.784610
vt 0.122100 0.794280
vt 0.126260 0.783630
vt 0.127680 0.784610
vt 0.121060 0.794270
vt 0.120440 0.794270
vt 0.126260 0.783630
vt 0.121060 0.794270
vt 0.118910 0.794270
vt 0.126260 0.783630
vt 0.120440 0.794270
vt 0.128950 0.785480
vt 0.130030 0.786230
vt 0.124560 0.794280
vt 0.169820 0.582220
vt 0.169410 0.590110
vt 0.169390 0.582070
vt 0.123920 0.794280
vt 0.128950 0.785480
vt 0.124180 0.794280
vt 0.318850 0.511270
vt 0.317020 0.510720
vt 0.317060 0.504640
vt 0.318850 0.511270
vt 0.317060 0.504640
vt 0.317870 0.504710
vt 0.318900 0.504830
vt 0.318850 0.511270
vt 0.317870 0.504710
vt 0.320530 0.512030
vt 0.318850 0.511270
vt 0.318900 0.504830
vt 0.319520 0.504900
vt 0.320530 0.512030
vt 0.318900 0.504830
vt 0.320580 0.505060
vt 0.320530 0.512030
vt 0.319520 0.504900
vt 0.315160 0.504540
vt 0.315370 0.504540
vt 0.317020 0.510720
vt 0.315100 0.510370
vt 0.315160 0.504540
vt 0.317020 0.510720
vt 0.313750 0.504500
vt 0.315160 0.504540
vt 0.315100 0.510370
vt 0.313120 0.510250
vt 0.313750 0.504500
vt 0.315100 0.510370
vt 0.313180 0.504500
vt 0.313750 0.504500
vt 0.313120 0.510250
vt 0.313350 0.791820
vt 0.313920 0.784420
vt 0.313530 0.791830
vt 0.313920 0.784420
vt 0.315850 0.784230
vt 0.315100 0.791900
vt 0.313920 0.791850
vt 0.313920 0.784420
vt 0.315100 0.791900
vt 0.313530 0.791830
vt 0.313920 0.784420
vt 0.313920 0.791850
vt 0.317680 0.783910
vt 0.317670 0.792130
vt 0.317010 0.792050
vt 0.316640 0.792020
vt 0.317680 0.783910
vt 0.317010 0.792050
vt 0.315850 0.784230
vt 0.317680 0.783910
vt 0.316640 0.792020
vt 0.315850 0.791960
vt 0.315850 0.784230
vt 0.316640 0.792020
vt 0.315100 0.791900
vt 0.315850 0.784230
vt 0.315850 0.791960
vt 0.318530 0.792240
vt 0.317670 0.792130
vt 0.317680 0.783910
vt 0.319360 0.783470
vt 0.318530 0.792240
vt 0.317680 0.783910
vt 0.318740 0.792270
vt 0.318530 0.792240
vt 0.319360 0.783470
vt 0.319360 0.783470
vt 0.320850 0.782930
vt 0.320200 0.792520
vt 0.319350 0.792370
vt 0.319360 0.783470
vt 0.320200 0.792520
vt 0.318740 0.792270
vt 0.319360 0.783470
vt 0.319350 0.792370
vt 0.127960 0.512330
vt 0.121350 0.502640
vt 0.122060 0.502640
vt 0.122360 0.502640
vt 0.127960 0.512330
vt 0.122060 0.502640
vt 0.129230 0.511450
vt 0.127960 0.512330
vt 0.122360 0.502640
vt 0.123240 0.502640
vt 0.129230 0.511450
vt 0.122360 0.502640
vt 0.124040 0.502640
vt 0.129230 0.511450
vt 0.123240 0.502640
vt 0.119880 0.502640
vt 0.121350 0.502640
vt 0.127960 0.512330
vt 0.126530 0.513300
vt 0.119880 0.502640
vt 0.127960 0.512330
vt 0.119220 0.502640
vt 0.119880 0.502640
vt 0.126530 0.513300
vt 0.120950 0.511960
vt 0.124990 0.514360
vt 0.123380 0.515460
vt 0.117390 0.502640
vt 0.119220 0.502640
vt 0.126530 0.513300
vt 0.124990 0.514360
vt 0.117390 0.502640
vt 0.126530 0.513300
vt 0.116920 0.502640
vt 0.117390 0.502640
vt 0.124990 0.514360
vt 0.120950 0.511960
vt 0.116920 0.502640
vt 0.124990 0.514360
vt 0.114490 0.502640
vt 0.116920 0.502640
vt 0.120950 0.511960
vt 0.311950 0.784480
vt 0.311950 0.769730
vt 0.313920 0.784420
vt 0.313350 0.791820
vt 0.311950 0.784480
vt 0.313920 0.784420
vt 0.311950 0.791800
vt 0.311950 0.784480
vt 0.313350 0.791820
vt 0.313940 0.749720
vt 0.311950 0.767340
vt 0.311960 0.749760
vt 0.311970 0.744580
vt 0.313940 0.749720
vt 0.311960 0.749760
vt 0.313960 0.731790
vt 0.311970 0.744580
vt 0.311980 0.731810
vt 0.312010 0.718770
vt 0.313960 0.731790
vt 0.311980 0.731810
vt 0.314030 0.695240
vt 0.312010 0.713610
vt 0.312060 0.695240
vt 0.312070 0.692590
vt 0.314030 0.695240
vt 0.312060 0.695240
vt 0.314090 0.676820
vt 0.312070 0.692590
vt 0.312110 0.676810
vt 0.312150 0.666290
vt 0.314090 0.676820
vt 0.312110 0.676810
vt 0.314310 0.622170
vt 0.312250 0.640160
vt 0.312330 0.622130
vt 0.312370 0.614550
vt 0.314310 0.622170
vt 0.312330 0.622130
vt 0.314400 0.604480
vt 0.312370 0.614550
vt 0.312420 0.604420
vt 0.312510 0.589640
vt 0.314400 0.604480
vt 0.312420 0.604420
vt 0.314610 0.570470
vt 0.312520 0.587150
vt 0.312630 0.570380
vt 0.312660 0.565800
vt 0.314610 0.570470
vt 0.312630 0.570380
vt 0.314720 0.554320
vt 0.312660 0.565800
vt 0.312740 0.554230
vt 0.312830 0.543230
vt 0.314720 0.554320
vt 0.312740 0.554230
vt 0.314970 0.524190
vt 0.312860 0.538770
vt 0.312990 0.524080
vt 0.313010 0.522160
vt 0.314970 0.524190
vt 0.312990 0.524080
vt 0.313920 0.784420
vt 0.311950 0.769730
vt 0.313930 0.767290
vt 0.315850 0.767140
vt 0.313920 0.784420
vt 0.313930 0.767290
vt 0.315850 0.784230
vt 0.313920 0.784420
vt 0.315850 0.767140
vt 0.317680 0.766870
vt 0.315850 0.784230
vt 0.315850 0.767140
vt 0.317680 0.783910
vt 0.315850 0.784230
vt 0.317680 0.766870
vt 0.319360 0.766510
vt 0.317680 0.783910
vt 0.317680 0.766870
vt 0.319360 0.783470
vt 0.317680 0.783910
vt 0.319360 0.766510
vt 0.320850 0.766070
vt 0.319360 0.783470
vt 0.319360 0.766510
vt 0.320850 0.782930
vt 0.319360 0.783470
vt 0.320850 0.766070
vt 0.137120 0.527710
vt 0.129230 0.511450
vt 0.138450 0.526930
vt 0.127960 0.512330
vt 0.129230 0.511450
vt 0.137120 0.527710
vt 0.135630 0.528570
vt 0.127960 0.512330
vt 0.137120 0.527710
vt 0.126530 0.513300
vt 0.127960 0.512330
vt 0.135630 0.528570
vt 0.134020 0.529510
vt 0.126530 0.513300
vt 0.135630 0.528570
vt 0.124990 0.514360
vt 0.126530 0.513300
vt 0.134020 0.529510
vt 0.132330 0.530490
vt 0.124990 0.514360
vt 0.134020 0.529510
vt 0.123380 0.515460
vt 0.124990 0.514360
vt 0.132330 0.530490
vt 0.313930 0.767290
vt 0.311950 0.767340
vt 0.313940 0.749720
vt 0.315860 0.749600
vt 0.313930 0.767290
vt 0.313940 0.749720
vt 0.315850 0.767140
vt 0.313930 0.767290
vt 0.315860 0.749600
vt 0.317690 0.749390
vt 0.315850 0.767140
vt 0.315860 0.749600
vt 0.317680 0.766870
vt 0.315850 0.767140
vt 0.317690 0.749390
vt 0.319370 0.749110
vt 0.317680 0.766870
vt 0.317690 0.749390
vt 0.319360 0.766510
vt 0.317680 0.766870
vt 0.319370 0.749110
vt 0.320860 0.748750
vt 0.319360 0.766510
vt 0.319370 0.749110
vt 0.320850 0.766070
vt 0.319360 0.766510
vt 0.320860 0.748750
vt 0.145160 0.543740
vt 0.138450 0.526930
vt 0.146540 0.543070
vt 0.137120 0.527710
vt 0.138450 0.526930
vt 0.145160 0.543740
vt 0.143610 0.544490
vt 0.137120 0.527710
vt 0.145160 0.543740
vt 0.135630 0.528570
vt 0.137120 0.527710
vt 0.143610 0.544490
vt 0.141940 0.545300
vt 0.135630 0.528570
vt 0.143610 0.544490
vt 0.134020 0.529510
vt 0.135630 0.528570
vt 0.141940 0.545300
vt 0.140180 0.546150
vt 0.134020 0.529510
vt 0.141940 0.545300
vt 0.132330 0.530490
vt 0.134020 0.529510
vt 0.140180 0.546150
vt 0.141860 0.550190
vt 0.148710 0.561640
vt 0.146900 0.562360
vt 0.313940 0.749720
vt 0.311970 0.744580
vt 0.313960 0.731790
vt 0.315890 0.731700
vt 0.313940 0.749720
vt 0.313960 0.731790
vt 0.315860 0.749600
vt 0.313940 0.749720
vt 0.315890 0.731700
vt 0.317720 0.731550
vt 0.315860 0.749600
vt 0.315890 0.731700
vt 0.317690 0.749390
vt 0.315860 0.749600
vt 0.317720 0.731550
vt 0.319400 0.731350
vt 0.317690 0.749390
vt 0.317720 0.731550
vt 0.319370 0.749110
vt 0.317690 0.749390
vt 0.319400 0.731350
vt 0.320890 0.731090
vt 0.319370 0.749110
vt 0.319400 0.731350
vt 0.320860 0.748750
vt 0.319370 0.749110
vt 0.320890 0.731090
vt 0.152040 0.560330
vt 0.146540 0.543070
vt 0.153460 0.559760
vt 0.145160 0.543740
vt 0.146540 0.543070
vt 0.152040 0.560330
vt 0.150440 0.560960
vt 0.145160 0.543740
vt 0.152040 0.560330
vt 0.143610 0.544490
vt 0.145160 0.543740
vt 0.150440 0.560960
vt 0.148710 0.561640
vt 0.143610 0.544490
vt 0.150440 0.560960
vt 0.141940 0.545300
vt 0.143610 0.544490
vt 0.148710 0.561640
vt 0.141860 0.550190
vt 0.141940 0.545300
vt 0.148710 0.561640
vt 0.140180 0.546150
vt 0.141940 0.545300
vt 0.141860 0.550190
vt 0.313960 0.731790
vt 0.312010 0.718770
vt 0.313990 0.713600
vt 0.315920 0.713540
vt 0.313960 0.731790
vt 0.313990 0.713600
vt 0.315890 0.731700
vt 0.313960 0.731790
vt 0.315920 0.713540
vt 0.317750 0.713450
vt 0.315890 0.731700
vt 0.315920 0.713540
vt 0.317720 0.731550
vt 0.315890 0.731700
vt 0.317750 0.713450
vt 0.319430 0.713330
vt 0.317720 0.731550
vt 0.317750 0.713450
vt 0.319400 0.731350
vt 0.317720 0.731550
vt 0.319430 0.713330
vt 0.320920 0.713170
vt 0.319400 0.731350
vt 0.319430 0.713330
vt 0.320890 0.731090
vt 0.319400 0.731350
vt 0.320920 0.713170
vt 0.157710 0.577390
vt 0.153460 0.559760
vt 0.159170 0.576940
vt 0.152040 0.560330
vt 0.153460 0.559760
vt 0.157710 0.577390
vt 0.156070 0.577900
vt 0.152040 0.560330
vt 0.157710 0.577390
vt 0.150440 0.560960
vt 0.152040 0.560330
vt 0.156070 0.577900
vt 0.154300 0.578450
vt 0.150440 0.560960
vt 0.156070 0.577900
vt 0.148710 0.561640
vt 0.150440 0.560960
vt 0.154300 0.578450
vt 0.152440 0.579030
vt 0.148710 0.561640
vt 0.154300 0.578450
vt 0.146900 0.562360
vt 0.148710 0.561640
vt 0.152440 0.579030
vt 0.313990 0.713600
vt 0.312010 0.713610
vt 0.314030 0.695240
vt 0.315960 0.695230
vt 0.313990 0.713600
vt 0.314030 0.695240
vt 0.315920 0.713540
vt 0.313990 0.713600
vt 0.315960 0.695230
vt 0.317790 0.695190
vt 0.315920 0.713540
vt 0.315960 0.695230
vt 0.317750 0.713450
vt 0.315920 0.713540
vt 0.317790 0.695190
vt 0.319470 0.695150
vt 0.317750 0.713450
vt 0.317790 0.695190
vt 0.319430 0.713330
vt 0.317750 0.713450
vt 0.319470 0.695150
vt 0.320960 0.695090
vt 0.319430 0.713330
vt 0.319470 0.695150
vt 0.320920 0.713170
vt 0.319430 0.713330
vt 0.320960 0.695090
vt 0.162150 0.594840
vt 0.159170 0.576940
vt 0.163640 0.594490
vt 0.157710 0.577390
vt 0.159170 0.576940
vt 0.162150 0.594840
vt 0.160480 0.595220
vt 0.157710 0.577390
vt 0.162150 0.594840
vt 0.156070 0.577900
vt 0.157710 0.577390
vt 0.160480 0.595220
vt 0.158670 0.595640
vt 0.156070 0.577900
vt 0.160480 0.595220
vt 0.154300 0.578450
vt 0.156070 0.577900
vt 0.158670 0.595640
vt 0.156780 0.596070
vt 0.154300 0.578450
vt 0.158670 0.595640
vt 0.152440 0.579030
vt 0.154300 0.578450
vt 0.156780 0.596070
vt 0.157370 0.599380
vt 0.161810 0.613100
vt 0.159890 0.613390
vt 0.314030 0.695240
vt 0.312070 0.692590
vt 0.314090 0.676820
vt 0.316020 0.676840
vt 0.314030 0.695240
vt 0.314090 0.676820
vt 0.315960 0.695230
vt 0.314030 0.695240
vt 0.316020 0.676840
vt 0.317840 0.676870
vt 0.315960 0.695230
vt 0.316020 0.676840
vt 0.317790 0.695190
vt 0.315960 0.695230
vt 0.317840 0.676870
vt 0.319520 0.676900
vt 0.317790 0.695190
vt 0.317840 0.676870
vt 0.319470 0.695150
vt 0.317790 0.695190
vt 0.319520 0.676900
vt 0.321010 0.676940
vt 0.319470 0.695150
vt 0.319520 0.676900
vt 0.320960 0.695090
vt 0.319470 0.695150
vt 0.321010 0.676940
vt 0.165330 0.612570
vt 0.163640 0.594490
vt 0.166840 0.612340
vt 0.162150 0.594840
vt 0.163640 0.594490
vt 0.165330 0.612570
vt 0.163640 0.612820
vt 0.162150 0.594840
vt 0.165330 0.612570
vt 0.160480 0.595220
vt 0.162150 0.594840
vt 0.163640 0.612820
vt 0.161810 0.613100
vt 0.160480 0.595220
vt 0.163640 0.612820
vt 0.158670 0.595640
vt 0.160480 0.595220
vt 0.161810 0.613100
vt 0.157370 0.599380
vt 0.158670 0.595640
vt 0.161810 0.613100
vt 0.156780 0.596070
vt 0.158670 0.595640
vt 0.157370 0.599380
vt 0.314090 0.676820
vt 0.312150 0.666290
vt 0.314150 0.658440
vt 0.316080 0.658490
vt 0.314090 0.676820
vt 0.314150 0.658440
vt 0.316020 0.676840
vt 0.314090 0.676820
vt 0.316080 0.658490
vt 0.317910 0.658580
vt 0.316020 0.676840
vt 0.316080 0.658490
vt 0.317840 0.676870
vt 0.316020 0.676840
vt 0.317910 0.658580
vt 0.319590 0.658690
vt 0.317840 0.676870
vt 0.317910 0.658580
vt 0.319520 0.676900
vt 0.317840 0.676870
vt 0.319590 0.658690
vt 0.321080 0.658830
vt 0.319520 0.676900
vt 0.319590 0.658690
vt 0.321010 0.676940
vt 0.319520 0.676900
vt 0.321080 0.658830
vt 0.167240 0.630490
vt 0.166840 0.612340
vt 0.168760 0.630380
vt 0.165330 0.612570
vt 0.166840 0.612340
vt 0.167240 0.630490
vt 0.165530 0.630620
vt 0.165330 0.612570
vt 0.167240 0.630490
vt 0.163640 0.612820
vt 0.165330 0.612570
vt 0.165530 0.630620
vt 0.163690 0.630760
vt 0.163640 0.612820
vt 0.165530 0.630620
vt 0.161810 0.613100
vt 0.163640 0.612820
vt 0.163690 0.630760
vt 0.161750 0.630900
vt 0.161810 0.613100
vt 0.163690 0.630760
vt 0.159890 0.613390
vt 0.161810 0.613100
vt 0.161750 0.630900
vt 0.314150 0.658440
vt 0.312180 0.658420
vt 0.314230 0.640190
vt 0.316150 0.640280
vt 0.314150 0.658440
vt 0.314230 0.640190
vt 0.316080 0.658490
vt 0.314150 0.658440
vt 0.316150 0.640280
vt 0.317980 0.640420
vt 0.316080 0.658490
vt 0.316150 0.640280
vt 0.317910 0.658580
vt 0.316080 0.658490
vt 0.317980 0.640420
vt 0.319660 0.640620
vt 0.317910 0.658580
vt 0.317980 0.640420
vt 0.319590 0.658690
vt 0.317910 0.658580
vt 0.319660 0.640620
vt 0.321150 0.640850
vt 0.319590 0.658690
vt 0.319660 0.640620
vt 0.321080 0.658830
vt 0.319590 0.658690
vt 0.321150 0.640850
vt 0.167860 0.648510
vt 0.168760 0.630380
vt 0.169390 0.648510
vt 0.167240 0.630490
vt 0.168760 0.630380
vt 0.167860 0.648510
vt 0.166150 0.648510
vt 0.167240 0.630490
vt 0.167860 0.648510
vt 0.165530 0.630620
vt 0.167240 0.630490
vt 0.166150 0.648510
vt 0.164300 0.648510
vt 0.165530 0.630620
vt 0.166150 0.648510
vt 0.163690 0.630760
vt 0.165530 0.630620
vt 0.164300 0.648510
vt 0.162360 0.648500
vt 0.163690 0.630760
vt 0.164300 0.648510
vt 0.161750 0.630900
vt 0.163690 0.630760
vt 0.162360 0.648500
vt 0.314230 0.640190
vt 0.312250 0.640160
vt 0.314310 0.622170
vt 0.316230 0.622300
vt 0.314230 0.640190
vt 0.314310 0.622170
vt 0.316150 0.640280
vt 0.314230 0.640190
vt 0.316230 0.622300
vt 0.318060 0.622500
vt 0.316150 0.640280
vt 0.316230 0.622300
vt 0.317980 0.640420
vt 0.316150 0.640280
vt 0.318060 0.622500
vt 0.319740 0.622770
vt 0.317980 0.640420
vt 0.318060 0.622500
vt 0.319660 0.640620
vt 0.317980 0.640420
vt 0.319740 0.622770
vt 0.321230 0.623100
vt 0.319660 0.640620
vt 0.319740 0.622770
vt 0.321150 0.640850
vt 0.319660 0.640620
vt 0.321230 0.623100
vt 0.167200 0.666530
vt 0.169390 0.648510
vt 0.168730 0.666640
vt 0.167860 0.648510
vt 0.169390 0.648510
vt 0.167200 0.666530
vt 0.165500 0.666400
vt 0.167860 0.648510
vt 0.167200 0.666530
vt 0.166150 0.648510
vt 0.167860 0.648510
vt 0.165500 0.666400
vt 0.163650 0.666250
vt 0.166150 0.648510
vt 0.165500 0.666400
vt 0.164300 0.648510
vt 0.166150 0.648510
vt 0.163650 0.666250
vt 0.161720 0.666110
vt 0.164300 0.648510
vt 0.163650 0.666250
vt 0.162360 0.648500
vt 0.164300 0.648510
vt 0.161720 0.666110
vt 0.314310 0.622170
vt 0.312370 0.614550
vt 0.314400 0.604480
vt 0.316330 0.604640
vt 0.314310 0.622170
vt 0.314400 0.604480
vt 0.316230 0.622300
vt 0.314310 0.622170
vt 0.316330 0.604640
vt 0.318150 0.604900
vt 0.316230 0.622300
vt 0.316330 0.604640
vt 0.318060 0.622500
vt 0.316230 0.622300
vt 0.318150 0.604900
vt 0.319830 0.605250
vt 0.318060 0.622500
vt 0.318150 0.604900
vt 0.319740 0.622770
vt 0.318060 0.622500
vt 0.319830 0.605250
vt 0.321320 0.605680
vt 0.319740 0.622770
vt 0.319830 0.605250
vt 0.321230 0.623100
vt 0.319740 0.622770
vt 0.321320 0.605680
vt 0.165260 0.684440
vt 0.168730 0.666640
vt 0.166770 0.684680
vt 0.167200 0.666530
vt 0.168730 0.666640
vt 0.165260 0.684440
vt 0.163560 0.684190
vt 0.167200 0.666530
vt 0.165260 0.684440
vt 0.165500 0.666400
vt 0.167200 0.666530
vt 0.163560 0.684190
vt 0.161730 0.683910
vt 0.165500 0.666400
vt 0.163560 0.684190
vt 0.163650 0.666250
vt 0.165500 0.666400
vt 0.161730 0.683910
vt 0.159820 0.683610
vt 0.163650 0.666250
vt 0.161730 0.683910
vt 0.161720 0.666110
vt 0.163650 0.666250
vt 0.159820 0.683610
vt 0.157270 0.697620
vt 0.158560 0.701360
vt 0.156670 0.700930
vt 0.314400 0.604480
vt 0.312510 0.589640
vt 0.314500 0.587220
vt 0.316420 0.587410
vt 0.314400 0.604480
vt 0.314500 0.587220
vt 0.316330 0.604640
vt 0.314400 0.604480
vt 0.316420 0.587410
vt 0.318250 0.587720
vt 0.316330 0.604640
vt 0.316420 0.587410
vt 0.318150 0.604900
vt 0.316330 0.604640
vt 0.318250 0.587720
vt 0.319930 0.588140
vt 0.318150 0.604900
vt 0.318250 0.587720
vt 0.319830 0.605250
vt 0.318150 0.604900
vt 0.319930 0.588140
vt 0.321420 0.588670
vt 0.319830 0.605250
vt 0.319930 0.588140
vt 0.321320 0.605680
vt 0.319830 0.605250
vt 0.321420 0.588670
vt 0.162040 0.702170
vt 0.166770 0.684680
vt 0.163530 0.702510
vt 0.165260 0.684440
vt 0.166770 0.684680
vt 0.162040 0.702170
vt 0.160370 0.701780
vt 0.165260 0.684440
vt 0.162040 0.702170
vt 0.163560 0.684190
vt 0.165260 0.684440
vt 0.160370 0.701780
vt 0.158560 0.701360
vt 0.163560 0.684190
vt 0.160370 0.701780
vt 0.161730 0.683910
vt 0.163560 0.684190
vt 0.158560 0.701360
vt 0.157270 0.697620
vt 0.161730 0.683910
vt 0.158560 0.701360
vt 0.159820 0.683610
vt 0.161730 0.683910
vt 0.157270 0.697620
vt 0.314500 0.587220
vt 0.312520 0.587150
vt 0.314610 0.570470
vt 0.316530 0.570690
vt 0.314500 0.587220
vt 0.314610 0.570470
vt 0.316420 0.587410
vt 0.314500 0.587220
vt 0.316530 0.570690
vt 0.318360 0.571060
vt 0.316420 0.587410
vt 0.316530 0.570690
vt 0.318250 0.587720
vt 0.316420 0.587410
vt 0.318360 0.571060
vt 0.320040 0.571550
vt 0.318250 0.587720
vt 0.318360 0.571060
vt 0.319930 0.588140
vt 0.318250 0.587720
vt 0.320040 0.571550
vt 0.321520 0.572160
vt 0.319930 0.588140
vt 0.320040 0.571550
vt 0.321420 0.588670
vt 0.319930 0.588140
vt 0.321520 0.572160
vt 0.157560 0.719600
vt 0.163530 0.702510
vt 0.159020 0.720060
vt 0.162040 0.702170
vt 0.163530 0.702510
vt 0.157560 0.719600
vt 0.155930 0.719090
vt 0.162040 0.702170
vt 0.157560 0.719600
vt 0.160370 0.701780
vt 0.162040 0.702170
vt 0.155930 0.719090
vt 0.154160 0.718540
vt 0.160370 0.701780
vt 0.155930 0.719090
vt 0.158560 0.701360
vt 0.160370 0.701780
vt 0.154160 0.718540
vt 0.152300 0.717960
vt 0.158560 0.701360
vt 0.154160 0.718540
vt 0.156670 0.700930
vt 0.158560 0.701360
vt 0.152300 0.717960
vt 0.314610 0.570470
vt 0.312660 0.565800
vt 0.314720 0.554320
vt 0.316650 0.554580
vt 0.314610 0.570470
vt 0.314720 0.554320
vt 0.316530 0.570690
vt 0.314610 0.570470
vt 0.316650 0.554580
vt 0.318470 0.555000
vt 0.316530 0.570690
vt 0.316650 0.554580
vt 0.318360 0.571060
vt 0.316530 0.570690
vt 0.318470 0.555000
vt 0.320150 0.555560
vt 0.318360 0.571060
vt 0.318470 0.555000
vt 0.320040 0.571550
vt 0.318360 0.571060
vt 0.320150 0.555560
vt 0.321640 0.556260
vt 0.320040 0.571550
vt 0.320150 0.555560
vt 0.321520 0.572160
vt 0.320040 0.571550
vt 0.321640 0.556260
vt 0.151850 0.736660
vt 0.159020 0.720060
vt 0.153280 0.737220
vt 0.157560 0.719600
vt 0.159020 0.720060
vt 0.151850 0.736660
vt 0.150260 0.736020
vt 0.157560 0.719600
vt 0.151850 0.736660
vt 0.155930 0.719090
vt 0.157560 0.719600
vt 0.150260 0.736020
vt 0.148530 0.735340
vt 0.155930 0.719090
vt 0.150260 0.736020
vt 0.154160 0.718540
vt 0.155930 0.719090
vt 0.148530 0.735340
vt 0.146720 0.734620
vt 0.154160 0.718540
vt 0.148530 0.735340
vt 0.152300 0.717960
vt 0.154160 0.718540
vt 0.146720 0.734620
vt 0.141660 0.746770
vt 0.141730 0.751660
vt 0.139970 0.750810
vt 0.314720 0.554320
vt 0.312830 0.543230
vt 0.314840 0.538870
vt 0.316770 0.539160
vt 0.314720 0.554320
vt 0.314840 0.538870
vt 0.316650 0.554580
vt 0.314720 0.554320
vt 0.316770 0.539160
vt 0.318590 0.539620
vt 0.316650 0.554580
vt 0.316770 0.539160
vt 0.318470 0.555000
vt 0.316650 0.554580
vt 0.318590 0.539620
vt 0.320270 0.540260
vt 0.318470 0.555000
vt 0.318590 0.539620
vt 0.320150 0.555560
vt 0.318470 0.555000
vt 0.320270 0.540260
vt 0.146330 0.753910
vt 0.154490 0.737710
vt 0.147500 0.754480
vt 0.153280 0.737220
vt 0.154490 0.737710
vt 0.146330 0.753910
vt 0.144950 0.753230
vt 0.153280 0.737220
vt 0.146330 0.753910
vt 0.151850 0.736660
vt 0.153280 0.737220
vt 0.144950 0.753230
vt 0.143400 0.752480
vt 0.151850 0.736660
vt 0.144950 0.753230
vt 0.150260 0.736020
vt 0.151850 0.736660
vt 0.143400 0.752480
vt 0.141730 0.751660
vt 0.150260 0.736020
vt 0.143400 0.752480
vt 0.148530 0.735340
vt 0.150260 0.736020
vt 0.141730 0.751660
vt 0.141660 0.746770
vt 0.148530 0.735340
vt 0.141730 0.751660
vt 0.146720 0.734620
vt 0.148530 0.735340
vt 0.141660 0.746770
vt 0.314840 0.538870
vt 0.312860 0.538770
vt 0.314970 0.524190
vt 0.316890 0.524510
vt 0.314840 0.538870
vt 0.314970 0.524190
vt 0.316770 0.539160
vt 0.314840 0.538870
vt 0.316890 0.524510
vt 0.318720 0.525020
vt 0.316770 0.539160
vt 0.316890 0.524510
vt 0.318590 0.539620
vt 0.316770 0.539160
vt 0.318720 0.525020
vt 0.320400 0.525720
vt 0.318590 0.539620
vt 0.318720 0.525020
vt 0.320270 0.540260
vt 0.318590 0.539620
vt 0.320400 0.525720
vt 0.138200 0.770020
vt 0.147500 0.754480
vt 0.139330 0.770690
vt 0.146330 0.753910
vt 0.147500 0.754480
vt 0.138200 0.770020
vt 0.136870 0.769240
vt 0.146330 0.753910
vt 0.138200 0.770020
vt 0.144950 0.753230
vt 0.146330 0.753910
vt 0.136870 0.769240
vt 0.135380 0.768380
vt 0.144950 0.753230
vt 0.136870 0.769240
vt 0.143400 0.752480
vt 0.144950 0.753230
vt 0.135380 0.768380
vt 0.133770 0.767440
vt 0.143400 0.752480
vt 0.135380 0.768380
vt 0.141730 0.751660
vt 0.143400 0.752480
vt 0.133770 0.767440
vt 0.132090 0.766460
vt 0.141730 0.751660
vt 0.133770 0.767440
vt 0.139970 0.750810
vt 0.141730 0.751660
vt 0.132090 0.766460
vt 0.314970 0.524190
vt 0.313010 0.522160
vt 0.315100 0.510370
vt 0.317020 0.510720
vt 0.314970 0.524190
vt 0.315100 0.510370
vt 0.316890 0.524510
vt 0.314970 0.524190
vt 0.317020 0.510720
vt 0.318850 0.511270
vt 0.316890 0.524510
vt 0.317020 0.510720
vt 0.318720 0.525020
vt 0.316890 0.524510
vt 0.318850 0.511270
vt 0.320530 0.512030
vt 0.318720 0.525020
vt 0.318850 0.511270
vt 0.320400 0.525720
vt 0.318720 0.525020
vt 0.320530 0.512030
vt 0.128950 0.785480
vt 0.139330 0.770690
vt 0.130030 0.786230
vt 0.138200 0.770020
vt 0.139330 0.770690
vt 0.128950 0.785480
vt 0.127680 0.784610
vt 0.138200 0.770020
vt 0.128950 0.785480
vt 0.136870 0.769240
vt 0.138200 0.770020
vt 0.127680 0.784610
vt 0.126260 0.783630
vt 0.136870 0.769240
vt 0.127680 0.784610
vt 0.135380 0.768380
vt 0.136870 0.769240
vt 0.126260 0.783630
vt 0.124720 0.782570
vt 0.135380 0.768380
vt 0.126260 0.783630
vt 0.133770 0.767440
vt 0.135380 0.768380
vt 0.124720 0.782570
vt 0.123100 0.781460
vt 0.133770 0.767440
vt 0.124720 0.782570
vt 0.132090 0.766460
vt 0.133770 0.767440
vt 0.123100 0.781460
vt 0.169690 0.661590
vt 0.185760 0.661510
vt 0.185530 0.737610
vt 0.169690 0.661590
vt 0.185530 0.737610
vt 0.169460 0.737680
vt 0.838710 0.477940
vt 0.912770 0.494860
vt 0.838640 0.495090
vt 0.912840 0.477320
vt 0.912770 0.494860
vt 0.838710 0.477940
vt 0.912870 0.467160
vt 0.912840 0.477320
vt 0.838710 0.477940
vt 0.838760 0.458530
vt 0.912870 0.467160
vt 0.838710 0.477940
vt 0.912900 0.458290
vt 0.912870 0.467160
vt 0.838760 0.458530
vt 0.912910 0.447710
vt 0.912900 0.458290
vt 0.838760 0.458530
vt 0.838790 0.438230
vt 0.912910 0.447710
vt 0.838760 0.458530
vt 0.912930 0.438000
vt 0.912910 0.447710
vt 0.838790 0.438230
vt 0.912930 0.420180
vt 0.912930 0.438000
vt 0.838790 0.438230
vt 0.838800 0.416900
vt 0.912930 0.420180
vt 0.838790 0.438230
vt 0.912930 0.416670
vt 0.912930 0.420180
vt 0.838800 0.416900
vt 0.838790 0.394970
vt 0.912930 0.416670
vt 0.838800 0.416900
vt 0.912920 0.394550
vt 0.912930 0.416670
vt 0.838790 0.394970
vt 0.912740 0.326100
vt 0.912820 0.349000
vt 0.838610 0.326330
vt 0.912730 0.322370
vt 0.912740 0.326100
vt 0.838610 0.326330
vt 0.838510 0.303690
vt 0.912730 0.322370
vt 0.838610 0.326330
vt 0.912650 0.303460
vt 0.912730 0.322370
vt 0.838510 0.303690
vt 0.912590 0.292880
vt 0.912650 0.303460
vt 0.838510 0.303690
vt 0.838400 0.281590
vt 0.912590 0.292880
vt 0.838510 0.303690
vt 0.912530 0.281360
vt 0.912590 0.292880
vt 0.838400 0.281590
vt 0.912470 0.271420
vt 0.912530 0.281360
vt 0.838400 0.281590
vt 0.838260 0.259820
vt 0.912470 0.271420
vt 0.838400 0.281590
vt 0.912390 0.260040
vt 0.912470 0.271420
vt 0.838260 0.259820
vt 0.912240 0.239760
vt 0.912390 0.260040
vt 0.838260 0.259820
vt 0.838040 0.231590
vt 0.837940 0.220980
vt 0.912080 0.220740
vt 0.912240 0.239760
vt 0.838040 0.231590
vt 0.912080 0.220740
vt 0.838110 0.239990
vt 0.838040 0.231590
vt 0.912240 0.239760
vt 0.838260 0.259820
vt 0.838110 0.239990
vt 0.912240 0.239760
vt 0.900190 0.219650
vt 0.915320 0.117060
vt 0.901280 0.219230
vt 0.917350 0.007900
vt 0.917380 0.010970
vt 0.867360 0.057660
vt 0.867230 0.000160
vt 0.917350 0.007900
vt 0.867360 0.057660
vt 0.917290 0.000000
vt 0.917350 0.007900
vt 0.867230 0.000160
vt 0.917010 0.058030
vt 0.916780 0.074250
vt 0.915620 0.108140
vt 0.867360 0.057660
vt 0.917010 0.058030
vt 0.915620 0.108140
vt 0.917390 0.031410
vt 0.917010 0.058030
vt 0.867360 0.057660
vt 0.917380 0.010970
vt 0.917390 0.031410
vt 0.867360 0.057660
vt 0.918340 0.031410
vt 0.917390 0.031410
vt 0.917380 0.010970
vt 0.918290 0.010970
vt 0.918340 0.031410
vt 0.917380 0.010970
vt 0.915320 0.117060
vt 0.900190 0.219650
vt 0.899360 0.219830
vt 0.898590 0.219990
vt 0.915320 0.117060
vt 0.899360 0.219830
vt 0.897390 0.220070
vt 0.915320 0.117060
vt 0.898590 0.219990
vt 0.838060 0.108240
vt 0.837940 0.057750
vt 0.867360 0.057660
vt 0.915620 0.108140
vt 0.838060 0.108240
vt 0.867360 0.057660
vt 0.838150 0.146820
vt 0.838060 0.108240
vt 0.915620 0.108140
vt 0.915320 0.117060
vt 0.838150 0.146820
vt 0.915620 0.108140
vt 0.838280 0.198820
vt 0.838150 0.146820
vt 0.915320 0.117060
vt 0.897390 0.220070
vt 0.838280 0.198820
vt 0.915320 0.117060
vt 0.838330 0.220250
vt 0.838280 0.198820
vt 0.897390 0.220070
vt 0.908450 0.211020
vt 0.909150 0.208670
vt 0.908580 0.210720
vt 0.909530 0.206120
vt 0.909150 0.208670
vt 0.908450 0.211020
vt 0.906480 0.214900
vt 0.908450 0.211020
vt 0.907480 0.213270
vt 0.912880 0.158190
vt 0.909530 0.206120
vt 0.908450 0.211020
vt 0.906480 0.214900
vt 0.912880 0.158190
vt 0.908450 0.211020
vt 0.906230 0.215190
vt 0.912880 0.158190
vt 0.906480 0.214900
vt 0.912880 0.158190
vt 0.906230 0.215190
vt 0.905010 0.216670
vt 0.904770 0.216900
vt 0.912880 0.158190
vt 0.905010 0.216670
vt 0.904740 0.216930
vt 0.912880 0.158190
vt 0.904770 0.216900
vt 0.915320 0.117060
vt 0.918540 0.117050
vt 0.918590 0.137500
vt 0.914320 0.137510
vt 0.915320 0.117060
vt 0.918590 0.137500
vt 0.901280 0.219230
vt 0.915320 0.117060
vt 0.914320 0.137510
vt 0.912880 0.158190
vt 0.901280 0.219230
vt 0.914320 0.137510
vt 0.901590 0.219110
vt 0.901280 0.219230
vt 0.912880 0.158190
vt 0.904740 0.216930
vt 0.901590 0.219110
vt 0.912880 0.158190
vt 0.903230 0.218170
vt 0.901590 0.219110
vt 0.904740 0.216930
vt 0.906680 0.840370
vt 0.935910 0.890880
vt 0.906490 0.890790
vt 0.985830 0.940560
vt 0.985760 0.948450
vt 0.935700 0.948290
vt 0.935910 0.890880
vt 0.985830 0.940560
vt 0.935700 0.948290
vt 0.985860 0.937500
vt 0.985830 0.940560
vt 0.935910 0.890880
vt 0.984240 0.840470
vt 0.935910 0.890880
vt 0.906680 0.840370
vt 0.906830 0.801850
vt 0.984240 0.840470
vt 0.906680 0.840370
vt 0.983950 0.831560
vt 0.984240 0.840470
vt 0.906830 0.801850
vt 0.907020 0.749930
vt 0.983950 0.831560
vt 0.906830 0.801850
vt 0.907100 0.728530
vt 0.983950 0.831560
vt 0.907020 0.749930
vt 0.971870 0.730540
vt 0.973370 0.731710
vt 0.973540 0.731890
vt 0.983950 0.831560
vt 0.971870 0.730540
vt 0.973540 0.731890
vt 0.985900 0.917080
vt 0.986850 0.917090
vt 0.986770 0.937500
vt 0.985860 0.937500
vt 0.985900 0.917080
vt 0.986770 0.937500
vt 0.985560 0.890510
vt 0.985900 0.917080
vt 0.985860 0.937500
vt 0.935910 0.890880
vt 0.985560 0.890510
vt 0.985860 0.937500
vt 0.985350 0.874310
vt 0.985560 0.890510
vt 0.935910 0.890880
vt 0.984240 0.840470
vt 0.985350 0.874310
vt 0.935910 0.890880
vt 0.967080 0.728760
vt 0.967280 0.728780
vt 0.968130 0.728960
vt 0.983950 0.831560
vt 0.967080 0.728760
vt 0.968130 0.728960
vt 0.966160 0.728720
vt 0.967080 0.728760
vt 0.983950 0.831560
vt 0.907100 0.728530
vt 0.966160 0.728720
vt 0.983950 0.831560
vt 0.970370 0.729670
vt 0.971700 0.730410
vt 0.971870 0.730540
vt 0.983950 0.831560
vt 0.970370 0.729670
vt 0.971870 0.730540
vt 0.970050 0.729550
vt 0.970370 0.729670
vt 0.983950 0.831560
vt 0.968130 0.728960
vt 0.970050 0.729550
vt 0.983950 0.831560
vt 0.968830 0.729100
vt 0.970050 0.729550
vt 0.968130 0.728960
vt 0.976250 0.735530
vt 0.977230 0.737730
vt 0.977820 0.739700
vt 0.977890 0.740140
vt 0.976250 0.735530
vt 0.977820 0.739700
vt 0.974930 0.733440
vt 0.976200 0.735430
vt 0.976250 0.735530
vt 0.983950 0.831560
vt 0.974930 0.733440
vt 0.976250 0.735530
vt 0.974750 0.733210
vt 0.974930 0.733440
vt 0.983950 0.831560
vt 0.973540 0.731890
vt 0.974750 0.733210
vt 0.983950 0.831560
vt 0.982980 0.811150
vt 0.987250 0.811160
vt 0.987170 0.831570
vt 0.983950 0.831560
vt 0.982980 0.811150
vt 0.987170 0.831570
vt 0.981560 0.790500
vt 0.982980 0.811150
vt 0.983950 0.831560
vt 0.976250 0.735530
vt 0.981560 0.790500
vt 0.983950 0.831560
vt 0.978290 0.742640
vt 0.981560 0.790500
vt 0.976250 0.735530
vt 0.977890 0.740140
vt 0.978290 0.742640
vt 0.976250 0.735530
vt 0.409020 0.502690
vt 0.459860 0.504690
vt 0.433510 0.504660
vt 0.459560 0.796320
vt 0.481870 0.796340
vt 0.480510 0.798280
vt 0.459560 0.798250
vt 0.459560 0.796320
vt 0.480510 0.798280
vt 0.433210 0.796290
vt 0.459560 0.796320
vt 0.459560 0.798250
vt 0.408720 0.798200
vt 0.433210 0.796290
vt 0.459560 0.798250
vt 0.470790 0.561530
vt 0.459710 0.650500
vt 0.460100 0.540810
vt 0.479000 0.582870
vt 0.459710 0.650500
vt 0.470790 0.561530
vt 0.459860 0.504690
vt 0.409020 0.502690
vt 0.459870 0.502750
vt 0.480820 0.502770
vt 0.459860 0.504690
vt 0.459870 0.502750
vt 0.482170 0.504710
vt 0.459860 0.504690
vt 0.480820 0.502770
vt 0.969930 0.278860
vt 0.969140 0.291120
vt 0.919080 0.291280
vt 0.918910 0.191400
vt 0.969930 0.278860
vt 0.919080 0.291280
vt 0.970090 0.276320
vt 0.969930 0.278860
vt 0.918910 0.191400
vt 0.926450 0.191370
vt 0.970090 0.276320
vt 0.918910 0.191400
vt 0.969640 0.014800
vt 0.970090 0.276320
vt 0.926450 0.191370
vt 0.926300 0.100020
vt 0.969640 0.014800
vt 0.926450 0.191370
vt 0.969640 0.014800
vt 0.926300 0.100020
vt 0.918760 0.100040
vt 0.918590 0.000160
vt 0.969640 0.014800
vt 0.918760 0.100040
vt 0.969480 0.012260
vt 0.969640 0.014800
vt 0.918590 0.000160
vt 0.968650 0.000000
vt 0.969480 0.012260
vt 0.918590 0.000160
vt 0.242510 0.502660
vt 0.242210 0.798160
vt 0.211740 0.696740
vt 0.211840 0.604020
vt 0.242510 0.502660
vt 0.211740 0.696740
vt 0.245960 0.248840
vt 0.442670 0.399220
vt 0.427060 0.418970
vt 0.245960 0.248840
vt 0.206270 0.002770
vt 0.221270 0.001140
vt 0.026390 0.136940
vt 0.245960 0.248840
vt 0.015960 0.160970
vt 0.245960 0.248840
vt 0.026390 0.136940
vt 0.039200 0.114150
vt 0.054270 0.092870
vt 0.245960 0.248840
vt 0.039200 0.114150
vt 0.081850 0.063680
vt 0.090470 0.055710
vt 0.245960 0.248840
vt 0.173060 0.986740
vt 0.169460 0.744950
vt 0.173580 0.737680
vt 0.458220 0.127890
vt 0.245960 0.248840
vt 0.444630 0.105840
vt 0.245960 0.248840
vt 0.398730 0.055610
vt 0.417790 0.073200
vt 0.441180 0.113460
vt 0.245960 0.248840
vt 0.431630 0.100100
vt 0.374760 0.038250
vt 0.245960 0.248840
vt 0.355780 0.027010
vt 0.377980 0.040150
vt 0.245960 0.248840
vt 0.374760 0.038250
vt 0.398730 0.055610
vt 0.245960 0.248840
vt 0.377980 0.040150
vt 0.245960 0.248840
vt 0.303470 0.007220
vt 0.307970 0.008200
vt 0.332350 0.016320
vt 0.245960 0.248840
vt 0.307970 0.008200
vt 0.343150 0.021250
vt 0.245960 0.248840
vt 0.332350 0.016320
vt 0.355780 0.027010
vt 0.245960 0.248840
vt 0.343150 0.021250
vt 0.282890 0.002740
vt 0.303470 0.007220
vt 0.245960 0.248840
vt 0.264700 0.000780
vt 0.282890 0.002740
vt 0.245960 0.248840
vt 0.257400 0.000000
vt 0.264700 0.000780
vt 0.245960 0.248840
vt 0.245960 0.248840
vt 0.156830 0.016380
vt 0.181200 0.008240
vt 0.245960 0.248840
vt 0.132040 0.027900
vt 0.156830 0.016380
vt 0.008030 0.186000
vt 0.015960 0.160970
vt 0.245960 0.248840
vt 0.002690 0.211730
vt 0.008030 0.186000
vt 0.245960 0.248840
vt 0.001110 0.227120
vt 0.002690 0.211730
vt 0.245960 0.248840
vt 0.000760 0.271700
vt 0.245960 0.248840
vt 0.002670 0.290380
vt 0.000000 0.264210
vt 0.245960 0.248840
vt 0.000760 0.271700
vt 0.245960 0.248840
vt 0.020680 0.352080
vt 0.015900 0.341140
vt 0.007510 0.313810
vt 0.245960 0.248840
vt 0.015900 0.341140
vt 0.002670 0.290380
vt 0.245960 0.248840
vt 0.007510 0.313810
vt 0.026310 0.365190
vt 0.245960 0.248840
vt 0.038190 0.386330
vt 0.097520 0.443040
vt 0.245960 0.248840
vt 0.110540 0.452850
vt 0.169300 0.490310
vt 0.147240 0.481860
vt 0.245960 0.248840
vt 0.245960 0.248840
vt 0.269960 0.501170
vt 0.246340 0.502600
vt 0.388940 0.454380
vt 0.245960 0.248840
vt 0.408170 0.438360
vt 0.269960 0.501170
vt 0.245960 0.248840
vt 0.296800 0.496850
vt 0.367640 0.468630
vt 0.345020 0.480540
vt 0.245960 0.248840
vt 0.388940 0.454380
vt 0.367640 0.468630
vt 0.245960 0.248840
vt 0.427060 0.418970
vt 0.408170 0.438360
vt 0.245960 0.248840
vt 0.458890 0.372690
vt 0.442670 0.399220
vt 0.245960 0.248840
vt 0.477350 0.329820
vt 0.468160 0.354150
vt 0.245960 0.248840
vt 0.484740 0.200980
vt 0.488510 0.226790
vt 0.245960 0.248840
vt 0.477680 0.173780
vt 0.484740 0.200980
vt 0.245960 0.248840
vt 0.245960 0.248840
vt 0.026310 0.365190
vt 0.020680 0.352080
vt 0.458890 0.372690
vt 0.245960 0.248840
vt 0.468160 0.354150
vt 0.181200 0.008240
vt 0.206270 0.002770
vt 0.245960 0.248840
vt 0.607530 0.376390
vt 0.602400 0.363980
vt 0.604510 0.364240
vt 0.600360 0.363380
vt 0.602400 0.363980
vt 0.607530 0.376390
vt 0.589880 0.369840
vt 0.600360 0.363380
vt 0.607530 0.376390
vt 0.584770 0.356000
vt 0.600360 0.363380
vt 0.589880 0.369840
vt 0.614170 0.360470
vt 0.625920 0.380270
vt 0.612520 0.361850
vt 0.626200 0.114820
vt 0.618270 0.142190
vt 0.617760 0.140070
vt 0.625920 0.380270
vt 0.614170 0.360470
vt 0.615570 0.358840
vt 0.616710 0.357000
vt 0.625920 0.380270
vt 0.615570 0.358840
vt 0.617540 0.355000
vt 0.625920 0.380270
vt 0.616710 0.357000
vt 0.607530 0.376390
vt 0.604510 0.364240
vt 0.606630 0.364150
vt 0.608700 0.363710
vt 0.607530 0.376390
vt 0.606630 0.364150
vt 0.625920 0.380270
vt 0.607530 0.376390
vt 0.608700 0.363710
vt 0.610690 0.362940
vt 0.625920 0.380270
vt 0.608700 0.363710
vt 0.612520 0.361850
vt 0.625920 0.380270
vt 0.610690 0.362940
vt 0.626200 0.114820
vt 0.617760 0.140070
vt 0.616930 0.138070
vt 0.615800 0.136220
vt 0.626200 0.114820
vt 0.616930 0.138070
vt 0.614400 0.134590
vt 0.626200 0.114820
vt 0.615800 0.136220
vt 0.607800 0.118660
vt 0.606870 0.130900
vt 0.604750 0.130800
vt 0.602640 0.131060
vt 0.607800 0.118660
vt 0.604750 0.130800
vt 0.590130 0.125170
vt 0.607800 0.118660
vt 0.602640 0.131060
vt 0.600600 0.131650
vt 0.590130 0.125170
vt 0.602640 0.131060
vt 0.584900 0.128030
vt 0.590130 0.125170
vt 0.600600 0.131650
vt 0.584990 0.139000
vt 0.584900 0.128030
vt 0.600600 0.131650
vt 0.573550 0.134230
vt 0.584900 0.128030
vt 0.584990 0.139000
vt 0.570560 0.148540
vt 0.573550 0.134230
vt 0.584990 0.139000
vt 0.558420 0.145630
vt 0.573550 0.134230
vt 0.570560 0.148540
vt 0.584770 0.356000
vt 0.589880 0.369840
vt 0.584660 0.366970
vt 0.573320 0.360750
vt 0.584770 0.356000
vt 0.584660 0.366970
vt 0.570360 0.346420
vt 0.584770 0.356000
vt 0.573320 0.360750
vt 0.558210 0.349310
vt 0.570360 0.346420
vt 0.573320 0.360750
vt 0.557420 0.334850
vt 0.570360 0.346420
vt 0.558210 0.349310
vt 0.544850 0.335770
vt 0.557420 0.334850
vt 0.558210 0.349310
vt 0.546210 0.321500
vt 0.557420 0.334850
vt 0.544850 0.335770
vt 0.539550 0.328570
vt 0.546210 0.321500
vt 0.544850 0.335770
vt 0.626200 0.114820
vt 0.614400 0.134590
vt 0.612760 0.133210
vt 0.610920 0.132120
vt 0.626200 0.114820
vt 0.612760 0.133210
vt 0.607800 0.118660
vt 0.626200 0.114820
vt 0.610920 0.132120
vt 0.608940 0.131340
vt 0.607800 0.118660
vt 0.610920 0.132120
vt 0.606870 0.130900
vt 0.607800 0.118660
vt 0.608940 0.131340
vt 0.545030 0.159140
vt 0.558420 0.145630
vt 0.570560 0.148540
vt 0.557600 0.160090
vt 0.545030 0.159140
vt 0.570560 0.148540
vt 0.539710 0.166330
vt 0.545030 0.159140
vt 0.557600 0.160090
vt 0.546360 0.173420
vt 0.539710 0.166330
vt 0.557600 0.160090
vt 0.535890 0.171510
vt 0.539710 0.166330
vt 0.546360 0.173420
vt 0.537090 0.188250
vt 0.535890 0.171510
vt 0.546360 0.173420
vt 0.533680 0.174490
vt 0.535890 0.171510
vt 0.537090 0.188250
vt 0.522630 0.256240
vt 0.525050 0.273690
vt 0.513860 0.266650
vt 0.512530 0.247420
vt 0.522630 0.256240
vt 0.513860 0.266650
vt 0.522650 0.238620
vt 0.522630 0.256240
vt 0.512530 0.247420
vt 0.513900 0.228200
vt 0.522650 0.238620
vt 0.512530 0.247420
vt 0.525110 0.221180
vt 0.522650 0.238620
vt 0.513900 0.228200
vt 0.515580 0.220400
vt 0.525110 0.221180
vt 0.513900 0.228200
vt 0.529950 0.204270
vt 0.525110 0.221180
vt 0.515580 0.220400
vt 0.517950 0.209380
vt 0.529950 0.204270
vt 0.515580 0.220400
vt 0.537090 0.188250
vt 0.529950 0.204270
vt 0.517950 0.209380
vt 0.524590 0.191350
vt 0.537090 0.188250
vt 0.517950 0.209380
vt 0.533680 0.174490
vt 0.537090 0.188250
vt 0.524590 0.191350
vt 0.625920 0.380270
vt 0.617540 0.355000
vt 0.618050 0.352880
vt 0.618220 0.350710
vt 0.625920 0.380270
vt 0.618050 0.352880
vt 0.626200 0.114820
vt 0.625920 0.380270
vt 0.618220 0.350710
vt 0.618430 0.144360
vt 0.626200 0.114820
vt 0.618220 0.350710
vt 0.618270 0.142190
vt 0.626200 0.114820
vt 0.618430 0.144360
vt 0.546210 0.321500
vt 0.539550 0.328570
vt 0.535730 0.323390
vt 0.533530 0.320400
vt 0.546210 0.321500
vt 0.535730 0.323390
vt 0.536960 0.306650
vt 0.546210 0.321500
vt 0.533530 0.320400
vt 0.524470 0.303520
vt 0.536960 0.306650
vt 0.533530 0.320400
vt 0.529860 0.290610
vt 0.536960 0.306650
vt 0.524470 0.303520
vt 0.517870 0.285470
vt 0.529860 0.290610
vt 0.524470 0.303520
vt 0.525050 0.273690
vt 0.529860 0.290610
vt 0.517870 0.285470
vt 0.515530 0.274450
vt 0.525050 0.273690
vt 0.517870 0.285470
vt 0.513860 0.266650
vt 0.525050 0.273690
vt 0.515530 0.274450
vt 1.000000 0.291190
vt 0.970090 0.000160
vt 0.999510 0.000060
vt 0.970330 0.145720
vt 1.000000 0.291190
vt 0.970580 0.291280
vt 0.970090 0.000160
vt 1.000000 0.291190
vt 0.970330 0.145720
vt 0.395480 0.834690
vt 0.403030 0.834660
vt 0.403090 0.860900
vt 0.395550 0.860920
vt 0.395480 0.834690
vt 0.403090 0.860900
vt 0.000000 0.859190
vt 0.007540 0.859170
vt 0.007600 0.885360
vt 0.000060 0.885390
vt 0.000000 0.859190
vt 0.007600 0.885360
vt 0.403090 0.834690
vt 0.410630 0.834660
vt 0.410790 0.926020
vt 0.403240 0.926040
vt 0.403090 0.834690
vt 0.410790 0.926020
vt 0.972340 0.728500
vt 0.972430 0.635770
vt 0.998080 0.635800
vt 0.997980 0.728530
vt 0.972340 0.728500
vt 0.998080 0.635800
vt 0.004290 0.885400
vt 0.007510 0.885390
vt 0.007560 0.907410
vt 0.002710 0.907430
vt 0.004290 0.885400
vt 0.007560 0.907410
vt 0.941960 0.979210
vt 0.940510 0.980020
vt 0.936500 0.970620
vt 0.943260 0.978170
vt 0.941960 0.979210
vt 0.936500 0.970620
vt 0.944380 0.976930
vt 0.943260 0.978170
vt 0.936500 0.970620
vt 0.945290 0.975510
vt 0.944380 0.976930
vt 0.936500 0.970620
vt 0.945950 0.973960
vt 0.945290 0.975510
vt 0.936500 0.970620
vt 0.946360 0.972320
vt 0.945950 0.973960
vt 0.936500 0.970620
vt 0.946500 0.970630
vt 0.946360 0.972320
vt 0.936500 0.970620
vt 0.946500 0.970630
vt 0.936500 0.970620
vt 0.946520 0.948470
vt 0.936500 0.970620
vt 0.940510 0.980020
vt 0.938940 0.980570
vt 0.937320 0.980840
vt 0.936500 0.970620
vt 0.938940 0.980570
vt 0.935670 0.980840
vt 0.936500 0.970620
vt 0.937320 0.980840
vt 0.934040 0.980560
vt 0.936500 0.970620
vt 0.935670 0.980840
vt 0.932480 0.980010
vt 0.936500 0.970620
vt 0.934040 0.980560
vt 0.931030 0.979200
vt 0.936500 0.970620
vt 0.932480 0.980010
vt 0.929720 0.978160
vt 0.936500 0.970620
vt 0.931030 0.979200
vt 0.928610 0.976910
vt 0.936500 0.970620
vt 0.929720 0.978160
vt 0.927710 0.975490
vt 0.936500 0.970620
vt 0.928610 0.976910
vt 0.927040 0.973940
vt 0.936500 0.970620
vt 0.927710 0.975490
vt 0.926640 0.972290
vt 0.936500 0.970620
vt 0.927040 0.973940
vt 0.926510 0.970610
vt 0.936500 0.970620
vt 0.926640 0.972290
vt 0.926530 0.948450
vt 0.946520 0.948470
vt 0.936500 0.970620
vt 0.926510 0.970610
vt 0.926530 0.948450
vt 0.936500 0.970620
vt 0.002580 0.909100
vt 0.002710 0.907430
vt 0.007560 0.907410
vt 0.007560 0.909110
vt 0.002580 0.909100
vt 0.007560 0.907410
vt 0.007560 0.909110
vt 0.007570 0.910790
vt 0.002430 0.910780
vt 0.002580 0.909100
vt 0.007560 0.909110
vt 0.002430 0.910780
vt 0.002280 0.912440
vt 0.002430 0.910780
vt 0.007570 0.910790
vt 0.007580 0.912400
vt 0.002280 0.912440
vt 0.007570 0.910790
vt 0.007590 0.913910
vt 0.002280 0.912440
vt 0.007580 0.912400
vt 0.002130 0.913960
vt 0.002280 0.912440
vt 0.007590 0.913910
vt 0.007590 0.913910
vt 0.007600 0.915270
vt 0.002130 0.913960
vt 0.403040 0.888580
vt 0.403040 0.889820
vt 0.397430 0.888630
vt 0.002130 0.913960
vt 0.007600 0.915270
vt 0.001990 0.915330
vt 0.403040 0.891240
vt 0.397130 0.891340
vt 0.397270 0.889950
vt 0.403040 0.889820
vt 0.403040 0.891240
vt 0.397270 0.889950
vt 0.397430 0.888630
vt 0.403040 0.889820
vt 0.397270 0.889950
vt 0.403040 0.892790
vt 0.397130 0.891340
vt 0.403040 0.891240
vt 0.397000 0.892940
vt 0.397130 0.891340
vt 0.403040 0.892790
vt 0.403040 0.894430
vt 0.397000 0.892940
vt 0.403040 0.892790
vt 0.403040 0.894430
vt 0.403040 0.896120
vt 0.396900 0.894580
vt 0.397000 0.892940
vt 0.403040 0.894430
vt 0.396900 0.894580
vt 0.403050 0.897810
vt 0.396760 0.897990
vt 0.396810 0.896330
vt 0.403040 0.896120
vt 0.403050 0.897810
vt 0.396810 0.896330
vt 0.396900 0.894580
vt 0.403040 0.896120
vt 0.396810 0.896330
vt 0.403060 0.899450
vt 0.396760 0.897990
vt 0.403050 0.897810
vt 0.396730 0.899700
vt 0.396760 0.897990
vt 0.403060 0.899450
vt 0.403070 0.901000
vt 0.396730 0.899700
vt 0.403060 0.899450
vt 0.403070 0.901000
vt 0.403080 0.902420
vt 0.396730 0.901200
vt 0.396730 0.899700
vt 0.403070 0.901000
vt 0.396730 0.901200
vt 0.403090 0.903670
vt 0.396820 0.903840
vt 0.396760 0.902660
vt 0.403080 0.902420
vt 0.403090 0.903670
vt 0.396760 0.902660
vt 0.396730 0.901200
vt 0.403080 0.902420
vt 0.396760 0.902660
vt 0.403050 0.862160
vt 0.396810 0.860930
vt 0.403090 0.860920
vt 0.396840 0.862270
vt 0.396810 0.860930
vt 0.403050 0.862160
vt 0.403010 0.863570
vt 0.396840 0.862270
vt 0.403050 0.862160
vt 0.403010 0.863570
vt 0.402970 0.865120
vt 0.396890 0.863660
vt 0.396840 0.862270
vt 0.403010 0.863570
vt 0.396890 0.863660
vt 0.402970 0.865120
vt 0.402930 0.866760
vt 0.397030 0.866610
vt 0.396960 0.865310
vt 0.402970 0.865120
vt 0.397030 0.866610
vt 0.396890 0.863660
vt 0.402970 0.865120
vt 0.396960 0.865310
vt 0.397030 0.866610
vt 0.402930 0.866760
vt 0.402380 0.888580
vt 0.398110 0.888470
vt 0.397030 0.866610
vt 0.402380 0.888580
vt 0.007780 0.909810
vt 0.010360 0.909940
vt 0.009290 0.931740
vt 0.008340 0.931700
vt 0.007780 0.909810
vt 0.009290 0.931740
vt 0.015570 0.914010
vt 0.015690 0.912370
vt 0.018230 0.912360
vt 0.018230 0.914060
vt 0.015570 0.914010
vt 0.018230 0.912360
vt 0.015560 0.914060
vt 0.015570 0.914010
vt 0.018230 0.914060
vt 0.015440 0.915720
vt 0.015560 0.914060
vt 0.018230 0.914060
vt 0.018240 0.915730
vt 0.015440 0.915720
vt 0.018230 0.914060
vt 0.018250 0.917350
vt 0.015440 0.915720
vt 0.018240 0.915730
vt 0.015320 0.917380
vt 0.015440 0.915720
vt 0.018250 0.917350
vt 0.018260 0.918860
vt 0.015320 0.917380
vt 0.018250 0.917350
vt 0.015220 0.918890
vt 0.015320 0.917380
vt 0.018260 0.918860
vt 0.018260 0.918860
vt 0.018270 0.920220
vt 0.015220 0.918890
vt 0.403090 0.903840
vt 0.403080 0.905080
vt 0.399950 0.903860
vt 0.015220 0.918890
vt 0.018270 0.920220
vt 0.015130 0.920270
vt 0.403070 0.906500
vt 0.399780 0.906570
vt 0.399850 0.905170
vt 0.403080 0.905080
vt 0.403070 0.906500
vt 0.399850 0.905170
vt 0.399950 0.903860
vt 0.403080 0.905080
vt 0.399850 0.905170
vt 0.403060 0.908050
vt 0.399780 0.906570
vt 0.403070 0.906500
vt 0.399720 0.908160
vt 0.399780 0.906570
vt 0.403060 0.908050
vt 0.403050 0.909690
vt 0.399720 0.908160
vt 0.403060 0.908050
vt 0.403050 0.909690
vt 0.403040 0.911380
vt 0.399690 0.909800
vt 0.399720 0.908160
vt 0.403050 0.909690
vt 0.399690 0.909800
vt 0.403040 0.913070
vt 0.399700 0.913210
vt 0.399680 0.911540
vt 0.403040 0.911380
vt 0.403040 0.913070
vt 0.399680 0.911540
vt 0.399690 0.909800
vt 0.403040 0.911380
vt 0.399680 0.911540
vt 0.403040 0.914710
vt 0.399700 0.913210
vt 0.403040 0.913070
vt 0.399780 0.915910
vt 0.399700 0.913210
vt 0.403040 0.914710
vt 0.403040 0.916270
vt 0.399780 0.915910
vt 0.403040 0.914710
vt 0.403040 0.916270
vt 0.403040 0.917690
vt 0.399780 0.915910
vt 0.403040 0.918940
vt 0.399990 0.919060
vt 0.399890 0.917870
vt 0.403040 0.917690
vt 0.403040 0.918940
vt 0.399890 0.917870
vt 0.399780 0.915910
vt 0.403040 0.917690
vt 0.399890 0.917870
vt 0.010590 0.905350
vt 0.007600 0.904120
vt 0.010660 0.904110
vt 0.007650 0.905440
vt 0.007600 0.904120
vt 0.010590 0.905350
vt 0.010520 0.906760
vt 0.007650 0.905440
vt 0.010590 0.905350
vt 0.010520 0.906760
vt 0.010440 0.908310
vt 0.007710 0.907390
vt 0.007650 0.905440
vt 0.010520 0.906760
vt 0.007710 0.907390
vt 0.010440 0.908310
vt 0.010360 0.909940
vt 0.007780 0.909810
vt 0.007710 0.907390
vt 0.010440 0.908310
vt 0.007780 0.909810
vt 0.017270 0.890340
vt 0.018180 0.890330
vt 0.018230 0.912360
vt 0.015690 0.912370
vt 0.017270 0.890340
vt 0.018230 0.912360
vt 0.393970 0.870300
vt 0.394920 0.870290
vt 0.394960 0.892120
vt 0.392390 0.892130
vt 0.393970 0.870300
vt 0.394960 0.892120
vt 0.366010 0.984390
vt 0.366030 0.962230
vt 0.376030 0.962240
vt 0.386020 0.962250
vt 0.386000 0.984410
vt 0.376030 0.962240
vt 0.386000 0.984410
vt 0.366010 0.984390
vt 0.376030 0.962240
vt 0.376860 0.952020
vt 0.376030 0.962240
vt 0.375210 0.952020
vt 0.378490 0.952300
vt 0.376030 0.962240
vt 0.376860 0.952020
vt 0.380050 0.952850
vt 0.376030 0.962240
vt 0.378490 0.952300
vt 0.381500 0.953660
vt 0.376030 0.962240
vt 0.380050 0.952850
vt 0.382800 0.954700
vt 0.376030 0.962240
vt 0.381500 0.953660
vt 0.383920 0.955950
vt 0.376030 0.962240
vt 0.382800 0.954700
vt 0.384820 0.957370
vt 0.376030 0.962240
vt 0.383920 0.955950
vt 0.385480 0.958920
vt 0.376030 0.962240
vt 0.384820 0.957370
vt 0.385890 0.960560
vt 0.376030 0.962240
vt 0.385480 0.958920
vt 0.386020 0.962250
vt 0.376030 0.962240
vt 0.385890 0.960560
vt 0.366170 0.960540
vt 0.376030 0.962240
vt 0.366030 0.962230
vt 0.366580 0.958900
vt 0.376030 0.962240
vt 0.366170 0.960540
vt 0.367240 0.957350
vt 0.376030 0.962240
vt 0.366580 0.958900
vt 0.368150 0.955930
vt 0.376030 0.962240
vt 0.367240 0.957350
vt 0.369260 0.954690
vt 0.376030 0.962240
vt 0.368150 0.955930
vt 0.370570 0.953650
vt 0.376030 0.962240
vt 0.369260 0.954690
vt 0.372020 0.952840
vt 0.376030 0.962240
vt 0.370570 0.953650
vt 0.373580 0.952290
vt 0.376030 0.962240
vt 0.372020 0.952840
vt 0.375210 0.952020
vt 0.376030 0.962240
vt 0.373580 0.952290
vt 0.392260 0.893760
vt 0.392390 0.892130
vt 0.394960 0.892120
vt 0.394970 0.893810
vt 0.392260 0.893760
vt 0.394960 0.892120
vt 0.392260 0.893820
vt 0.392260 0.893760
vt 0.394970 0.893810
vt 0.392140 0.895370
vt 0.392260 0.893820
vt 0.394970 0.893810
vt 0.394970 0.895500
vt 0.392140 0.895370
vt 0.394970 0.893810
vt 0.392130 0.895510
vt 0.392140 0.895370
vt 0.394970 0.895500
vt 0.392130 0.895580
vt 0.392130 0.895510
vt 0.394970 0.895500
vt 0.394980 0.897140
vt 0.392130 0.895580
vt 0.394970 0.895500
vt 0.392020 0.897150
vt 0.392130 0.895580
vt 0.394980 0.897140
vt 0.394990 0.898700
vt 0.392020 0.897150
vt 0.394980 0.897140
vt 0.391930 0.898650
vt 0.392020 0.897150
vt 0.394990 0.898700
vt 0.394990 0.898700
vt 0.395000 0.900130
vt 0.391910 0.898850
vt 0.391920 0.898710
vt 0.394990 0.898700
vt 0.391910 0.898850
vt 0.391930 0.898650
vt 0.394990 0.898700
vt 0.391920 0.898710
vt 0.395000 0.900130
vt 0.395010 0.901380
vt 0.391830 0.900210
vt 0.391840 0.900130
vt 0.395000 0.900130
vt 0.391830 0.900210
vt 0.391910 0.898850
vt 0.395000 0.900130
vt 0.391840 0.900130
vt 0.399670 0.905250
vt 0.396370 0.905250
vt 0.396430 0.904020
vt 0.396440 0.903840
vt 0.399670 0.905250
vt 0.396430 0.904020
vt 0.399680 0.903850
vt 0.399670 0.905250
vt 0.396440 0.903840
vt 0.391830 0.900210
vt 0.395010 0.901380
vt 0.391770 0.901390
vt 0.396360 0.905390
vt 0.396370 0.905250
vt 0.399670 0.905250
vt 0.399660 0.906790
vt 0.396360 0.905390
vt 0.399670 0.905250
vt 0.396320 0.906780
vt 0.396360 0.905390
vt 0.399660 0.906790
vt 0.396320 0.906850
vt 0.396320 0.906780
vt 0.399660 0.906790
vt 0.399650 0.908420
vt 0.396320 0.906850
vt 0.399660 0.906790
vt 0.396310 0.907070
vt 0.396320 0.906850
vt 0.399650 0.908420
vt 0.399650 0.908420
vt 0.399650 0.910110
vt 0.396290 0.908650
vt 0.396290 0.908420
vt 0.399650 0.908420
vt 0.396290 0.908650
vt 0.396310 0.907070
vt 0.399650 0.908420
vt 0.396290 0.908420
vt 0.399640 0.911800
vt 0.396310 0.911790
vt 0.396290 0.910470
vt 0.396290 0.910250
vt 0.399640 0.911800
vt 0.396290 0.910470
vt 0.399650 0.910110
vt 0.399640 0.911800
vt 0.396290 0.910250
vt 0.396290 0.910100
vt 0.399650 0.910110
vt 0.396290 0.910250
vt 0.396290 0.908650
vt 0.399650 0.910110
vt 0.396290 0.910100
vt 0.396310 0.912090
vt 0.396310 0.911790
vt 0.399640 0.911800
vt 0.399640 0.913450
vt 0.396310 0.912090
vt 0.399640 0.911800
vt 0.396350 0.913440
vt 0.396310 0.912090
vt 0.399640 0.913450
vt 0.396360 0.913640
vt 0.396350 0.913440
vt 0.399640 0.913450
vt 0.399640 0.915020
vt 0.396360 0.913640
vt 0.399640 0.913450
vt 0.396370 0.913840
vt 0.396360 0.913640
vt 0.399640 0.915020
vt 0.399640 0.915020
vt 0.399640 0.916450
vt 0.396430 0.915320
vt 0.396420 0.915000
vt 0.399640 0.915020
vt 0.396430 0.915320
vt 0.396370 0.913840
vt 0.399640 0.915020
vt 0.396420 0.915000
vt 0.399650 0.917720
vt 0.396610 0.917690
vt 0.396530 0.916820
vt 0.396520 0.916660
vt 0.399650 0.917720
vt 0.396530 0.916820
vt 0.399640 0.916450
vt 0.399650 0.917720
vt 0.396520 0.916660
vt 0.396510 0.916430
vt 0.399640 0.916450
vt 0.396520 0.916660
vt 0.396430 0.915320
vt 0.399640 0.916450
vt 0.396510 0.916430
vt 0.396640 0.917990
vt 0.396610 0.917690
vt 0.399650 0.917720
vt 0.014860 0.891640
vt 0.011940 0.890410
vt 0.014960 0.890330
vt 0.011950 0.891430
vt 0.011940 0.890410
vt 0.014860 0.891640
vt 0.011950 0.891700
vt 0.011950 0.891430
vt 0.014860 0.891640
vt 0.014750 0.893110
vt 0.011950 0.891700
vt 0.014860 0.891640
vt 0.011950 0.891870
vt 0.011950 0.891700
vt 0.014750 0.893110
vt 0.014750 0.893110
vt 0.014630 0.894690
vt 0.011960 0.893340
vt 0.011960 0.892910
vt 0.014750 0.893110
vt 0.011960 0.893340
vt 0.011950 0.891870
vt 0.014750 0.893110
vt 0.011960 0.892910
vt 0.014630 0.894690
vt 0.014510 0.896350
vt 0.011980 0.896160
vt 0.011970 0.895080
vt 0.014630 0.894690
vt 0.011980 0.896160
vt 0.014630 0.894690
vt 0.011970 0.895080
vt 0.011970 0.894880
vt 0.011970 0.894500
vt 0.014630 0.894690
vt 0.011970 0.894880
vt 0.011960 0.893340
vt 0.014630 0.894690
vt 0.011970 0.894500
vt 0.011980 0.896160
vt 0.014510 0.896350
vt 0.012910 0.918320
vt 0.012000 0.918250
vt 0.011980 0.896160
vt 0.012910 0.918320
vt 0.013920 0.859180
vt 0.018190 0.859170
vt 0.018220 0.881000
vt 0.012320 0.881010
vt 0.013920 0.859180
vt 0.018220 0.881000
vt 0.012210 0.882670
vt 0.012320 0.881010
vt 0.018220 0.881000
vt 0.018230 0.882680
vt 0.012210 0.882670
vt 0.018220 0.881000
vt 0.018230 0.882680
vt 0.018230 0.884370
vt 0.012100 0.884370
vt 0.012210 0.882670
vt 0.018230 0.882680
vt 0.012100 0.884370
vt 0.012100 0.884370
vt 0.018240 0.886020
vt 0.012020 0.886040
vt 0.018230 0.884370
vt 0.018240 0.886020
vt 0.012100 0.884370
vt 0.011970 0.887610
vt 0.012020 0.886040
vt 0.018240 0.886020
vt 0.018250 0.887580
vt 0.011970 0.887610
vt 0.018240 0.886020
vt 0.018260 0.889000
vt 0.011970 0.887610
vt 0.018250 0.887580
vt 0.011940 0.889050
vt 0.011970 0.887610
vt 0.018260 0.889000
vt 0.018270 0.890260
vt 0.011940 0.889050
vt 0.018260 0.889000
vt 0.011940 0.890330
vt 0.011940 0.889050
vt 0.018270 0.890260
vt 0.395010 0.901390
vt 0.394990 0.902790
vt 0.388680 0.901400
vt 0.394990 0.902790
vt 0.394970 0.904330
vt 0.388670 0.902790
vt 0.388680 0.901400
vt 0.394990 0.902790
vt 0.388670 0.902790
vt 0.394960 0.905960
vt 0.388740 0.906000
vt 0.388690 0.904360
vt 0.394970 0.904330
vt 0.394960 0.905960
vt 0.388690 0.904360
vt 0.388670 0.902790
vt 0.394970 0.904330
vt 0.388690 0.904360
vt 0.394940 0.907650
vt 0.388740 0.906000
vt 0.394960 0.905960
vt 0.388810 0.907730
vt 0.388740 0.906000
vt 0.394940 0.907650
vt 0.394920 0.909340
vt 0.388810 0.907730
vt 0.394940 0.907650
vt 0.394920 0.909340
vt 0.394910 0.910990
vt 0.388910 0.909400
vt 0.388810 0.907730
vt 0.394920 0.909340
vt 0.388910 0.909400
vt 0.394900 0.912560
vt 0.389150 0.912630
vt 0.389020 0.911100
vt 0.394910 0.910990
vt 0.394900 0.912560
vt 0.389020 0.911100
vt 0.388910 0.909400
vt 0.394910 0.910990
vt 0.389020 0.911100
vt 0.394900 0.913990
vt 0.389150 0.912630
vt 0.394900 0.912560
vt 0.389310 0.914110
vt 0.389150 0.912630
vt 0.394900 0.913990
vt 0.394890 0.915260
vt 0.389310 0.914110
vt 0.394900 0.913990
vt 0.176330 0.737690
vt 0.181730 0.738990
vt 0.176450 0.739080
vt 0.181770 0.737680
vt 0.181730 0.738990
vt 0.176330 0.737690
vt 0.389310 0.914110
vt 0.394890 0.915260
vt 0.389460 0.915320
vt 0.181680 0.740460
vt 0.181640 0.742050
vt 0.176670 0.742230
vt 0.181680 0.740460
vt 0.176670 0.742230
vt 0.176560 0.740540
vt 0.181730 0.738990
vt 0.181680 0.740460
vt 0.176560 0.740540
vt 0.176450 0.739080
vt 0.181730 0.738990
vt 0.176560 0.740540
vt 0.181640 0.742050
vt 0.181600 0.743710
vt 0.176750 0.743590
vt 0.176670 0.742230
vt 0.181640 0.742050
vt 0.176750 0.743590
vt 0.176750 0.743590
vt 0.181600 0.743710
vt 0.181050 0.765730
vt 0.177830 0.765650
vt 0.176750 0.743590
vt 0.181050 0.765730
vt 0.086150 0.855400
vt 0.083890 0.853260
vt 0.086160 0.853260
vt 0.083890 0.855390
vt 0.083890 0.853260
vt 0.086150 0.855400
vt 0.086150 0.857580
vt 0.083890 0.855390
vt 0.086150 0.855400
vt 0.083880 0.857570
vt 0.083890 0.855390
vt 0.086150 0.857580
vt 0.086140 0.859740
vt 0.083880 0.857570
vt 0.086150 0.857580
vt 0.083880 0.859730
vt 0.083880 0.857570
vt 0.086140 0.859740
vt 0.086130 0.861820
vt 0.083880 0.859730
vt 0.086140 0.859740
vt 0.083860 0.861820
vt 0.083880 0.859730
vt 0.086130 0.861820
vt 0.086110 0.863780
vt 0.083860 0.861820
vt 0.086130 0.861820
vt 0.083850 0.863780
vt 0.083860 0.861820
vt 0.086110 0.863780
vt 0.086100 0.865570
vt 0.083850 0.863780
vt 0.086110 0.863780
vt 0.083840 0.865560
vt 0.083850 0.863780
vt 0.086100 0.865570
vt 0.086080 0.867130
vt 0.083840 0.865560
vt 0.086100 0.865570
vt 0.083820 0.867120
vt 0.083840 0.865560
vt 0.086080 0.867130
vt 0.175860 0.739460
vt 0.173580 0.737690
vt 0.175840 0.737680
vt 0.173590 0.739460
vt 0.173580 0.737690
vt 0.175860 0.739460
vt 0.175870 0.741410
vt 0.173590 0.739460
vt 0.175860 0.739460
vt 0.173610 0.741420
vt 0.173590 0.739460
vt 0.175870 0.741410
vt 0.175880 0.743500
vt 0.173610 0.741420
vt 0.175870 0.741410
vt 0.173620 0.743500
vt 0.173610 0.741420
vt 0.175880 0.743500
vt 0.175890 0.745650
vt 0.173620 0.743500
vt 0.175880 0.743500
vt 0.173630 0.745660
vt 0.173620 0.743500
vt 0.175890 0.745650
vt 0.175900 0.747830
vt 0.173630 0.745660
vt 0.175890 0.745650
vt 0.173630 0.747840
vt 0.173630 0.745660
vt 0.175900 0.747830
vt 0.009910 0.890340
vt 0.007670 0.875170
vt 0.009940 0.875160
vt 0.007650 0.890350
vt 0.007670 0.875170
vt 0.009910 0.890340
vt 0.009870 0.904110
vt 0.007650 0.890350
vt 0.009910 0.890340
vt 0.007610 0.904110
vt 0.007650 0.890350
vt 0.009870 0.904110
vt 0.979430 0.334090
vt 0.977040 0.320420
vt 0.979310 0.320410
vt 0.977170 0.334090
vt 0.977040 0.320420
vt 0.979430 0.334090
vt 0.979540 0.349200
vt 0.977170 0.334090
vt 0.979430 0.334090
vt 0.977280 0.349210
vt 0.977170 0.334090
vt 0.979540 0.349200
vt 0.979640 0.365450
vt 0.977280 0.349210
vt 0.979540 0.349200
vt 0.977380 0.365450
vt 0.977280 0.349210
vt 0.979640 0.365450
vt 0.979730 0.382500
vt 0.977380 0.365450
vt 0.979640 0.365450
vt 0.977460 0.382510
vt 0.977380 0.365450
vt 0.979730 0.382500
vt 0.979790 0.400010
vt 0.977460 0.382510
vt 0.979730 0.382500
vt 0.977530 0.400020
vt 0.977460 0.382510
vt 0.979790 0.400010
vt 0.979840 0.417620
vt 0.977530 0.400020
vt 0.979790 0.400010
vt 0.977580 0.417630
vt 0.977530 0.400020
vt 0.979840 0.417620
vt 0.979870 0.434980
vt 0.977580 0.417630
vt 0.979840 0.417620
vt 0.977610 0.434990
vt 0.977580 0.417630
vt 0.979870 0.434980
vt 0.979880 0.451740
vt 0.977610 0.434990
vt 0.979870 0.434980
vt 0.977620 0.451750
vt 0.977610 0.434990
vt 0.979880 0.451740
vt 0.979870 0.467550
vt 0.977620 0.451750
vt 0.979880 0.451740
vt 0.977610 0.467560
vt 0.977620 0.451750
vt 0.979870 0.467550
vt 0.979840 0.482100
vt 0.977610 0.467560
vt 0.979870 0.467550
vt 0.977580 0.482100
vt 0.977610 0.467560
vt 0.979840 0.482100
vt 0.979790 0.495080
vt 0.977580 0.482100
vt 0.979840 0.482100
vt 0.977530 0.495090
vt 0.977580 0.482100
vt 0.979790 0.495080
vt 0.086110 0.806890
vt 0.083790 0.794280
vt 0.086060 0.794280
vt 0.083850 0.806890
vt 0.083790 0.794280
vt 0.086110 0.806890
vt 0.086150 0.821120
vt 0.083850 0.806890
vt 0.086110 0.806890
vt 0.083880 0.821120
vt 0.083850 0.806890
vt 0.086150 0.821120
vt 0.086160 0.836680
vt 0.083880 0.821120
vt 0.086150 0.821120
vt 0.083900 0.836680
vt 0.083880 0.821120
vt 0.086160 0.836680
vt 0.086160 0.853260
vt 0.083900 0.836680
vt 0.086160 0.836680
vt 0.083890 0.853260
vt 0.083900 0.836680
vt 0.086160 0.853260
vt 0.176330 0.955140
vt 0.174060 0.953010
vt 0.176320 0.953000
vt 0.174060 0.955150
vt 0.174060 0.953010
vt 0.176330 0.955140
vt 0.176330 0.957190
vt 0.174060 0.955150
vt 0.176330 0.955140
vt 0.174060 0.957190
vt 0.174060 0.955150
vt 0.176330 0.957190
vt 0.176320 0.959090
vt 0.174060 0.957190
vt 0.176330 0.957190
vt 0.174060 0.959100
vt 0.174060 0.957190
vt 0.176320 0.959090
vt 0.176320 0.960800
vt 0.174060 0.959100
vt 0.176320 0.959090
vt 0.174050 0.960800
vt 0.174060 0.959100
vt 0.176320 0.960800
vt 0.009880 0.860770
vt 0.007600 0.859180
vt 0.009870 0.859170
vt 0.007620 0.860780
vt 0.007600 0.859180
vt 0.009880 0.860770
vt 0.009900 0.862580
vt 0.007620 0.860780
vt 0.009880 0.860770
vt 0.007630 0.862590
vt 0.007620 0.860780
vt 0.009900 0.862580
vt 0.009910 0.864570
vt 0.007630 0.862590
vt 0.009900 0.862580
vt 0.007650 0.864580
vt 0.007630 0.862590
vt 0.009910 0.864570
vt 0.009920 0.866670
vt 0.007650 0.864580
vt 0.009910 0.864570
vt 0.007660 0.866680
vt 0.007650 0.864580
vt 0.009920 0.866670
vt 0.009930 0.868840
vt 0.007660 0.866680
vt 0.009920 0.866670
vt 0.007660 0.868840
vt 0.007660 0.866680
vt 0.009930 0.868840
vt 0.009930 0.871010
vt 0.007660 0.868840
vt 0.009930 0.868840
vt 0.007670 0.871020
vt 0.007660 0.868840
vt 0.009930 0.871010
vt 0.009940 0.873140
vt 0.007670 0.871020
vt 0.009930 0.871010
vt 0.007670 0.873140
vt 0.007670 0.871020
vt 0.009940 0.873140
vt 0.009940 0.875160
vt 0.007670 0.873140
vt 0.009940 0.873140
vt 0.007670 0.875170
vt 0.007670 0.873140
vt 0.009940 0.875160
vt 0.176320 0.953000
vt 0.174060 0.953010
vt 0.173630 0.747840
vt 0.175900 0.747830
vt 0.176320 0.953000
vt 0.173630 0.747840
vt 0.905860 0.495940
vt 0.923690 0.508650
vt 0.890250 0.503290
vt 0.923480 0.715000
vt 0.851470 0.685790
vt 0.842220 0.670940
vt 0.875620 0.710710
vt 0.862680 0.699140
vt 0.851470 0.685790
vt 0.923480 0.715000
vt 0.875620 0.710710
vt 0.851470 0.685790
vt 0.890030 0.720290
vt 0.875620 0.710710
vt 0.923480 0.715000
vt 0.923310 0.717170
vt 0.890030 0.720290
vt 0.923480 0.715000
vt 0.905620 0.727670
vt 0.890030 0.720290
vt 0.923310 0.717170
vt 0.922800 0.719290
vt 0.905620 0.727670
vt 0.923310 0.717170
vt 0.907660 0.728270
vt 0.905620 0.727670
vt 0.922800 0.719290
vt 0.921960 0.721290
vt 0.907660 0.728270
vt 0.922800 0.719290
vt 0.909760 0.728530
vt 0.907660 0.728270
vt 0.921960 0.721290
vt 0.920830 0.723130
vt 0.909760 0.728530
vt 0.921960 0.721290
vt 0.911880 0.728440
vt 0.909760 0.728530
vt 0.920830 0.723130
vt 0.919420 0.724760
vt 0.911880 0.728440
vt 0.920830 0.723130
vt 0.913960 0.728000
vt 0.911880 0.728440
vt 0.919420 0.724760
vt 0.917780 0.726140
vt 0.913960 0.728000
vt 0.919420 0.724760
vt 0.915940 0.727230
vt 0.913960 0.728000
vt 0.917780 0.726140
vt 0.923480 0.715000
vt 0.827910 0.602910
vt 0.830370 0.585470
vt 0.835210 0.568560
vt 0.923480 0.715000
vt 0.830370 0.585470
vt 0.842340 0.552530
vt 0.923480 0.715000
vt 0.835210 0.568560
vt 0.905860 0.495940
vt 0.907900 0.495350
vt 0.910000 0.495090
vt 0.912120 0.495190
vt 0.905860 0.495940
vt 0.910000 0.495090
vt 0.923690 0.508650
vt 0.905860 0.495940
vt 0.912120 0.495190
vt 0.914200 0.495630
vt 0.923690 0.508650
vt 0.912120 0.495190
vt 0.923520 0.506480
vt 0.923690 0.508650
vt 0.914200 0.495630
vt 0.916180 0.496410
vt 0.923520 0.506480
vt 0.914200 0.495630
vt 0.923020 0.504360
vt 0.923520 0.506480
vt 0.916180 0.496410
vt 0.918020 0.497500
vt 0.923020 0.504360
vt 0.916180 0.496410
vt 0.922190 0.502360
vt 0.923020 0.504360
vt 0.918020 0.497500
vt 0.919660 0.498880
vt 0.922190 0.502360
vt 0.918020 0.497500
vt 0.921060 0.500510
vt 0.922190 0.502360
vt 0.919660 0.498880
vt 0.830310 0.637980
vt 0.827890 0.620530
vt 0.827910 0.602910
vt 0.923480 0.715000
vt 0.830310 0.637980
vt 0.827910 0.602910
vt 0.835120 0.654900
vt 0.830310 0.637980
vt 0.923480 0.715000
vt 0.842220 0.670940
vt 0.835120 0.654900
vt 0.923480 0.715000
vt 0.923480 0.715000
vt 0.842340 0.552530
vt 0.851620 0.537710
vt 0.862860 0.524380
vt 0.923480 0.715000
vt 0.851620 0.537710
vt 0.923690 0.508650
vt 0.923480 0.715000
vt 0.862860 0.524380
vt 0.875820 0.512830
vt 0.923690 0.508650
vt 0.862860 0.524380
vt 0.890250 0.503290
vt 0.923690 0.508650
vt 0.875820 0.512830
vt 0.945920 0.495160
vt 0.972180 0.495090
vt 0.972410 0.571180
vt 0.924090 0.557860
vt 0.945920 0.495160
vt 0.972410 0.571180
vt 0.923690 0.495210
vt 0.945920 0.495160
vt 0.924090 0.557860
vt 0.923890 0.556410
vt 0.923690 0.495210
vt 0.924090 0.557860
vt 0.923870 0.555830
vt 0.923690 0.495210
vt 0.923890 0.556410
vt 0.972410 0.571180
vt 0.927350 0.563850
vt 0.926970 0.563400
vt 0.926040 0.562320
vt 0.972410 0.571180
vt 0.926970 0.563400
vt 0.925660 0.561690
vt 0.972410 0.571180
vt 0.926040 0.562320
vt 0.932640 0.567160
vt 0.931110 0.566550
vt 0.930490 0.566180
vt 0.972410 0.571180
vt 0.932640 0.567160
vt 0.930490 0.566180
vt 0.928600 0.564900
vt 0.927610 0.564110
vt 0.927350 0.563850
vt 0.972410 0.571180
vt 0.928600 0.564900
vt 0.927350 0.563850
vt 0.929440 0.565570
vt 0.928600 0.564900
vt 0.972410 0.571180
vt 0.930490 0.566180
vt 0.929440 0.565570
vt 0.972410 0.571180
vt 0.924650 0.559810
vt 0.924120 0.558070
vt 0.924090 0.557860
vt 0.972410 0.571180
vt 0.924650 0.559810
vt 0.924090 0.557860
vt 0.925020 0.560640
vt 0.924650 0.559810
vt 0.972410 0.571180
vt 0.925660 0.561690
vt 0.925020 0.560640
vt 0.972410 0.571180
vt 0.934940 0.567880
vt 0.933670 0.567580
vt 0.932640 0.567160
vt 0.972410 0.571180
vt 0.934940 0.567880
vt 0.932640 0.567160
vt 0.935770 0.568090
vt 0.934940 0.567880
vt 0.972410 0.571180
vt 0.937360 0.568300
vt 0.935770 0.568090
vt 0.972410 0.571180
vt 0.925660 0.661860
vt 0.925020 0.662910
vt 0.925220 0.662540
vt 0.930490 0.657390
vt 0.929480 0.657960
vt 0.929770 0.657770
vt 0.928590 0.658650
vt 0.929480 0.657960
vt 0.972110 0.728530
vt 0.926970 0.660160
vt 0.928590 0.658650
vt 0.972110 0.728530
vt 0.927780 0.659290
vt 0.928590 0.658650
vt 0.926970 0.660160
vt 0.945890 0.728430
vt 0.924100 0.665690
vt 0.924380 0.664490
vt 0.924690 0.663720
vt 0.945890 0.728430
vt 0.924380 0.664490
vt 0.972110 0.728530
vt 0.929480 0.657960
vt 0.930490 0.657390
vt 0.931970 0.656610
vt 0.972110 0.728530
vt 0.930490 0.657390
vt 0.932620 0.656390
vt 0.972110 0.728530
vt 0.931970 0.656610
vt 0.923970 0.666280
vt 0.924000 0.666090
vt 0.924100 0.665690
vt 0.945890 0.728430
vt 0.923970 0.666280
vt 0.924100 0.665690
vt 0.923870 0.667720
vt 0.923970 0.666280
vt 0.945890 0.728430
vt 0.923690 0.728340
vt 0.923870 0.667720
vt 0.945890 0.728430
vt 0.945890 0.728430
vt 0.924690 0.663720
vt 0.925020 0.662910
vt 0.925660 0.661860
vt 0.945890 0.728430
vt 0.925020 0.662910
vt 0.972110 0.728530
vt 0.945890 0.728430
vt 0.925660 0.661860
vt 0.926230 0.660990
vt 0.972110 0.728530
vt 0.925660 0.661860
vt 0.926970 0.660160
vt 0.972110 0.728530
vt 0.926230 0.660990
vt 0.926390 0.660770
vt 0.926970 0.660160
vt 0.926230 0.660990
vt 0.934920 0.655680
vt 0.937340 0.655270
vt 0.972340 0.652440
vt 0.972110 0.728530
vt 0.934920 0.655680
vt 0.972340 0.652440
vt 0.934450 0.655760
vt 0.934920 0.655680
vt 0.972110 0.728530
vt 0.932620 0.656390
vt 0.934450 0.655760
vt 0.972110 0.728530
vt 0.400870 0.927280
vt 0.395140 0.961110
vt 0.395250 0.926580
vt 0.409610 0.934140
vt 0.395140 0.961110
vt 0.408610 0.932320
vt 0.395140 0.961110
vt 0.404380 0.928400
vt 0.405970 0.929440
vt 0.402630 0.927670
vt 0.404380 0.928400
vt 0.395140 0.961110
vt 0.400870 0.927280
vt 0.402630 0.927670
vt 0.395140 0.961110
vt 0.395140 0.961110
vt 0.407470 0.930820
vt 0.408610 0.932320
vt 0.405970 0.929440
vt 0.407470 0.930820
vt 0.395140 0.961110
vt 0.395140 0.961110
vt 0.409610 0.934140
vt 0.410270 0.936010
vt 0.410680 0.938120
vt 0.395140 0.961110
vt 0.410270 0.936010
vt 0.410790 0.939780
vt 0.410720 0.961100
vt 0.395140 0.961110
vt 0.410680 0.938120
vt 0.410790 0.939780
vt 0.395140 0.961110
vt 0.393400 0.926340
vt 0.395250 0.926580
vt 0.395140 0.961110
vt 0.392840 0.961120
vt 0.393400 0.926340
vt 0.395140 0.961110
vt 0.392840 0.961120
vt 0.390780 0.961130
vt 0.391180 0.926040
vt 0.393400 0.926340
vt 0.392840 0.961120
vt 0.391180 0.926040
vt 0.387480 0.798350
vt 0.389450 0.798360
vt 0.389080 0.833690
vt 0.387350 0.833430
vt 0.387480 0.798350
vt 0.389080 0.833690
vt 0.391500 0.833980
vt 0.389080 0.833690
vt 0.389450 0.798360
vt 0.391680 0.798360
vt 0.391500 0.833980
vt 0.389450 0.798360
vt 0.393830 0.834200
vt 0.391500 0.833980
vt 0.391680 0.798360
vt 0.394100 0.798360
vt 0.393830 0.834200
vt 0.391680 0.798360
vt 0.394100 0.798360
vt 0.396650 0.798360
vt 0.396480 0.834390
vt 0.393830 0.834200
vt 0.394100 0.798360
vt 0.396480 0.834390
vt 0.396650 0.798360
vt 0.399260 0.798350
vt 0.399030 0.834530
vt 0.396480 0.834390
vt 0.396650 0.798360
vt 0.399030 0.834530
vt 0.401730 0.834620
vt 0.399030 0.834530
vt 0.399260 0.798350
vt 0.401870 0.798340
vt 0.401730 0.834620
vt 0.399260 0.798350
vt 0.404220 0.834660
vt 0.401730 0.834620
vt 0.401870 0.798340
vt 0.404390 0.798330
vt 0.404220 0.834660
vt 0.401870 0.798340
vt 0.404390 0.798330
vt 0.406750 0.798310
vt 0.406840 0.834650
vt 0.404220 0.834660
vt 0.404390 0.798330
vt 0.406840 0.834650
vt 0.406840 0.834650
vt 0.408910 0.798300
vt 0.408840 0.834590
vt 0.406750 0.798310
vt 0.408910 0.798300
vt 0.406840 0.834650
vt 0.945810 0.343170
vt 0.944120 0.307090
vt 0.946020 0.306980
vt 0.408910 0.798300
vt 0.410790 0.798280
vt 0.410790 0.834470
vt 0.408840 0.834590
vt 0.408910 0.798300
vt 0.410790 0.834470
vt 0.943850 0.343150
vt 0.941630 0.343140
vt 0.941810 0.307260
vt 0.944120 0.307090
vt 0.943850 0.343150
vt 0.941810 0.307260
vt 0.945810 0.343170
vt 0.943850 0.343150
vt 0.944120 0.307090
vt 0.941630 0.343140
vt 0.939220 0.343120
vt 0.939380 0.307470
vt 0.941810 0.307260
vt 0.941630 0.343140
vt 0.939380 0.307470
vt 0.939380 0.307470
vt 0.936670 0.343110
vt 0.936790 0.307710
vt 0.939220 0.343120
vt 0.936670 0.343110
vt 0.939380 0.307470
vt 0.934140 0.307980
vt 0.936790 0.307710
vt 0.936670 0.343110
vt 0.934060 0.343100
vt 0.934140 0.307980
vt 0.936670 0.343110
vt 0.931450 0.343090
vt 0.934140 0.307980
vt 0.934060 0.343100
vt 0.931520 0.308260
vt 0.934140 0.307980
vt 0.931450 0.343090
vt 0.928930 0.343090
vt 0.931520 0.308260
vt 0.931450 0.343090
vt 0.929030 0.308550
vt 0.931520 0.308260
vt 0.928930 0.343090
vt 0.928930 0.343090
vt 0.922120 0.309490
vt 0.929030 0.308550
vt 0.913000 0.321760
vt 0.928930 0.343090
vt 0.912930 0.343080
vt 0.928930 0.343090
vt 0.913620 0.317730
vt 0.914380 0.315830
vt 0.913150 0.319750
vt 0.913620 0.317730
vt 0.928930 0.343090
vt 0.913000 0.321760
vt 0.913150 0.319750
vt 0.928930 0.343090
vt 0.928930 0.343090
vt 0.915470 0.314010
vt 0.916710 0.312560
vt 0.914380 0.315830
vt 0.915470 0.314010
vt 0.928930 0.343090
vt 0.918240 0.311240
vt 0.928930 0.343090
vt 0.916710 0.312560
vt 0.919880 0.310280
vt 0.922120 0.309490
vt 0.928930 0.343090
vt 0.918240 0.311240
vt 0.919880 0.310280
vt 0.928930 0.343090
vt 0.181890 0.741150
vt 0.181900 0.737720
vt 0.185680 0.737680
vt 0.185670 0.746010
vt 0.181890 0.741150
vt 0.185680 0.737680
vt 0.181890 0.745500
vt 0.181890 0.741150
vt 0.185670 0.746010
vt 0.181880 0.754120
vt 0.181890 0.745500
vt 0.185670 0.746010
vt 0.185660 0.754090
vt 0.181880 0.754120
vt 0.185670 0.746010
vt 0.181880 0.755170
vt 0.181880 0.754120
vt 0.185660 0.754090
vt 0.185660 0.755130
vt 0.181880 0.755170
vt 0.185660 0.754090
vt 0.181880 0.761940
vt 0.181880 0.755170
vt 0.185660 0.755130
vt 0.185660 0.761920
vt 0.181880 0.761940
vt 0.185660 0.755130
vt 0.181890 0.769520
vt 0.181880 0.761940
vt 0.185660 0.761920
vt 0.185670 0.769490
vt 0.181890 0.769520
vt 0.185660 0.761920
vt 0.181890 0.771600
vt 0.181890 0.769520
vt 0.185670 0.769490
vt 0.181890 0.771600
vt 0.185670 0.769490
vt 0.185680 0.771560
vt 0.185680 0.776330
vt 0.181890 0.771600
vt 0.185680 0.771560
vt 0.181900 0.776850
vt 0.181890 0.771600
vt 0.185680 0.776330
vt 0.185690 0.777290
vt 0.181900 0.776850
vt 0.185680 0.776330
vt 0.181910 0.778750
vt 0.181900 0.776850
vt 0.185690 0.777290
vt 0.185700 0.784320
vt 0.181910 0.778750
vt 0.185690 0.777290
vt 0.181920 0.783900
vt 0.181910 0.778750
vt 0.185700 0.784320
vt 0.181930 0.786660
vt 0.181920 0.783900
vt 0.185700 0.784320
vt 0.185710 0.786640
vt 0.181930 0.786660
vt 0.185700 0.784320
vt 0.181950 0.790970
vt 0.181930 0.786660
vt 0.185710 0.786640
vt 0.185730 0.790940
vt 0.181950 0.790970
vt 0.185710 0.786640
vt 0.181950 0.792870
vt 0.181950 0.790970
vt 0.185730 0.790940
vt 0.185760 0.797010
vt 0.181950 0.792870
vt 0.185730 0.790940
vt 0.181970 0.797180
vt 0.181950 0.792870
vt 0.185760 0.797010
vt 0.185760 0.797160
vt 0.181970 0.797180
vt 0.185760 0.797010
vt 0.079950 0.797420
vt 0.080010 0.794280
vt 0.083790 0.794300
vt 0.083730 0.797430
vt 0.079950 0.797420
vt 0.083790 0.794300
vt 0.079880 0.800570
vt 0.079950 0.797420
vt 0.083730 0.797430
vt 0.083660 0.800590
vt 0.079880 0.800570
vt 0.083730 0.797430
vt 0.079750 0.807270
vt 0.079880 0.800570
vt 0.083660 0.800590
vt 0.083530 0.807740
vt 0.079750 0.807270
vt 0.083660 0.800590
vt 0.079680 0.811780
vt 0.079750 0.807270
vt 0.083530 0.807740
vt 0.083460 0.811800
vt 0.079680 0.811780
vt 0.083530 0.807740
vt 0.079630 0.814360
vt 0.079680 0.811780
vt 0.083460 0.811800
vt 0.083410 0.814860
vt 0.079630 0.814360
vt 0.083460 0.811800
vt 0.079520 0.822210
vt 0.079630 0.814360
vt 0.083410 0.814860
vt 0.083300 0.822240
vt 0.079520 0.822210
vt 0.083410 0.814860
vt 0.079500 0.823950
vt 0.079520 0.822210
vt 0.083300 0.822240
vt 0.083230 0.827660
vt 0.079500 0.823950
vt 0.083300 0.822240
vt 0.079450 0.827650
vt 0.079500 0.823950
vt 0.083230 0.827660
vt 0.079420 0.829840
vt 0.079450 0.827650
vt 0.083230 0.827660
vt 0.083210 0.829870
vt 0.079420 0.829840
vt 0.083230 0.827660
vt 0.079340 0.837710
vt 0.079420 0.829840
vt 0.083210 0.829870
vt 0.083120 0.837740
vt 0.079340 0.837710
vt 0.083210 0.829870
vt 0.079270 0.844690
vt 0.079340 0.837710
vt 0.083120 0.837740
vt 0.079270 0.844690
vt 0.083120 0.837740
vt 0.083060 0.844700
vt 0.083050 0.845160
vt 0.079270 0.844690
vt 0.083060 0.844700
vt 0.079260 0.845830
vt 0.079270 0.844690
vt 0.083050 0.845160
vt 0.083040 0.846400
vt 0.079260 0.845830
vt 0.083050 0.845160
vt 0.079200 0.854190
vt 0.079260 0.845830
vt 0.083040 0.846400
vt 0.082980 0.854770
vt 0.079200 0.854190
vt 0.083040 0.846400
vt 0.079150 0.862560
vt 0.079200 0.854190
vt 0.082980 0.854770
vt 0.082930 0.862570
vt 0.079150 0.862560
vt 0.082980 0.854770
vt 0.079140 0.863180
vt 0.079150 0.862560
vt 0.082930 0.862570
vt 0.082930 0.863210
vt 0.079140 0.863180
vt 0.082930 0.862570
vt 0.079100 0.871700
vt 0.079140 0.863180
vt 0.082930 0.863210
vt 0.082890 0.871720
vt 0.079100 0.871700
vt 0.082930 0.863210
vt 0.079080 0.880250
vt 0.079100 0.871700
vt 0.082890 0.871720
vt 0.082860 0.880290
vt 0.079080 0.880250
vt 0.082890 0.871720
vt 0.079080 0.880910
vt 0.079080 0.880250
vt 0.082860 0.880290
vt 0.082860 0.880920
vt 0.079080 0.880910
vt 0.082860 0.880290
vt 0.079060 0.888880
vt 0.079080 0.880910
vt 0.082860 0.880920
vt 0.082840 0.889480
vt 0.079060 0.888880
vt 0.082860 0.880920
vt 0.079060 0.897560
vt 0.079060 0.888880
vt 0.082840 0.889480
vt 0.079060 0.897560
vt 0.082840 0.889480
vt 0.082840 0.898150
vt 0.082840 0.898870
vt 0.079060 0.897560
vt 0.082840 0.898150
vt 0.079060 0.899340
vt 0.079060 0.897560
vt 0.082840 0.898870
vt 0.082840 0.899360
vt 0.079060 0.899340
vt 0.082840 0.898870
vt 0.079070 0.906670
vt 0.079060 0.899340
vt 0.082840 0.899360
vt 0.082850 0.906700
vt 0.079070 0.906670
vt 0.082840 0.899360
vt 0.079090 0.915100
vt 0.079070 0.906670
vt 0.082850 0.906700
vt 0.082870 0.915130
vt 0.079090 0.915100
vt 0.082850 0.906700
vt 0.079100 0.917500
vt 0.079090 0.915100
vt 0.082870 0.915130
vt 0.082880 0.917510
vt 0.079100 0.917500
vt 0.082870 0.915130
vt 0.079120 0.921520
vt 0.079100 0.917500
vt 0.082880 0.917510
vt 0.082910 0.923420
vt 0.079120 0.921520
vt 0.082880 0.917510
vt 0.079120 0.923390
vt 0.079120 0.921520
vt 0.082910 0.923420
vt 0.079170 0.931560
vt 0.079120 0.923390
vt 0.082910 0.923420
vt 0.082960 0.932110
vt 0.079170 0.931560
vt 0.082910 0.923420
vt 0.079200 0.935000
vt 0.079170 0.931560
vt 0.082960 0.932110
vt 0.082980 0.935020
vt 0.079200 0.935000
vt 0.082960 0.932110
vt 0.079230 0.939570
vt 0.079200 0.935000
vt 0.082980 0.935020
vt 0.083020 0.940110
vt 0.079230 0.939570
vt 0.082980 0.935020
vt 0.079300 0.947790
vt 0.079230 0.939570
vt 0.083020 0.940110
vt 0.083090 0.947810
vt 0.079300 0.947790
vt 0.083020 0.940110
vt 0.079340 0.951510
vt 0.079300 0.947790
vt 0.083090 0.947810
vt 0.083130 0.951520
vt 0.079340 0.951510
vt 0.083090 0.947810
vt 0.079380 0.955180
vt 0.079340 0.951510
vt 0.083130 0.951520
vt 0.079380 0.955180
vt 0.083130 0.951520
vt 0.083170 0.955210
vt 0.083170 0.955370
vt 0.079380 0.955180
vt 0.083170 0.955210
vt 0.079450 0.960110
vt 0.079380 0.955180
vt 0.083170 0.955370
vt 0.083260 0.962290
vt 0.079450 0.960110
vt 0.083170 0.955370
vt 0.079480 0.962270
vt 0.079450 0.960110
vt 0.083260 0.962290
vt 0.079540 0.966680
vt 0.079480 0.962270
vt 0.083260 0.962290
vt 0.083320 0.966680
vt 0.079540 0.966680
vt 0.083260 0.962290
vt 0.079580 0.969050
vt 0.079540 0.966680
vt 0.083320 0.966680
vt 0.083370 0.969500
vt 0.079580 0.969050
vt 0.083320 0.966680
vt 0.079670 0.974180
vt 0.079580 0.969050
vt 0.083370 0.969500
vt 0.083480 0.975930
vt 0.079670 0.974180
vt 0.083370 0.969500
vt 0.079690 0.975500
vt 0.079670 0.974180
vt 0.083480 0.975930
vt 0.395010 0.835520
vt 0.391230 0.834660
vt 0.395010 0.835110
vt 0.391220 0.839630
vt 0.391230 0.834660
vt 0.395010 0.835520
vt 0.395000 0.839660
vt 0.391220 0.839630
vt 0.395010 0.835520
vt 0.391220 0.841420
vt 0.391220 0.839630
vt 0.395000 0.839660
vt 0.395000 0.841460
vt 0.391220 0.841420
vt 0.395000 0.839660
vt 0.391210 0.848110
vt 0.391220 0.841420
vt 0.395000 0.841460
vt 0.394990 0.848160
vt 0.391210 0.848110
vt 0.395000 0.841460
vt 0.391210 0.854210
vt 0.391210 0.848110
vt 0.394990 0.848160
vt 0.394990 0.854250
vt 0.391210 0.854210
vt 0.394990 0.848160
vt 0.391210 0.855150
vt 0.391210 0.854210
vt 0.394990 0.854250
vt 0.394990 0.855200
vt 0.391210 0.855150
vt 0.394990 0.854250
vt 0.391210 0.862540
vt 0.391210 0.855150
vt 0.394990 0.855200
vt 0.394990 0.863070
vt 0.391210 0.862540
vt 0.394990 0.855200
vt 0.391210 0.867080
vt 0.391210 0.862540
vt 0.394990 0.863070
vt 0.394990 0.870290
vt 0.391210 0.867080
vt 0.394990 0.863070
vt 0.391210 0.870260
vt 0.391210 0.867080
vt 0.394990 0.870290
vt 0.382680 0.842790
vt 0.381210 0.841430
vt 0.382520 0.842610
vt 0.332090 0.940940
vt 0.324850 0.952020
vt 0.321840 0.949670
vt 0.335380 0.928930
vt 0.332090 0.940940
vt 0.321840 0.949670
vt 0.344120 0.922550
vt 0.332090 0.940940
vt 0.335380 0.928930
vt 0.353330 0.901450
vt 0.344120 0.922550
vt 0.335380 0.928930
vt 0.383220 0.852140
vt 0.386020 0.851690
vt 0.386010 0.851990
vt 0.385730 0.854130
vt 0.383220 0.852140
vt 0.386010 0.851990
vt 0.383220 0.852140
vt 0.385730 0.854130
vt 0.385140 0.856070
vt 0.384260 0.857880
vt 0.383220 0.852140
vt 0.385140 0.856070
vt 0.360480 0.889660
vt 0.383220 0.852140
vt 0.384260 0.857880
vt 0.359930 0.897850
vt 0.360480 0.889660
vt 0.384260 0.857880
vt 0.353330 0.901450
vt 0.360480 0.889660
vt 0.359930 0.897850
vt 0.355300 0.905460
vt 0.353330 0.901450
vt 0.359930 0.897850
vt 0.344120 0.922550
vt 0.353330 0.901450
vt 0.355300 0.905460
vt 0.383220 0.852140
vt 0.321640 0.804050
vt 0.325950 0.798280
vt 0.381210 0.841430
vt 0.383220 0.852140
vt 0.325950 0.798280
vt 0.385930 0.850040
vt 0.386020 0.851690
vt 0.383220 0.852140
vt 0.385560 0.848050
vt 0.385930 0.850040
vt 0.383220 0.852140
vt 0.385910 0.849680
vt 0.385930 0.850040
vt 0.385560 0.848050
vt 0.383220 0.852140
vt 0.381210 0.841430
vt 0.382680 0.842790
vt 0.383370 0.843590
vt 0.383220 0.852140
vt 0.382680 0.842790
vt 0.383900 0.844390
vt 0.383220 0.852140
vt 0.383370 0.843590
vt 0.385210 0.846880
vt 0.385480 0.847700
vt 0.385560 0.848050
vt 0.383220 0.852140
vt 0.385210 0.846880
vt 0.385560 0.848050
vt 0.384870 0.846150
vt 0.385210 0.846880
vt 0.383220 0.852140
vt 0.383900 0.844390
vt 0.384870 0.846150
vt 0.383220 0.852140
vt 0.384390 0.845140
vt 0.384870 0.846150
vt 0.383900 0.844390
vt 0.078280 0.947630
vt 0.078820 0.945670
vt 0.078760 0.946030
vt 0.078280 0.947630
vt 0.078230 0.947790
vt 0.077980 0.948390
vt 0.018380 0.994540
vt 0.078280 0.947630
vt 0.077980 0.948390
vt 0.078820 0.945670
vt 0.078280 0.947630
vt 0.018380 0.994540
vt 0.078960 0.944860
vt 0.078820 0.945670
vt 0.018380 0.994540
vt 0.078540 0.939600
vt 0.078650 0.939940
vt 0.078800 0.940580
vt 0.076190 0.941740
vt 0.078540 0.939600
vt 0.078800 0.940580
vt 0.018380 0.994540
vt 0.077980 0.948390
vt 0.077420 0.949460
vt 0.077160 0.949950
vt 0.018380 0.994540
vt 0.077420 0.949460
vt 0.076310 0.951150
vt 0.018380 0.994540
vt 0.077160 0.949950
vt 0.074950 0.952630
vt 0.023080 1.000000
vt 0.018380 0.994540
vt 0.076310 0.951150
vt 0.074950 0.952630
vt 0.018380 0.994540
vt 0.075680 0.951900
vt 0.074950 0.952630
vt 0.076310 0.951150
vt 0.076160 0.951350
vt 0.075680 0.951900
vt 0.076310 0.951150
vt 0.077820 0.937690
vt 0.077920 0.937870
vt 0.078540 0.939600
vt 0.076190 0.941740
vt 0.077820 0.937690
vt 0.078540 0.939600
vt 0.076820 0.935900
vt 0.077820 0.937690
vt 0.076190 0.941740
vt 0.053210 0.908930
vt 0.076820 0.935900
vt 0.076190 0.941740
vt 0.050340 0.898260
vt 0.076820 0.935900
vt 0.053210 0.908930
vt 0.047830 0.901260
vt 0.050340 0.898260
vt 0.053210 0.908930
vt 0.049510 0.897090
vt 0.050340 0.898260
vt 0.047830 0.901260
vt 0.030430 0.878000
vt 0.049510 0.897090
vt 0.047830 0.901260
vt 0.021260 0.859380
vt 0.049510 0.897090
vt 0.030430 0.878000
vt 0.026510 0.872760
vt 0.021260 0.859380
vt 0.030430 0.878000
vt 0.021100 0.859170
vt 0.021260 0.859380
vt 0.026510 0.872760
vt 0.018270 0.861750
vt 0.021100 0.859170
vt 0.026510 0.872760
vt 0.079030 0.943640
vt 0.079000 0.944600
vt 0.078960 0.944860
vt 0.018380 0.994540
vt 0.079030 0.943640
vt 0.078960 0.944860
vt 0.079060 0.942610
vt 0.079030 0.943640
vt 0.018380 0.994540
vt 0.076190 0.941740
vt 0.079060 0.942610
vt 0.018380 0.994540
vt 0.078930 0.941600
vt 0.079060 0.942610
vt 0.076190 0.941740
vt 0.078800 0.940580
vt 0.078930 0.941600
vt 0.076190 0.941740
vt 0.181770 0.765730
vt 0.177980 0.772380
vt 0.177980 0.765800
vt 0.177980 0.772380
vt 0.181770 0.765730
vt 0.181770 0.773600
vt 0.181760 0.775250
vt 0.177980 0.772380
vt 0.181770 0.773600
vt 0.177980 0.779900
vt 0.177980 0.772380
vt 0.181760 0.775250
vt 0.181760 0.781100
vt 0.177980 0.779900
vt 0.181760 0.775250
vt 0.177970 0.782320
vt 0.177980 0.779900
vt 0.181760 0.781100
vt 0.181760 0.782260
vt 0.177970 0.782320
vt 0.181760 0.781100
vt 0.177970 0.787090
vt 0.177970 0.782320
vt 0.181760 0.782260
vt 0.181750 0.788240
vt 0.177970 0.787090
vt 0.181760 0.782260
vt 0.177950 0.793950
vt 0.177970 0.787090
vt 0.181750 0.788240
vt 0.181730 0.794990
vt 0.177950 0.793950
vt 0.181750 0.788240
vt 0.086520 0.797760
vt 0.086530 0.794280
vt 0.090310 0.795390
vt 0.090300 0.797740
vt 0.086520 0.797760
vt 0.090310 0.795390
vt 0.086500 0.801160
vt 0.086520 0.797760
vt 0.090300 0.797740
vt 0.090280 0.802280
vt 0.086500 0.801160
vt 0.090300 0.797740
vt 0.086500 0.803600
vt 0.086500 0.801160
vt 0.090280 0.802280
vt 0.090280 0.804750
vt 0.086500 0.803600
vt 0.090280 0.802280
vt 0.090230 0.819900
vt 0.086440 0.826450
vt 0.086450 0.818530
vt 0.086470 0.813880
vt 0.090230 0.819900
vt 0.086450 0.818530
vt 0.090250 0.813420
vt 0.090230 0.819900
vt 0.086470 0.813880
vt 0.086470 0.813450
vt 0.090250 0.813420
vt 0.086470 0.813880
vt 0.090250 0.812190
vt 0.090250 0.813420
vt 0.086470 0.813450
vt 0.086470 0.810910
vt 0.090250 0.812190
vt 0.086470 0.813450
vt 0.090280 0.804750
vt 0.090250 0.812190
vt 0.086470 0.810910
vt 0.086490 0.804570
vt 0.090280 0.804750
vt 0.086470 0.810910
vt 0.086500 0.803600
vt 0.090280 0.804750
vt 0.086490 0.804570
vt 0.086440 0.826450
vt 0.090230 0.819900
vt 0.090220 0.827870
vt 0.090220 0.828200
vt 0.086440 0.826450
vt 0.090220 0.827870
vt 0.086430 0.830630
vt 0.086440 0.826450
vt 0.090220 0.828200
vt 0.086430 0.830630
vt 0.090220 0.828200
vt 0.090210 0.830620
vt 0.090210 0.834800
vt 0.086430 0.830630
vt 0.090210 0.830620
vt 0.086420 0.834670
vt 0.086430 0.830630
vt 0.090210 0.834800
vt 0.090210 0.836090
vt 0.086420 0.834670
vt 0.090210 0.834800
vt 0.086410 0.843180
vt 0.086420 0.834670
vt 0.090210 0.836090
vt 0.090190 0.844540
vt 0.086410 0.843180
vt 0.090210 0.836090
vt 0.086410 0.846130
vt 0.086410 0.843180
vt 0.090190 0.844540
vt 0.090190 0.847510
vt 0.086410 0.846130
vt 0.090190 0.844540
vt 0.086410 0.848970
vt 0.086410 0.846130
vt 0.090190 0.847510
vt 0.090190 0.848950
vt 0.086410 0.848970
vt 0.090190 0.847510
vt 0.086400 0.854800
vt 0.086410 0.848970
vt 0.090190 0.848950
vt 0.090190 0.856300
vt 0.086400 0.854800
vt 0.090190 0.848950
vt 0.086400 0.863610
vt 0.086400 0.854800
vt 0.090190 0.856300
vt 0.090180 0.865180
vt 0.086400 0.863610
vt 0.090190 0.856300
vt 0.086400 0.867420
vt 0.086400 0.863610
vt 0.090180 0.865180
vt 0.090180 0.868110
vt 0.086400 0.867420
vt 0.090180 0.865180
vt 0.086400 0.868130
vt 0.086400 0.867420
vt 0.090180 0.868110
vt 0.086400 0.872540
vt 0.086400 0.868130
vt 0.090180 0.868110
vt 0.090180 0.874130
vt 0.086400 0.872540
vt 0.090180 0.868110
vt 0.086400 0.881590
vt 0.086400 0.872540
vt 0.090180 0.874130
vt 0.090180 0.883140
vt 0.086400 0.881590
vt 0.090180 0.874130
vt 0.086400 0.887740
vt 0.086400 0.881590
vt 0.090180 0.883140
vt 0.086400 0.887740
vt 0.090180 0.883140
vt 0.090190 0.887730
vt 0.090190 0.890700
vt 0.086400 0.887740
vt 0.090190 0.887730
vt 0.086400 0.890750
vt 0.086400 0.887740
vt 0.090190 0.890700
vt 0.090190 0.892210
vt 0.086400 0.890750
vt 0.090190 0.890700
vt 0.086410 0.893880
vt 0.086400 0.890750
vt 0.090190 0.892210
vt 0.090190 0.895340
vt 0.086410 0.893880
vt 0.090190 0.892210
vt 0.086420 0.902940
vt 0.086410 0.893880
vt 0.090190 0.895340
vt 0.090200 0.904500
vt 0.086420 0.902940
vt 0.090190 0.895340
vt 0.086420 0.907450
vt 0.086420 0.902940
vt 0.090200 0.904500
vt 0.090210 0.907430
vt 0.086420 0.907450
vt 0.090200 0.904500
vt 0.086430 0.911950
vt 0.086420 0.907450
vt 0.090210 0.907430
vt 0.090210 0.913540
vt 0.086430 0.911950
vt 0.090210 0.907430
vt 0.086440 0.917220
vt 0.086430 0.911950
vt 0.090210 0.913540
vt 0.090230 0.922460
vt 0.086440 0.917220
vt 0.090210 0.913540
vt 0.086440 0.920890
vt 0.086440 0.917220
vt 0.090230 0.922460
vt 0.086450 0.926870
vt 0.086440 0.920890
vt 0.090230 0.922460
vt 0.090240 0.926860
vt 0.086450 0.926870
vt 0.090230 0.922460
vt 0.086460 0.929750
vt 0.086450 0.926870
vt 0.090240 0.926860
vt 0.090250 0.931250
vt 0.086460 0.929750
vt 0.090240 0.926860
vt 0.086480 0.938530
vt 0.086460 0.929750
vt 0.090250 0.931250
vt 0.090270 0.939910
vt 0.086480 0.938530
vt 0.090250 0.931250
vt 0.086490 0.941490
vt 0.086480 0.938530
vt 0.090270 0.939910
vt 0.090280 0.942850
vt 0.086490 0.941490
vt 0.090270 0.939910
vt 0.086500 0.945650
vt 0.086490 0.941490
vt 0.090280 0.942850
vt 0.090280 0.945640
vt 0.086500 0.945650
vt 0.090280 0.942850
vt 0.086510 0.949910
vt 0.086500 0.945650
vt 0.090280 0.945640
vt 0.090300 0.951340
vt 0.086510 0.949910
vt 0.090280 0.945640
vt 0.086540 0.958100
vt 0.086510 0.949910
vt 0.090300 0.951340
vt 0.090330 0.959520
vt 0.086540 0.958100
vt 0.090300 0.951340
vt 0.086560 0.963440
vt 0.086540 0.958100
vt 0.090330 0.959520
vt 0.090340 0.963420
vt 0.086560 0.963440
vt 0.090330 0.959520
vt 0.086560 0.964060
vt 0.086560 0.963440
vt 0.090340 0.963420
vt 0.090360 0.967410
vt 0.086560 0.964060
vt 0.090340 0.963420
vt 0.086570 0.966040
vt 0.086560 0.964060
vt 0.090360 0.967410
vt 0.086600 0.973710
vt 0.086570 0.966040
vt 0.090360 0.967410
vt 0.090390 0.974990
vt 0.086600 0.973710
vt 0.090360 0.967410
vt 0.086630 0.979900
vt 0.086600 0.973710
vt 0.090390 0.974990
vt 0.090410 0.979880
vt 0.086630 0.979900
vt 0.090390 0.974990
vt 0.086630 0.981120
vt 0.086630 0.979900
vt 0.090410 0.979880
vt 0.090420 0.982260
vt 0.086630 0.981120
vt 0.090410 0.979880
vt 0.086650 0.983570
vt 0.086630 0.981120
vt 0.090420 0.982260
vt 0.086650 0.983570
vt 0.090420 0.982260
vt 0.090440 0.984690
vt 0.090470 0.991420
vt 0.086650 0.983570
vt 0.090440 0.984690
vt 0.086680 0.990410
vt 0.086650 0.983570
vt 0.090470 0.991420
vt 0.090470 0.991540
vt 0.086680 0.990410
vt 0.090470 0.991420
vt 0.086710 0.994710
vt 0.086680 0.990410
vt 0.090470 0.991540
vt 0.086710 0.994710
vt 0.090470 0.991540
vt 0.090490 0.994690
vt 0.090500 0.996530
vt 0.086710 0.994710
vt 0.090490 0.994690
vt 0.086720 0.996860
vt 0.086710 0.994710
vt 0.090500 0.996530
vt 0.090510 0.997950
vt 0.086720 0.996860
vt 0.090500 0.996530
vt 0.387420 0.840870
vt 0.387410 0.834660
vt 0.391190 0.835810
vt 0.391200 0.842090
vt 0.387420 0.840870
vt 0.391190 0.835810
vt 0.387420 0.846060
vt 0.387420 0.840870
vt 0.391200 0.842090
vt 0.391200 0.846540
vt 0.387420 0.846060
vt 0.391200 0.842090
vt 0.387420 0.846450
vt 0.387420 0.846060
vt 0.391200 0.846540
vt 0.387420 0.847510
vt 0.387420 0.846450
vt 0.391200 0.846540
vt 0.391210 0.848760
vt 0.387420 0.847510
vt 0.391200 0.846540
vt 0.387420 0.854580
vt 0.387420 0.847510
vt 0.391210 0.848760
vt 0.391210 0.855810
vt 0.387420 0.854580
vt 0.391210 0.848760
vt 0.387420 0.854820
vt 0.387420 0.854580
vt 0.391210 0.855810
vt 0.387420 0.857080
vt 0.387420 0.854820
vt 0.391210 0.855810
vt 0.391200 0.858330
vt 0.387420 0.857080
vt 0.391210 0.855810
vt 0.387420 0.862000
vt 0.387420 0.857080
vt 0.391200 0.858330
vt 0.391200 0.862080
vt 0.387420 0.862000
vt 0.391200 0.858330
vt 0.387420 0.864540
vt 0.387420 0.862000
vt 0.391200 0.862080
vt 0.391200 0.865910
vt 0.387420 0.864540
vt 0.391200 0.862080
vt 0.387410 0.872300
vt 0.387420 0.864540
vt 0.391200 0.865910
vt 0.391190 0.873750
vt 0.387410 0.872300
vt 0.391200 0.865910
vt 0.387390 0.879040
vt 0.387410 0.872300
vt 0.391190 0.873750
vt 0.391180 0.879120
vt 0.387390 0.879040
vt 0.391190 0.873750
vt 0.387390 0.880340
vt 0.387390 0.879040
vt 0.391180 0.879120
vt 0.391150 0.890170
vt 0.391130 0.897340
vt 0.387350 0.897270
vt 0.387370 0.888670
vt 0.391150 0.890170
vt 0.387350 0.897270
vt 0.391160 0.886900
vt 0.391150 0.890170
vt 0.387370 0.888670
vt 0.387390 0.880340
vt 0.391160 0.886900
vt 0.387370 0.888670
vt 0.391170 0.881840
vt 0.391160 0.886900
vt 0.387390 0.880340
vt 0.391180 0.879120
vt 0.391170 0.881840
vt 0.387390 0.880340
vt 0.916080 0.494840
vt 0.915920 0.495090
vt 0.912930 0.492700
vt 0.921620 0.479710
vt 0.916080 0.494840
vt 0.912930 0.492700
vt 0.945890 0.450330
vt 0.916080 0.494840
vt 0.921620 0.479710
vt 0.925760 0.473530
vt 0.945890 0.450330
vt 0.921620 0.479710
vt 0.946760 0.448960
vt 0.945890 0.450330
vt 0.925760 0.473530
vt 0.974160 0.388420
vt 0.972720 0.387020
vt 0.973970 0.388190
vt 0.974030 0.398570
vt 0.972720 0.387020
vt 0.974160 0.388420
vt 0.917980 0.343170
vt 0.972720 0.387020
vt 0.974030 0.398570
vt 0.913030 0.349700
vt 0.917980 0.343170
vt 0.974030 0.398570
vt 0.977040 0.396130
vt 0.977010 0.397950
vt 0.974030 0.398570
vt 0.976790 0.393980
vt 0.977040 0.396130
vt 0.974030 0.398570
vt 0.977040 0.395750
vt 0.977040 0.396130
vt 0.976790 0.393980
vt 0.974030 0.398570
vt 0.974160 0.388420
vt 0.974800 0.389220
vt 0.975320 0.390090
vt 0.974030 0.398570
vt 0.974800 0.389220
vt 0.975750 0.390800
vt 0.974030 0.398570
vt 0.975320 0.390090
vt 0.976520 0.400550
vt 0.976490 0.400690
vt 0.975760 0.402720
vt 0.974030 0.398570
vt 0.976520 0.400550
vt 0.975760 0.402720
vt 0.976970 0.398280
vt 0.976520 0.400550
vt 0.974030 0.398570
vt 0.977010 0.397950
vt 0.976970 0.398280
vt 0.974030 0.398570
vt 0.946760 0.448960
vt 0.925760 0.473530
vt 0.944120 0.446070
vt 0.949780 0.437070
vt 0.946760 0.448960
vt 0.944120 0.446070
vt 0.974690 0.404770
vt 0.946760 0.448960
vt 0.949780 0.437070
vt 0.974030 0.398570
vt 0.974690 0.404770
vt 0.949780 0.437070
vt 0.975750 0.402750
vt 0.974690 0.404770
vt 0.974030 0.398570
vt 0.975760 0.402720
vt 0.975750 0.402750
vt 0.974030 0.398570
vt 0.976460 0.392570
vt 0.976740 0.393600
vt 0.976790 0.393980
vt 0.974030 0.398570
vt 0.976460 0.392570
vt 0.976790 0.393980
vt 0.976210 0.391950
vt 0.976460 0.392570
vt 0.974030 0.398570
vt 0.975750 0.390800
vt 0.976210 0.391950
vt 0.974030 0.398570
vt 0.241340 0.914520
vt 0.242050 0.912570
vt 0.241960 0.912930
vt 0.179740 0.798160
vt 0.190540 0.823330
vt 0.176640 0.800400
vt 0.241340 0.914520
vt 0.241270 0.914710
vt 0.241060 0.915130
vt 0.176370 0.953810
vt 0.241340 0.914520
vt 0.241060 0.915130
vt 0.242050 0.912570
vt 0.241340 0.914520
vt 0.176370 0.953810
vt 0.242220 0.911890
vt 0.242050 0.912570
vt 0.176370 0.953810
vt 0.176370 0.953810
vt 0.241060 0.915130
vt 0.240330 0.916300
vt 0.240090 0.916680
vt 0.176370 0.953810
vt 0.240330 0.916300
vt 0.239070 0.917870
vt 0.176370 0.953810
vt 0.240090 0.916680
vt 0.237560 0.919190
vt 0.180800 0.960230
vt 0.176370 0.953810
vt 0.239070 0.917870
vt 0.237560 0.919190
vt 0.176370 0.953810
vt 0.238490 0.918450
vt 0.237560 0.919190
vt 0.239070 0.917870
vt 0.238940 0.918020
vt 0.238490 0.918450
vt 0.239070 0.917870
vt 0.216290 0.866710
vt 0.208970 0.853720
vt 0.215740 0.858040
vt 0.240700 0.902100
vt 0.216290 0.866710
vt 0.215740 0.858040
vt 0.239630 0.908070
vt 0.216290 0.866710
vt 0.240700 0.902100
vt 0.239630 0.908070
vt 0.240700 0.902100
vt 0.241600 0.904110
vt 0.241670 0.904260
vt 0.239630 0.908070
vt 0.241600 0.904110
vt 0.242200 0.906220
vt 0.239630 0.908070
vt 0.241670 0.904260
vt 0.242410 0.910500
vt 0.242370 0.911050
vt 0.242220 0.911890
vt 0.176370 0.953810
vt 0.242410 0.910500
vt 0.242220 0.911890
vt 0.242510 0.908980
vt 0.242410 0.910500
vt 0.176370 0.953810
vt 0.239630 0.908070
vt 0.242510 0.908980
vt 0.176370 0.953810
vt 0.242460 0.908360
vt 0.242510 0.908980
vt 0.239630 0.908070
vt 0.242200 0.906220
vt 0.242460 0.908360
vt 0.239630 0.908070
vt 0.242330 0.906820
vt 0.242460 0.908360
vt 0.242200 0.906220
vt 0.242270 0.906470
vt 0.242330 0.906820
vt 0.242200 0.906220
vt 0.190540 0.823330
vt 0.179740 0.798160
vt 0.187170 0.810410
vt 0.199510 0.830750
vt 0.190540 0.823330
vt 0.187170 0.810410
vt 0.208970 0.853720
vt 0.190540 0.823330
vt 0.199510 0.830750
vt 0.210990 0.849660
vt 0.208970 0.853720
vt 0.199510 0.830750
vt 0.215740 0.858040
vt 0.208970 0.853720
vt 0.210990 0.849660
vt 0.778890 0.590190
vt 0.781440 0.583050
vt 0.781440 0.590180
vt 0.773530 0.605190
vt 0.778890 0.590190
vt 0.781440 0.590180
vt 0.827390 0.980090
vt 0.811440 0.977550
vt 0.795990 0.933960
vt 0.811060 0.934000
vt 0.827390 0.980090
vt 0.795990 0.933960
vt 0.805930 0.919530
vt 0.811060 0.934000
vt 0.795990 0.933960
vt 0.792380 0.923770
vt 0.805930 0.919530
vt 0.795990 0.933960
vt 0.781120 0.892040
vt 0.805930 0.919530
vt 0.792380 0.923770
vt 0.793660 0.884940
vt 0.781140 0.884910
vt 0.781180 0.857470
vt 0.784410 0.858840
vt 0.793660 0.884940
vt 0.781180 0.857470
vt 0.735630 0.824930
vt 0.733960 0.835670
vt 0.733980 0.822950
vt 0.733960 0.835670
vt 0.735630 0.824930
vt 0.739450 0.828950
vt 0.741500 0.831110
vt 0.733960 0.835670
vt 0.739450 0.828950
vt 0.746520 0.835720
vt 0.733960 0.835670
vt 0.741500 0.831110
vt 0.705600 0.806560
vt 0.716270 0.796170
vt 0.718020 0.799440
vt 0.707090 0.809290
vt 0.705600 0.806560
vt 0.718020 0.799440
vt 0.720350 0.803780
vt 0.707090 0.809290
vt 0.718020 0.799440
vt 0.711780 0.817090
vt 0.707090 0.809290
vt 0.720350 0.803780
vt 0.725190 0.811510
vt 0.711780 0.817090
vt 0.720350 0.803780
vt 0.714300 0.820740
vt 0.711780 0.817090
vt 0.725190 0.811510
vt 0.727710 0.814980
vt 0.714300 0.820740
vt 0.725190 0.811510
vt 0.716900 0.824520
vt 0.714300 0.820740
vt 0.727710 0.814980
vt 0.730190 0.818400
vt 0.716900 0.824520
vt 0.727710 0.814980
vt 0.722450 0.831570
vt 0.716900 0.824520
vt 0.730190 0.818400
vt 0.733980 0.822950
vt 0.722450 0.831570
vt 0.730190 0.818400
vt 0.726090 0.835640
vt 0.722450 0.831570
vt 0.733980 0.822950
vt 0.733960 0.835670
vt 0.726090 0.835640
vt 0.733980 0.822950
vt 0.726430 0.836020
vt 0.726090 0.835640
vt 0.733960 0.835670
vt 0.716270 0.796170
vt 0.705600 0.806560
vt 0.704300 0.803910
vt 0.701620 0.798460
vt 0.716270 0.796170
vt 0.704300 0.803910
vt 0.712720 0.788340
vt 0.716270 0.796170
vt 0.701620 0.798460
vt 0.698140 0.790140
vt 0.712720 0.788340
vt 0.701620 0.798460
vt 0.712040 0.786540
vt 0.712720 0.788340
vt 0.698140 0.790140
vt 0.696880 0.786500
vt 0.712040 0.786540
vt 0.698140 0.790140
vt 0.710570 0.782650
vt 0.712040 0.786540
vt 0.696880 0.786500
vt 0.696640 0.785820
vt 0.710570 0.782650
vt 0.696880 0.786500
vt 0.709690 0.780330
vt 0.710570 0.782650
vt 0.696640 0.785820
vt 0.695180 0.781600
vt 0.709690 0.780330
vt 0.696640 0.785820
vt 0.707200 0.772140
vt 0.709690 0.780330
vt 0.695180 0.781600
vt 0.692740 0.772850
vt 0.707200 0.772140
vt 0.695180 0.781600
vt 0.705520 0.764950
vt 0.707200 0.772140
vt 0.692740 0.772850
vt 0.691460 0.766840
vt 0.705520 0.764950
vt 0.692740 0.772850
vt 0.705120 0.763190
vt 0.705520 0.764950
vt 0.691460 0.766840
vt 0.690830 0.763890
vt 0.705120 0.763190
vt 0.691460 0.766840
vt 0.703720 0.754620
vt 0.705120 0.763190
vt 0.690830 0.763890
vt 0.703720 0.754620
vt 0.690830 0.763890
vt 0.690310 0.760810
vt 0.689160 0.751820
vt 0.703720 0.754620
vt 0.690310 0.760810
vt 0.702960 0.746690
vt 0.703720 0.754620
vt 0.689160 0.751820
vt 0.688860 0.747300
vt 0.702960 0.746690
vt 0.689160 0.751820
vt 0.702900 0.746030
vt 0.702960 0.746690
vt 0.688860 0.747300
vt 0.688560 0.742780
vt 0.702900 0.746030
vt 0.688860 0.747300
vt 0.702630 0.737460
vt 0.702900 0.746030
vt 0.688560 0.742780
vt 0.688540 0.737440
vt 0.702630 0.737460
vt 0.688560 0.742780
vt 0.688520 0.733720
vt 0.702630 0.737460
vt 0.688540 0.737440
vt 0.702920 0.728860
vt 0.702630 0.737460
vt 0.688520 0.733720
vt 0.688870 0.727580
vt 0.702920 0.728860
vt 0.688520 0.733720
vt 0.702980 0.728230
vt 0.702920 0.728860
vt 0.688870 0.727580
vt 0.689040 0.724630
vt 0.702980 0.728230
vt 0.688870 0.727580
vt 0.703840 0.719720
vt 0.702980 0.728230
vt 0.689040 0.724630
vt 0.703840 0.719720
vt 0.689040 0.724630
vt 0.690130 0.715530
vt 0.690630 0.712440
vt 0.703840 0.719720
vt 0.690130 0.715530
vt 0.705280 0.711160
vt 0.703840 0.719720
vt 0.690630 0.712440
vt 0.691530 0.708060
vt 0.705280 0.711160
vt 0.690630 0.712440
vt 0.705570 0.709970
vt 0.705280 0.711160
vt 0.691530 0.708060
vt 0.692440 0.703570
vt 0.705570 0.709970
vt 0.691530 0.708060
vt 0.707270 0.702780
vt 0.705570 0.709970
vt 0.692440 0.703570
vt 0.694800 0.694840
vt 0.707270 0.702780
vt 0.692440 0.703570
vt 0.709790 0.694580
vt 0.707270 0.702780
vt 0.694800 0.694840
vt 0.696740 0.689080
vt 0.709790 0.694580
vt 0.694800 0.694840
vt 0.710660 0.692280
vt 0.709790 0.694580
vt 0.696740 0.689080
vt 0.696960 0.688410
vt 0.710660 0.692280
vt 0.696740 0.689080
vt 0.712140 0.688400
vt 0.710660 0.692280
vt 0.696960 0.688410
vt 0.697680 0.686270
vt 0.712140 0.688400
vt 0.696960 0.688410
vt 0.712830 0.686580
vt 0.712140 0.688400
vt 0.697680 0.686270
vt 0.701100 0.677870
vt 0.712830 0.686580
vt 0.697680 0.686270
vt 0.716640 0.678270
vt 0.712830 0.686580
vt 0.701100 0.677870
vt 0.704410 0.671000
vt 0.716640 0.678270
vt 0.701100 0.677870
vt 0.718140 0.675510
vt 0.716640 0.678270
vt 0.704410 0.671000
vt 0.705060 0.669660
vt 0.718140 0.675510
vt 0.704410 0.671000
vt 0.720770 0.670680
vt 0.718140 0.675510
vt 0.705060 0.669660
vt 0.742100 0.643500
vt 0.734160 0.639310
vt 0.746730 0.639290
vt 0.734160 0.639310
vt 0.742100 0.643500
vt 0.739640 0.646060
vt 0.735820 0.650050
vt 0.734160 0.639310
vt 0.739640 0.646060
vt 0.734150 0.652040
vt 0.734160 0.639310
vt 0.735820 0.650050
vt 0.781430 0.617610
vt 0.793970 0.590180
vt 0.784660 0.616260
vt 0.811470 0.541140
vt 0.796390 0.541160
vt 0.811930 0.497590
vt 0.827890 0.495090
vt 0.811470 0.541140
vt 0.811930 0.497590
vt 0.720770 0.670680
vt 0.705060 0.669660
vt 0.706530 0.666910
vt 0.711110 0.659150
vt 0.720770 0.670680
vt 0.706530 0.666910
vt 0.725350 0.663440
vt 0.720770 0.670680
vt 0.711110 0.659150
vt 0.714460 0.654200
vt 0.725350 0.663440
vt 0.711110 0.659150
vt 0.727870 0.660000
vt 0.725350 0.663440
vt 0.714460 0.654200
vt 0.716140 0.651710
vt 0.727870 0.660000
vt 0.714460 0.654200
vt 0.730370 0.656560
vt 0.727870 0.660000
vt 0.716140 0.651710
vt 0.721630 0.644610
vt 0.730370 0.656560
vt 0.716140 0.651710
vt 0.734150 0.652040
vt 0.730370 0.656560
vt 0.721630 0.644610
vt 0.726270 0.639330
vt 0.734150 0.652040
vt 0.721630 0.644610
vt 0.734160 0.639310
vt 0.734150 0.652040
vt 0.726270 0.639330
vt 0.726620 0.638930
vt 0.734160 0.639310
vt 0.726270 0.639330
vt 0.792760 0.551340
vt 0.796390 0.541160
vt 0.811470 0.541140
vt 0.806310 0.555610
vt 0.792760 0.551340
vt 0.811470 0.541140
vt 0.781440 0.583050
vt 0.792760 0.551340
vt 0.806310 0.555610
vt 0.793970 0.590180
vt 0.781440 0.583050
vt 0.806310 0.555610
vt 0.781440 0.590180
vt 0.781440 0.583050
vt 0.793970 0.590180
vt 0.781430 0.617610
vt 0.781440 0.590180
vt 0.793970 0.590180
vt 0.773530 0.605190
vt 0.781440 0.590180
vt 0.781430 0.617610
vt 0.777330 0.619340
vt 0.773530 0.605190
vt 0.781430 0.617610
vt 0.765440 0.609070
vt 0.773530 0.605190
vt 0.777330 0.619340
vt 0.769290 0.623380
vt 0.765440 0.609070
vt 0.777330 0.619340
vt 0.757660 0.613430
vt 0.765440 0.609070
vt 0.769290 0.623380
vt 0.768320 0.623960
vt 0.757660 0.613430
vt 0.769290 0.623380
vt 0.756450 0.614220
vt 0.757660 0.613430
vt 0.768320 0.623960
vt 0.762050 0.627680
vt 0.756450 0.614220
vt 0.768320 0.623960
vt 0.750190 0.618270
vt 0.756450 0.614220
vt 0.762050 0.627680
vt 0.755100 0.632470
vt 0.750190 0.618270
vt 0.762050 0.627680
vt 0.743040 0.623580
vt 0.750190 0.618270
vt 0.755100 0.632470
vt 0.753210 0.633960
vt 0.743040 0.623580
vt 0.755100 0.632470
vt 0.740720 0.625540
vt 0.743040 0.623580
vt 0.753210 0.633960
vt 0.748440 0.637740
vt 0.740720 0.625540
vt 0.753210 0.633960
vt 0.736220 0.629350
vt 0.740720 0.625540
vt 0.748440 0.637740
vt 0.746730 0.639290
vt 0.736220 0.629350
vt 0.748440 0.637740
vt 0.734160 0.631240
vt 0.736220 0.629350
vt 0.746730 0.639290
vt 0.734160 0.639310
vt 0.734160 0.631240
vt 0.746730 0.639290
vt 0.733950 0.631440
vt 0.734160 0.631240
vt 0.734160 0.639310
vt 0.726620 0.638930
vt 0.733950 0.631440
vt 0.734160 0.639310
vt 0.727560 0.637850
vt 0.733950 0.631440
vt 0.726620 0.638930
vt 0.733950 0.843700
vt 0.728410 0.838250
vt 0.726430 0.836020
vt 0.733960 0.835670
vt 0.733950 0.843700
vt 0.726430 0.836020
vt 0.734790 0.844530
vt 0.733950 0.843700
vt 0.733960 0.835670
vt 0.746520 0.835720
vt 0.734790 0.844530
vt 0.733960 0.835670
vt 0.737070 0.846600
vt 0.734790 0.844530
vt 0.746520 0.835720
vt 0.747810 0.836910
vt 0.737070 0.846600
vt 0.746520 0.835720
vt 0.740500 0.849450
vt 0.737070 0.846600
vt 0.747810 0.836910
vt 0.753000 0.841060
vt 0.740500 0.849450
vt 0.747810 0.836910
vt 0.744000 0.852360
vt 0.740500 0.849450
vt 0.753000 0.841060
vt 0.754880 0.842560
vt 0.744000 0.852360
vt 0.753000 0.841060
vt 0.751220 0.857620
vt 0.744000 0.852360
vt 0.754880 0.842560
vt 0.761810 0.847360
vt 0.751220 0.857620
vt 0.754880 0.842560
vt 0.756210 0.860800
vt 0.751220 0.857620
vt 0.761810 0.847360
vt 0.768090 0.851100
vt 0.756210 0.860800
vt 0.761810 0.847360
vt 0.758730 0.862400
vt 0.756210 0.860800
vt 0.768090 0.851100
vt 0.769050 0.851680
vt 0.758730 0.862400
vt 0.768090 0.851100
vt 0.766510 0.866670
vt 0.758730 0.862400
vt 0.769050 0.851680
vt 0.776580 0.855510
vt 0.766510 0.866670
vt 0.769050 0.851680
vt 0.773260 0.869880
vt 0.766510 0.866670
vt 0.776580 0.855510
vt 0.781180 0.857470
vt 0.773260 0.869880
vt 0.776580 0.855510
vt 0.778590 0.884890
vt 0.773260 0.869880
vt 0.781180 0.857470
vt 0.781140 0.884910
vt 0.778590 0.884890
vt 0.781180 0.857470
vt 0.781120 0.892040
vt 0.778590 0.884890
vt 0.781140 0.884910
vt 0.793660 0.884940
vt 0.781120 0.892040
vt 0.781140 0.884910
vt 0.805930 0.919530
vt 0.781120 0.892040
vt 0.793660 0.884940
vt 0.185760 0.502650
vt 0.185520 0.582070
vt 0.169390 0.582030
vt 0.169630 0.502600
vt 0.185760 0.502650
vt 0.169390 0.582030
vt 0.170060 0.661510
vt 0.169820 0.582090
vt 0.185520 0.582070
vt 0.185760 0.661490
vt 0.170060 0.661510
vt 0.185520 0.582070
vt 0.071430 0.073310
vt 0.081850 0.063680
vt 0.245960 0.248840
vt 0.062040 0.084010
vt 0.071430 0.073310
vt 0.245960 0.248840
vt 0.054270 0.092870
vt 0.062040 0.084010
vt 0.245960 0.248840
vt 0.371150 0.650410
vt 0.321940 0.502600
vt 0.371300 0.502650
vt 0.321940 0.502600
vt 0.371150 0.650410
vt 0.321790 0.650350
vt 0.408870 0.650450
vt 0.371300 0.502650
vt 0.409020 0.502690
vt 0.371300 0.502650
vt 0.408870 0.650450
vt 0.371150 0.650410
vt 0.912880 0.371910
vt 0.912920 0.394550
vt 0.838790 0.394970
vt 0.838690 0.349170
vt 0.912820 0.349000
vt 0.912880 0.371910
vt 0.838610 0.326330
vt 0.912820 0.349000
vt 0.838690 0.349170
vt 0.912880 0.371910
vt 0.838790 0.394970
vt 0.838750 0.372160
vt 0.912880 0.371910
vt 0.838750 0.372160
vt 0.838690 0.349170
vt 0.409020 0.502690
vt 0.433510 0.504660
vt 0.441550 0.514450
vt 0.409020 0.502690
vt 0.441550 0.514450
vt 0.447910 0.522200
vt 0.447910 0.522200
vt 0.460100 0.540810
vt 0.409020 0.502690
vt 0.408870 0.650450
vt 0.460100 0.540810
vt 0.459710 0.650500
vt 0.409020 0.502690
vt 0.460100 0.540810
vt 0.408870 0.650450
vt 0.479000 0.582870
vt 0.484930 0.604980
vt 0.459710 0.650500
vt 0.459710 0.650500
vt 0.484930 0.604980
vt 0.488440 0.627570
vt 0.489650 0.650550
vt 0.459710 0.650500
vt 0.488440 0.627570
vt 0.489650 0.650550
vt 0.488430 0.673630
vt 0.459710 0.650500
vt 0.470600 0.739490
vt 0.459880 0.760190
vt 0.459710 0.650500
vt 0.478860 0.718180
vt 0.470600 0.739490
vt 0.459710 0.650500
vt 0.484840 0.696070
vt 0.478860 0.718180
vt 0.459710 0.650500
vt 0.488430 0.673630
vt 0.484840 0.696070
vt 0.459710 0.650500
vt 0.408870 0.650450
vt 0.433210 0.796290
vt 0.408720 0.798200
vt 0.447640 0.778780
vt 0.433210 0.796290
vt 0.408870 0.650450
vt 0.459880 0.760190
vt 0.447640 0.778780
vt 0.408870 0.650450
vt 0.459710 0.650500
vt 0.459880 0.760190
vt 0.408870 0.650450
vt 0.371150 0.650410
vt 0.408720 0.798200
vt 0.371000 0.798160
vt 0.408720 0.798200
vt 0.371150 0.650410
vt 0.408870 0.650450
vt 0.371000 0.798160
vt 0.321790 0.650350
vt 0.371150 0.650410
vt 0.321790 0.650350
vt 0.371000 0.798160
vt 0.321640 0.798100
vt 0.242210 0.798160
vt 0.186090 0.696720
vt 0.211740 0.696740
vt 0.186090 0.696720
vt 0.242210 0.798160
vt 0.185990 0.798100
vt 0.242510 0.502660
vt 0.186190 0.603990
vt 0.186290 0.502600
vt 0.186190 0.603990
vt 0.242510 0.502660
vt 0.211840 0.604020
vt 0.926510 0.948470
vt 0.916490 0.970620
vt 0.906520 0.948450
vt 0.926510 0.948470
vt 0.926480 0.970630
vt 0.916490 0.970620
vt 0.906520 0.948450
vt 0.916490 0.970620
vt 0.906490 0.970610
vt 0.906630 0.972290
vt 0.906490 0.970610
vt 0.916490 0.970620
vt 0.907030 0.973940
vt 0.906630 0.972290
vt 0.916490 0.970620
vt 0.907690 0.975490
vt 0.907030 0.973940
vt 0.916490 0.970620
vt 0.909710 0.978160
vt 0.908590 0.976910
vt 0.916490 0.970620
vt 0.911010 0.979200
vt 0.909710 0.978160
vt 0.916490 0.970620
vt 0.908590 0.976910
vt 0.907690 0.975490
vt 0.916490 0.970620
vt 0.912460 0.980010
vt 0.911010 0.979200
vt 0.916490 0.970620
vt 0.914020 0.980560
vt 0.912460 0.980010
vt 0.916490 0.970620
vt 0.915650 0.980840
vt 0.914020 0.980560
vt 0.916490 0.970620
vt 0.917300 0.980840
vt 0.915650 0.980840
vt 0.916490 0.970620
vt 0.918930 0.980570
vt 0.917300 0.980840
vt 0.916490 0.970620
vt 0.920490 0.980020
vt 0.918930 0.980570
vt 0.916490 0.970620
vt 0.921950 0.979210
vt 0.920490 0.980020
vt 0.916490 0.970620
vt 0.923250 0.978170
vt 0.921950 0.979210
vt 0.916490 0.970620
vt 0.924370 0.976930
vt 0.923250 0.978170
vt 0.916490 0.970620
vt 0.925270 0.975510
vt 0.924370 0.976930
vt 0.916490 0.970620
vt 0.925940 0.973960
vt 0.925270 0.975510
vt 0.916490 0.970620
vt 0.926350 0.972320
vt 0.925940 0.973960
vt 0.916490 0.970620
vt 0.916490 0.970620
vt 0.926480 0.970630
vt 0.926350 0.972320
vt 0.955390 0.604860
vt 0.939650 0.605410
vt 0.955370 0.587370
vt 0.955370 0.587370
vt 0.939650 0.605410
vt 0.955160 0.584700
vt 0.955160 0.584700
vt 0.939650 0.605410
vt 0.954510 0.582100
vt 0.954510 0.582100
vt 0.939650 0.605410
vt 0.953460 0.579640
vt 0.953460 0.579640
vt 0.939650 0.605410
vt 0.952020 0.577390
vt 0.952020 0.577390
vt 0.939650 0.605410
vt 0.950250 0.575420
vt 0.950250 0.575420
vt 0.939650 0.605410
vt 0.948180 0.573770
vt 0.948180 0.573770
vt 0.939650 0.605410
vt 0.945880 0.572490
vt 0.945880 0.572490
vt 0.939650 0.605410
vt 0.943410 0.571620
vt 0.943410 0.571620
vt 0.939650 0.605410
vt 0.940830 0.571180
vt 0.940830 0.571180
vt 0.939650 0.605410
vt 0.938210 0.571190
vt 0.938210 0.571190
vt 0.939650 0.605410
vt 0.935630 0.571630
vt 0.935630 0.571630
vt 0.939650 0.605410
vt 0.933150 0.572510
vt 0.933150 0.572510
vt 0.939650 0.605410
vt 0.930860 0.573790
vt 0.930860 0.573790
vt 0.939650 0.605410
vt 0.928790 0.575440
vt 0.928790 0.575440
vt 0.939650 0.605410
vt 0.927020 0.577420
vt 0.927020 0.577420
vt 0.939650 0.605410
vt 0.925590 0.579670
vt 0.925590 0.579670
vt 0.939650 0.605410
vt 0.924540 0.582130
vt 0.924540 0.582130
vt 0.939650 0.605410
vt 0.923900 0.584730
vt 0.923900 0.584730
vt 0.939650 0.605410
vt 0.923690 0.587410
vt 0.939650 0.605410
vt 0.923710 0.604900
vt 0.923690 0.587410
vt 0.923690 0.652410
vt 0.933710 0.630270
vt 0.943680 0.652440
vt 0.923690 0.652410
vt 0.923710 0.630260
vt 0.933710 0.630270
vt 0.943680 0.652440
vt 0.933710 0.630270
vt 0.943700 0.630280
vt 0.933710 0.630270
vt 0.923710 0.630260
vt 0.923850 0.628570
vt 0.933710 0.630270
vt 0.923850 0.628570
vt 0.924260 0.626930
vt 0.933710 0.630270
vt 0.924260 0.626930
vt 0.924920 0.625380
vt 0.933710 0.630270
vt 0.924920 0.625380
vt 0.925830 0.623960
vt 0.933710 0.630270
vt 0.925830 0.623960
vt 0.926950 0.622710
vt 0.933710 0.630270
vt 0.926950 0.622710
vt 0.928250 0.621670
vt 0.933710 0.630270
vt 0.928250 0.621670
vt 0.929700 0.620870
vt 0.933710 0.630270
vt 0.929700 0.620870
vt 0.931270 0.620320
vt 0.931270 0.620320
vt 0.932890 0.620040
vt 0.933710 0.630270
vt 0.932890 0.620040
vt 0.934540 0.620050
vt 0.933710 0.630270
vt 0.934540 0.620050
vt 0.936170 0.620330
vt 0.933710 0.630270
vt 0.936170 0.620330
vt 0.937730 0.620880
vt 0.933710 0.630270
vt 0.937730 0.620880
vt 0.939180 0.621690
vt 0.933710 0.630270
vt 0.939180 0.621690
vt 0.940490 0.622730
vt 0.933710 0.630270
vt 0.940490 0.622730
vt 0.941600 0.623980
vt 0.933710 0.630270
vt 0.941600 0.623980
vt 0.942500 0.625400
vt 0.933710 0.630270
vt 0.942500 0.625400
vt 0.943170 0.626950
vt 0.933710 0.630270
vt 0.943170 0.626950
vt 0.943570 0.628590
vt 0.933710 0.630270
vt 0.943570 0.628590
vt 0.943700 0.630280
vt 0.933710 0.630270
vt 0.469510 0.151270
vt 0.477680 0.173780
vt 0.245960 0.248840
vt 0.245960 0.248840
vt 0.458220 0.127890
vt 0.469510 0.151270
vt 0.489650 0.252850
vt 0.488260 0.277100
vt 0.245960 0.248840
vt 0.488510 0.226790
vt 0.489650 0.252850
vt 0.245960 0.248840
vt 0.488260 0.277100
vt 0.484040 0.304650
vt 0.245960 0.248840
vt 0.484040 0.304650
vt 0.477350 0.329820
vt 0.245960 0.248840
vt 0.321330 0.489980
vt 0.296800 0.496850
vt 0.245960 0.248840
vt 0.345020 0.480540
vt 0.321330 0.489980
vt 0.245960 0.248840
vt 0.246340 0.502600
vt 0.220940 0.501430
vt 0.245960 0.248840
vt 0.220940 0.501430
vt 0.195800 0.497560
vt 0.245960 0.248840
vt 0.195800 0.497560
vt 0.169300 0.490310
vt 0.245960 0.248840
vt 0.103110 0.456390
vt 0.110540 0.452850
vt 0.128890 0.467350
vt 0.245960 0.248840
vt 0.147240 0.481860
vt 0.128890 0.467350
vt 0.245960 0.248840
vt 0.128890 0.467350
vt 0.110540 0.452850
vt 0.124590 0.470340
vt 0.103110 0.456390
vt 0.128890 0.467350
vt 0.147240 0.481860
vt 0.124590 0.470340
vt 0.128890 0.467350
vt 0.245960 0.248840
vt 0.097520 0.443040
vt 0.067850 0.414680
vt 0.245960 0.248840
vt 0.067850 0.414680
vt 0.038190 0.386330
vt 0.054170 0.409270
vt 0.038190 0.386330
vt 0.067850 0.414680
vt 0.071310 0.428840
vt 0.054170 0.409270
vt 0.067850 0.414680
vt 0.090350 0.446460
vt 0.071310 0.428840
vt 0.067850 0.414680
vt 0.097520 0.443040
vt 0.090350 0.446460
vt 0.067850 0.414680
vt 0.000010 0.237900
vt 0.001110 0.227120
vt 0.245960 0.248840
vt 0.000000 0.264210
vt 0.000010 0.237900
vt 0.245960 0.248840
vt 0.090470 0.055710
vt 0.111210 0.040240
vt 0.245960 0.248840
vt 0.111210 0.040240
vt 0.132040 0.027900
vt 0.245960 0.248840
vt 0.221270 0.001140
vt 0.231770 0.000010
vt 0.245960 0.248840
vt 0.245960 0.248840
vt 0.231770 0.000010
vt 0.257400 0.000000
vt 0.245960 0.248840
vt 0.434950 0.092740
vt 0.431630 0.100100
vt 0.417790 0.073200
vt 0.434950 0.092740
vt 0.245960 0.248840
vn 0.197000 -0.980400 0.000000
vn 0.219500 -0.975600 -0.004690
vn 0.261490 -0.965200 0.002320
vn 0.261470 -0.965210 0.002320
vn 0.319410 -0.947610 -0.003800
vn 0.332720 -0.943030 -0.000100
vn 0.402520 -0.915410 -0.000110
vn 0.402130 -0.915580 -0.000110
vn 0.415320 -0.909670 -0.003930
vn 0.469230 -0.883070 0.000620
vn 0.469280 -0.883050 0.000620
vn 0.501280 -0.865260 -0.006250
vn 0.533840 -0.845580 0.001640
vn 0.533800 -0.845610 0.001640
vn 0.594410 -0.804160 -0.002450
vn 0.595400 -0.803430 -0.002070
vn 0.674520 -0.738240 -0.004600
vn 0.653640 -0.756800 0.001440
vn 0.653650 -0.756790 0.001440
vn 0.847350 -0.531030 0.002240
vn 0.805380 -0.592740 -0.004660
vn 0.808290 -0.588770 -0.002910
vn 0.758900 -0.651210 -0.000070
vn 0.758940 -0.651160 -0.000070
vn 0.747400 -0.664360 -0.004060
vn 0.708280 -0.705930 0.002410
vn 0.708280 -0.705930 0.002410
vn 0.847330 -0.531050 0.002240
vn 0.868290 -0.496040 -0.004730
vn 0.884600 -0.466360 0.001890
vn 0.884600 -0.466350 0.001890
vn 0.915020 -0.403390 -0.002870
vn 0.916900 -0.399110 -0.001480
vn 0.951890 -0.306410 -0.004460
vn 0.944120 -0.329610 0.001130
vn 0.944120 -0.329610 0.001130
vn 0.982630 -0.185550 0.000770
vn 0.982640 -0.185530 0.000770
vn 0.978510 -0.206130 -0.004280
vn 0.966070 -0.258280 0.002450
vn 0.966070 -0.258290 0.002450
vn 0.993740 -0.111720 -0.000920
vn 0.994610 -0.103620 -0.003250
vn 0.999300 -0.037320 0.001460
vn 0.999300 -0.037320 0.001460
vn 0.999980 0.000000 -0.005720
vn 0.999300 0.037320 0.001460
vn 0.999300 0.037320 0.001460
vn 0.994610 0.103620 -0.003250
vn 0.993740 0.111720 -0.000920
vn 0.974760 0.223100 -0.008460
vn 0.982640 0.185530 0.000770
vn 0.982630 0.185590 0.000770
vn 0.884600 0.466350 0.001880
vn 0.916900 0.399110 -0.003190
vn 0.915020 0.403410 -0.001640
vn 0.944120 0.329610 0.001130
vn 0.951900 0.306410 0.001130
vn 0.944100 0.329600 -0.006030
vn 0.966070 0.258290 -0.001250
vn 0.966070 0.258280 -0.001250
vn 0.884580 0.466380 0.001880
vn 0.868290 0.496030 -0.004730
vn 0.847350 0.531030 0.002240
vn 0.847350 0.531030 0.002240
vn 0.808290 0.588770 -0.004210
vn 0.805390 0.592740 -0.002740
vn 0.758680 0.651470 -0.000060
vn 0.758950 0.651150 -0.000070
vn 0.747400 0.664370 -0.004060
vn 0.708260 0.705950 0.002410
vn 0.708260 0.705950 0.002410
vn 0.674530 0.738230 -0.004600
vn 0.653670 0.756780 0.001440
vn 0.653600 0.756840 0.001440
vn 0.594410 0.804160 -0.002130
vn 0.595400 0.803430 -0.002520
vn 0.501290 0.865260 -0.006250
vn 0.533830 0.845590 0.001640
vn 0.533770 0.845630 0.001640
vn 0.261470 0.965210 0.002320
vn 0.332720 0.943010 -0.005220
vn 0.319400 0.947620 -0.000090
vn 0.401390 0.915910 0.000070
vn 0.415890 0.909420 0.000070
vn 0.402120 0.915570 -0.005020
vn 0.469300 0.883040 0.000630
vn 0.469280 0.883050 0.000630
vn 0.261450 0.965210 0.002320
vn 0.219490 0.975600 -0.004690
vn 0.197000 0.980400 0.000000
vn 0.115300 0.155590 0.981070
vn 0.858670 0.452700 0.240330
vn 0.260600 0.962060 0.080800
vn 0.400080 0.912920 0.080750
vn 0.962910 0.257440 0.080780
vn 0.979430 0.184920 0.080760
vn 0.990480 0.111350 0.080950
vn 0.996030 -0.037200 0.080820
vn 0.990500 -0.111360 0.080670
vn 0.962910 -0.257440 0.080770
vn 0.941030 -0.328530 0.080780
vn 0.913900 -0.397800 0.080860
vn 0.844570 -0.529320 0.080760
vn 0.802760 -0.590810 0.080750
vn 0.705970 -0.703630 0.080730
vn 0.651500 -0.754330 0.080860
vn 0.593460 -0.800800 0.080740
vn 0.467740 -0.880150 0.080950
vn 0.400810 -0.912600 0.080710
vn 0.331630 -0.939950 0.080760
vn 0.072340 -0.342280 0.936810
vn 0.101440 -0.488600 0.866590
vn 0.040660 0.189200 0.981100
vn 0.040130 0.198240 0.979330
vn 0.040200 0.198580 0.979260
vn 0.074080 0.341250 0.937050
vn 0.073880 0.364890 0.928110
vn 0.073840 0.364670 0.928210
vn 0.103880 0.484710 0.868480
vn 0.103550 0.467820 0.877740
vn 0.130800 0.615530 0.777180
vn 0.111610 0.556050 0.823620
vn 0.111630 0.556130 0.823560
vn 0.157270 0.775440 0.611520
vn 0.153580 0.738950 0.656030
vn 0.152970 0.730450 0.665620
vn 0.136230 0.678630 0.721740
vn 0.136240 0.678670 0.721690
vn 0.157100 0.774660 0.612560
vn 0.170290 0.826390 0.536740
vn 0.169720 0.841540 0.512840
vn 0.169860 0.842270 0.511600
vn 0.183410 0.900790 0.393630
vn 0.185190 0.886110 0.424860
vn 0.194030 0.951100 0.240330
vn 0.184220 0.922800 0.338390
vn 0.184250 0.922930 0.338000
vn 0.196840 0.979600 0.040560
vn 0.200670 0.973520 0.109480
vn 0.197740 0.976920 0.080820
vn 0.191980 0.959530 0.206030
vn 0.191990 0.959590 0.205750
vn 0.196540 -0.978150 0.067810
vn 0.197890 -0.976890 0.080840
vn 0.192920 -0.963330 0.186500
vn 0.185910 -0.933330 0.307150
vn 0.185910 -0.933300 0.307230
vn 0.176010 -0.879750 0.441660
vn 0.169800 -0.824590 0.539650
vn 0.151900 -0.753960 0.639120
vn 0.130060 -0.642130 0.755480
vn 0.130080 -0.642230 0.755400
vn 0.913910 0.397800 0.080800
vn 0.881710 0.464820 0.080800
vn 0.881700 0.464840 0.080840
vn 0.881700 0.464860 0.080750
vn 0.844580 0.529300 0.080760
vn 0.756190 0.649330 0.080920
vn 0.705940 0.703640 0.080870
vn 0.651540 0.754310 0.080720
vn 0.532030 0.842860 0.080840
vn 0.532090 0.842840 0.080680
vn 0.467750 0.880170 0.080680
vn 0.467760 0.880160 0.080780
vn 0.400810 0.912590 0.080770
vn 0.331630 0.939940 0.080880
vn 0.260610 0.962050 0.080870
vn 0.779020 0.488210 0.393430
vn 0.822520 0.515470 0.240330
vn 0.822510 0.515460 0.240350
vn 0.844590 0.529300 0.080740
vn 0.844590 0.529300 0.080750
vn 0.679640 0.500220 0.536540
vn 0.740430 0.544960 0.393430
vn 0.740390 0.544910 0.393560
vn 0.781780 0.575370 0.240350
vn 0.781790 0.575400 0.240240
vn 0.802750 0.590820 0.080750
vn 0.802750 0.590800 0.080920
vn 0.566510 0.486060 0.665440
vn 0.640450 0.549500 0.536540
vn 0.640440 0.549480 0.536570
vn 0.697700 0.598610 0.393560
vn 0.697710 0.598640 0.393480
vn 0.736710 0.632100 0.240240
vn 0.736700 0.632070 0.240340
vn 0.756460 0.649030 0.080770
vn 0.756460 0.649020 0.080860
vn 0.445810 0.444340 0.777050
vn 0.528690 0.526950 0.665440
vn 0.528630 0.526880 0.665540
vn 0.597690 0.595700 0.536570
vn 0.597740 0.595780 0.536430
vn 0.651130 0.649000 0.393480
vn 0.651120 0.648970 0.393560
vn 0.687520 0.685250 0.240340
vn 0.687520 0.685250 0.240310
vn 0.705960 0.703630 0.080790
vn 0.705950 0.703650 0.080710
vn 0.118450 -0.570180 0.812930
vn 0.129740 -0.615630 0.777280
vn 0.164550 -0.607450 0.777130
vn 0.324200 0.375360 0.868330
vn 0.411430 0.476350 0.777050
vn 0.411450 0.476380 0.777020
vn 0.487860 0.564840 0.665550
vn 0.487860 0.564850 0.665540
vn 0.551640 0.638700 0.536430
vn 0.551620 0.638660 0.536490
vn 0.600900 0.695720 0.393560
vn 0.600910 0.695720 0.393560
vn 0.634500 0.734620 0.240290
vn 0.634510 0.734630 0.240260
vn 0.651510 0.754320 0.080880
vn 0.651460 0.754370 0.080760
vn 0.101170 -0.487310 0.867350
vn 0.100370 -0.485520 0.868440
vn 0.129670 -0.478700 0.868350
vn 0.129670 -0.478690 0.868360
vn 0.165010 -0.467680 0.868360
vn 0.208000 0.280680 0.936990
vn 0.295310 0.398490 0.868330
vn 0.295280 0.398450 0.868360
vn 0.374790 0.505730 0.777020
vn 0.374810 0.505770 0.776990
vn 0.444380 0.599660 0.665530
vn 0.444370 0.599630 0.665560
vn 0.502460 0.678020 0.536490
vn 0.502470 0.678030 0.536470
vn 0.547350 0.738590 0.393560
vn 0.547350 0.738590 0.393570
vn 0.577960 0.779900 0.240260
vn 0.577960 0.779910 0.240220
vn 0.593450 0.800810 0.080760
vn 0.593450 0.800800 0.080840
vn 0.071660 -0.339080 0.938020
vn 0.072740 -0.341560 0.937040
vn 0.091360 -0.337230 0.936980
vn 0.091350 -0.337220 0.936980
vn 0.116240 -0.329470 0.936980
vn 0.116260 -0.329520 0.936960
vn 0.140510 -0.319930 0.936960
vn 0.115290 -0.155570 0.981070
vn 0.103370 -0.163740 0.981070
vn 0.186510 -0.295440 0.936980
vn 0.163970 -0.308530 0.936980
vn 0.232760 -0.437980 0.868330
vn 0.199450 -0.454120 0.868330
vn 0.253080 -0.576220 0.777130
vn 0.209400 -0.593490 0.777130
vn 0.248380 -0.703980 0.665380
vn 0.195190 -0.720540 0.665380
vn 0.220670 -0.814580 0.536440
vn 0.170550 -0.826420 0.536610
vn 0.175990 -0.879620 0.441910
vn 0.228380 -0.264410 0.936980
vn 0.208020 -0.280710 0.936980
vn 0.295280 -0.398450 0.868360
vn 0.264740 -0.419360 0.868360
vn 0.335980 -0.532210 0.777090
vn 0.295370 -0.555770 0.777090
vn 0.350350 -0.659220 0.665350
vn 0.300190 -0.683520 0.665350
vn 0.339320 -0.772620 0.536580
vn 0.280750 -0.795770 0.536590
vn 0.305860 -0.866940 0.393530
vn 0.240380 -0.887330 0.393530
vn 0.253820 -0.936930 0.240290
vn 0.194450 -0.951010 0.240370
vn 0.192900 -0.963210 0.187120
vn 0.260620 -0.962070 0.080650
vn 0.331640 -0.939950 0.080650
vn 0.322980 -0.915390 0.240300
vn 0.390340 -0.888760 0.240310
vn 0.369690 -0.841740 0.393450
vn 0.431440 -0.811820 0.393450
vn 0.396060 -0.745250 0.536410
vn 0.450530 -0.713640 0.536420
vn 0.398510 -0.631240 0.665380
vn 0.444470 -0.599760 0.665380
vn 0.374720 -0.505640 0.777120
vn 0.411370 -0.476300 0.777120
vn 0.324160 -0.375320 0.868360
vn 0.351250 -0.350100 0.868360
vn 0.247460 -0.246640 0.936980
vn 0.265160 -0.227510 0.936980
vn 0.146960 -0.126090 0.981070
vn 0.155950 -0.114780 0.981070
vn 0.467700 -0.880190 0.080710
vn 0.467740 -0.880150 0.080910
vn 0.455530 -0.857180 0.240290
vn 0.518180 -0.820830 0.240280
vn 0.490740 -0.777370 0.393530
vn 0.547350 -0.738600 0.393540
vn 0.502460 -0.678020 0.536490
vn 0.551620 -0.638660 0.536490
vn 0.487910 -0.564900 0.665450
vn 0.528680 -0.526950 0.665450
vn 0.445740 -0.444280 0.777130
vn 0.477630 -0.409800 0.777130
vn 0.376360 -0.322910 0.868380
vn 0.399390 -0.293950 0.868380
vn 0.281360 -0.207080 0.936990
vn 0.296020 -0.185520 0.936990
vn 0.532050 -0.842850 0.080800
vn 0.593450 -0.800800 0.080810
vn 0.577950 -0.779890 0.240300
vn 0.634510 -0.734620 0.240280
vn 0.600940 -0.695760 0.393440
vn 0.651160 -0.649000 0.393440
vn 0.597730 -0.595750 0.536480
vn 0.640490 -0.549520 0.536480
vn 0.566570 -0.486100 0.665360
vn 0.601250 -0.442490 0.665360
vn 0.506930 -0.373070 0.777070
vn 0.533330 -0.334230 0.777070
vn 0.420250 -0.263370 0.868350
vn 0.438720 -0.231300 0.868350
vn 0.309070 -0.162940 0.936980
vn 0.320360 -0.139440 0.936980
vn 0.177560 -0.077290 0.981070
vn 0.182830 -0.063830 0.981070
vn 0.705960 -0.703620 0.080860
vn 0.705960 -0.703630 0.080790
vn 0.687510 -0.685250 0.240340
vn 0.736700 -0.632070 0.240340
vn 0.697740 -0.598640 0.393430
vn 0.740440 -0.544950 0.393430
vn 0.679650 -0.500210 0.536530
vn 0.715060 -0.448140 0.536530
vn 0.632500 -0.396400 0.665440
vn 0.660310 -0.348120 0.665440
vn 0.556730 -0.293510 0.777110
vn 0.577070 -0.251190 0.777110
vn 0.454650 -0.197900 0.868410
vn 0.468140 -0.163440 0.868410
vn 0.329850 -0.115160 0.936980
vn 0.337520 -0.090240 0.936980
vn 0.756460 -0.649040 0.080720
vn 0.756460 -0.649030 0.080750
vn 0.736690 -0.632070 0.240370
vn 0.781770 -0.575370 0.240390
vn 0.740440 -0.544950 0.393430
vn 0.779020 -0.488200 0.393430
vn 0.715140 -0.448170 0.536400
vn 0.746560 -0.393600 0.536400
vn 0.660290 -0.348110 0.665460
vn 0.684410 -0.297900 0.665460
vn 0.577140 -0.251210 0.777050
vn 0.594270 -0.207460 0.777050
vn 0.468250 -0.163460 0.868340
vn 0.479140 -0.128100 0.868340
vn 0.337570 -0.090250 0.936960
vn 0.343360 -0.064830 0.936960
vn 0.756420 -0.649080 0.080780
vn 0.802760 -0.590810 0.080760
vn 0.781780 -0.575370 0.240350
vn 0.822510 -0.515470 0.240350
vn 0.778990 -0.488190 0.393510
vn 0.813230 -0.428740 0.393500
vn 0.746570 -0.393600 0.536390
vn 0.773840 -0.336820 0.536400
vn 0.684410 -0.297900 0.665460
vn 0.704720 -0.246040 0.665460
vn 0.594110 -0.207430 0.777180
vn 0.607930 -0.162550 0.777180
vn 0.479060 -0.128090 0.868390
vn 0.487280 -0.092000 0.868390
vn 0.343370 -0.064830 0.936960
vn 0.347250 -0.039040 0.936960
vn 0.881710 -0.464830 0.080750
vn 0.881710 -0.464830 0.080800
vn 0.858670 -0.452680 0.240360
vn 0.890020 -0.387420 0.240350
vn 0.842900 -0.366910 0.393560
vn 0.867920 -0.303020 0.393560
vn 0.796730 -0.278160 0.536510
vn 0.815260 -0.217960 0.536510
vn 0.721160 -0.192800 0.665400
vn 0.733530 -0.138490 0.665400
vn 0.618400 -0.116760 0.777140
vn 0.625380 -0.070320 0.777140
vn 0.492800 -0.055410 0.868380
vn 0.495560 -0.018500 0.868380
vn 0.349180 -0.013030 0.936970
vn 0.349180 0.013040 0.936970
vn 0.193500 0.007230 0.981070
vn 0.192420 0.021640 0.981070
vn 0.941030 -0.328530 0.080860
vn 0.941020 -0.328540 0.080850
vn 0.916440 -0.319950 0.240360
vn 0.937740 -0.250730 0.240360
vn 0.888090 -0.237450 0.393590
vn 0.903330 -0.170560 0.393580
vn 0.829210 -0.156570 0.536560
vn 0.838570 -0.094290 0.536570
vn 0.741780 -0.083410 0.665430
vn 0.745940 -0.027860 0.665430
vn 0.628920 -0.023490 0.777120
vn 0.628920 0.023490 0.777120
vn 0.495640 0.018520 0.868330
vn 0.492880 0.055420 0.868330
vn 0.347240 0.039050 0.936960
vn 0.343360 0.064830 0.936960
vn 0.962910 -0.257440 0.080780
vn 0.962910 -0.257440 0.080780
vn 0.937770 -0.250720 0.240250
vn 0.953860 -0.180090 0.240260
vn 0.903380 -0.170560 0.393460
vn 0.913590 -0.102720 0.393460
vn 0.838610 -0.094290 0.536510
vn 0.843310 -0.031480 0.536510
vn 0.746010 -0.027850 0.665350
vn 0.746010 0.027860 0.665350
vn 0.628890 0.023490 0.777140
vn 0.625390 0.070310 0.777140
vn 0.492800 0.055400 0.868380
vn 0.487290 0.092000 0.868380
vn 0.343360 0.064830 0.936960
vn 0.337570 0.090260 0.936960
vn 0.979430 -0.184930 0.080760
vn 0.979430 -0.184930 0.080750
vn 0.953830 -0.180100 0.240380
vn 0.964600 -0.108450 0.240380
vn 0.913610 -0.102710 0.393410
vn 0.918720 -0.034300 0.393420
vn 0.843300 -0.031490 0.536530
vn 0.843300 0.031480 0.536530
vn 0.745940 0.027850 0.665430
vn 0.741780 0.083410 0.665430
vn 0.625480 0.070330 0.777070
vn 0.618490 0.116770 0.777060
vn 0.487280 0.092000 0.868390
vn 0.479060 0.128080 0.868390
vn 0.337520 0.090240 0.936980
vn 0.329850 0.115160 0.936980
vn 0.996050 -0.037200 0.080660
vn 0.996040 -0.037180 0.080700
vn 0.970010 -0.036210 0.240360
vn 0.970010 0.036220 0.240360
vn 0.918720 0.034310 0.393420
vn 0.913600 0.102710 0.393430
vn 0.838570 0.094280 0.536570
vn 0.829210 0.156550 0.536560
vn 0.733530 0.138490 0.665400
vn 0.721150 0.192820 0.665400
vn 0.608010 0.162570 0.777100
vn 0.594200 0.207450 0.777110
vn 0.468240 0.163480 0.868350
vn 0.454750 0.197940 0.868350
vn 0.320360 0.139440 0.936980
vn 0.309070 0.162940 0.936980
vn 0.171300 0.090310 0.981070
vn 0.164090 0.102840 0.981070
vn 0.996050 0.037200 0.080660
vn 0.990500 0.111390 0.080670
vn 0.964640 0.108480 0.240200
vn 0.953870 0.180090 0.240200
vn 0.903330 0.170550 0.393580
vn 0.888090 0.237440 0.393590
vn 0.815260 0.217970 0.536510
vn 0.796730 0.278150 0.536510
vn 0.704750 0.246040 0.665420
vn 0.684450 0.297910 0.665420
vn 0.577070 0.251180 0.777110
vn 0.556730 0.293520 0.777110
vn 0.438650 0.231270 0.868390
vn 0.420190 0.263330 0.868390
vn 0.296060 0.185540 0.936970
vn 0.281400 0.207110 0.936970
vn 0.962910 0.257440 0.080770
vn 0.962910 0.257440 0.080780
vn 0.937750 0.250710 0.240360
vn 0.916440 0.319960 0.240360
vn 0.867950 0.303030 0.393500
vn 0.842940 0.366900 0.393500
vn 0.773770 0.336790 0.536520
vn 0.746510 0.393550 0.536510
vn 0.660310 0.348110 0.665440
vn 0.632500 0.396400 0.665440
vn 0.533280 0.334220 0.777110
vn 0.506880 0.373050 0.777120
vn 0.399390 0.293940 0.868380
vn 0.376360 0.322910 0.868380
vn 0.265170 0.227500 0.936980
vn 0.247460 0.246640 0.936980
vn 0.137160 0.136700 0.981070
vn 0.126580 0.146550 0.981070
vn 0.040810 -0.189860 0.980960
vn 0.040530 -0.189270 0.981090
vn 0.050630 -0.186920 0.981070
vn 0.050640 -0.186940 0.981070
vn 0.064440 -0.182640 0.981070
vn 0.064430 -0.182610 0.981070
vn 0.077870 -0.177290 0.981070
vn 0.077870 -0.177300 0.981070
vn 0.077870 -0.177310 0.981070
vn 0.090880 -0.171000 0.981070
vn 0.103380 -0.163760 0.981070
vn 0.090880 -0.171010 0.981070
vn 0.163960 -0.308520 0.936980
vn 0.140490 -0.319890 0.936980
vn 0.199400 -0.454030 0.868390
vn 0.164990 -0.467640 0.868380
vn 0.209380 -0.593460 0.777150
vn 0.164540 -0.607420 0.777150
vn 0.195160 -0.720480 0.665450
vn 0.152010 -0.730650 0.665620
vn 0.151890 -0.753950 0.639130
vn 0.184860 -0.900430 0.393770
vn 0.240360 -0.887290 0.393630
vn 0.220660 -0.814560 0.536480
vn 0.280790 -0.795830 0.536480
vn 0.248390 -0.703990 0.665350
vn 0.300190 -0.683520 0.665350
vn 0.253040 -0.576150 0.777190
vn 0.295290 -0.555670 0.777200
vn 0.232720 -0.437930 0.868370
vn 0.264730 -0.419350 0.868370
vn 0.186520 -0.295450 0.936970
vn 0.208040 -0.280720 0.936970
vn 0.115300 -0.155590 0.981070
vn 0.137140 -0.136690 0.981080
vn 0.126560 -0.146530 0.981080
vn 0.126580 -0.146550 0.981070
vn 0.126590 -0.146550 0.981070
vn 0.115300 -0.155590 0.981070
vn 0.260640 -0.962050 0.080810
vn 0.260620 -0.962070 0.080650
vn 0.253800 -0.936910 0.240400
vn 0.322960 -0.915370 0.240400
vn 0.305880 -0.866960 0.393460
vn 0.369680 -0.841740 0.393460
vn 0.339330 -0.772630 0.536560
vn 0.396000 -0.745180 0.536560
vn 0.350250 -0.659100 0.665510
vn 0.398430 -0.631150 0.665510
vn 0.335940 -0.532160 0.777150
vn 0.374700 -0.505620 0.777140
vn 0.295310 -0.398480 0.868330
vn 0.324200 -0.375360 0.868330
vn 0.228380 -0.264410 0.936980
vn 0.247460 -0.246640 0.936980
vn 0.137140 -0.136690 0.981080
vn 0.146950 -0.126080 0.981080
vn 0.401210 -0.912420 0.080760
vn 0.400810 -0.912600 0.080730
vn 0.390340 -0.888760 0.240270
vn 0.455540 -0.857180 0.240270
vn 0.431430 -0.811810 0.393490
vn 0.490760 -0.777380 0.393480
vn 0.450490 -0.713590 0.536510
vn 0.502460 -0.678020 0.536500
vn 0.444420 -0.599710 0.665460
vn 0.487910 -0.564900 0.665450
vn 0.411400 -0.476320 0.777090
vn 0.445780 -0.444310 0.777090
vn 0.351270 -0.350110 0.868350
vn 0.376400 -0.322940 0.868350
vn 0.265180 -0.227520 0.936970
vn 0.281410 -0.207110 0.936970
vn 0.155970 -0.114790 0.981070
vn 0.171300 -0.090310 0.981070
vn 0.164090 -0.102840 0.981070
vn 0.164100 -0.102840 0.981070
vn 0.164110 -0.102840 0.981070
vn 0.155980 -0.114800 0.981070
vn 0.532090 -0.842810 0.080960
vn 0.532070 -0.842840 0.080760
vn 0.518180 -0.820830 0.240270
vn 0.577960 -0.779900 0.240260
vn 0.547360 -0.738600 0.393530
vn 0.600900 -0.695730 0.393540
vn 0.551600 -0.638650 0.536530
vn 0.597700 -0.595730 0.536530
vn 0.528700 -0.526960 0.665420
vn 0.566530 -0.486070 0.665420
vn 0.477630 -0.409800 0.777130
vn 0.506860 -0.373040 0.777130
vn 0.399430 -0.293970 0.868350
vn 0.420240 -0.263360 0.868350
vn 0.296040 -0.185530 0.936980
vn 0.309050 -0.162940 0.936980
vn 0.171280 -0.090300 0.981070
vn 0.177540 -0.077280 0.981070
vn 0.651520 -0.754320 0.080750
vn 0.651520 -0.754320 0.080750
vn 0.634500 -0.734620 0.240310
vn 0.687520 -0.685250 0.240310
vn 0.651140 -0.648990 0.393480
vn 0.697720 -0.598630 0.393480
vn 0.640450 -0.549500 0.536540
vn 0.679650 -0.500210 0.536540
vn 0.601170 -0.442450 0.665460
vn 0.632490 -0.396390 0.665450
vn 0.533270 -0.334210 0.777130
vn 0.556710 -0.293510 0.777130
vn 0.438700 -0.231290 0.868360
vn 0.454730 -0.197920 0.868360
vn 0.320390 -0.139450 0.936960
vn 0.329900 -0.115170 0.936960
vn 0.182830 -0.063830 0.981070
vn 0.193500 -0.007230 0.981070
vn 0.192430 -0.021640 0.981070
vn 0.192410 -0.021630 0.981080
vn 0.192420 -0.021630 0.981070
vn 0.190270 -0.035920 0.981070
vn 0.190260 -0.035920 0.981080
vn 0.187050 -0.050010 0.981080
vn 0.187070 -0.050020 0.981070
vn 0.182820 -0.063820 0.981070
vn 0.844590 -0.529300 0.080750
vn 0.844580 -0.529310 0.080690
vn 0.822480 -0.515460 0.240480
vn 0.858630 -0.452680 0.240480
vn 0.813240 -0.428750 0.393470
vn 0.842940 -0.366920 0.393470
vn 0.773760 -0.336810 0.536520
vn 0.796720 -0.278160 0.536520
vn 0.704740 -0.246050 0.665430
vn 0.721130 -0.192800 0.665430
vn 0.608010 -0.162560 0.777110
vn 0.618430 -0.116760 0.777110
vn 0.487290 -0.092000 0.868380
vn 0.492800 -0.055410 0.868380
vn 0.347190 -0.039040 0.936980
vn 0.349130 -0.013040 0.936980
vn 0.193510 -0.007230 0.981070
vn 0.193510 0.007230 0.981070
vn 0.881710 -0.464820 0.080800
vn 0.913910 -0.397800 0.080800
vn 0.890080 -0.387420 0.240140
vn 0.916490 -0.319950 0.240150
vn 0.868020 -0.303020 0.393350
vn 0.888190 -0.237450 0.393360
vn 0.815310 -0.217970 0.536430
vn 0.829290 -0.156570 0.536430
vn 0.733560 -0.138490 0.665360
vn 0.741860 -0.083400 0.665350
vn 0.625480 -0.070320 0.777060
vn 0.628980 -0.023480 0.777070
vn 0.495540 -0.018500 0.868390
vn 0.495540 0.018500 0.868390
vn 0.349130 0.013030 0.936980
vn 0.347190 0.039030 0.936980
vn 0.192410 0.021630 0.981080
vn 0.177560 0.077280 0.981070
vn 0.182820 0.063830 0.981070
vn 0.182840 0.063840 0.981070
vn 0.182820 0.063820 0.981070
vn 0.187070 0.050020 0.981070
vn 0.187050 0.050010 0.981080
vn 0.190260 0.035920 0.981080
vn 0.190280 0.035930 0.981070
vn 0.192430 0.021630 0.981070
vn 0.979430 -0.184940 0.080760
vn 0.990490 -0.111360 0.080760
vn 0.964580 -0.108450 0.240460
vn 0.969980 -0.036220 0.240460
vn 0.918700 -0.034310 0.393460
vn 0.918700 0.034300 0.393460
vn 0.843310 0.031490 0.536500
vn 0.838620 0.094290 0.536500
vn 0.741760 0.083400 0.665460
vn 0.733470 0.138470 0.665460
vn 0.618440 0.116750 0.777110
vn 0.608000 0.162570 0.777110
vn 0.479130 0.128110 0.868340
vn 0.468240 0.163480 0.868340
vn 0.329840 0.115160 0.936990
vn 0.320340 0.139430 0.936980
vn 0.177570 0.077290 0.981070
vn 0.171310 0.090320 0.981070
vn 0.996030 0.037200 0.080820
vn 0.996040 0.037180 0.080700
vn 0.969980 0.036210 0.240460
vn 0.964580 0.108440 0.240460
vn 0.913590 0.102710 0.393460
vn 0.903380 0.170570 0.393460
vn 0.829290 0.156580 0.536430
vn 0.815310 0.217990 0.536430
vn 0.721130 0.192810 0.665430
vn 0.704750 0.246040 0.665430
vn 0.594150 0.207430 0.777140
vn 0.577030 0.251150 0.777150
vn 0.454660 0.197890 0.868400
vn 0.438640 0.231250 0.868400
vn 0.309080 0.162950 0.936970
vn 0.296060 0.185540 0.936980
vn 0.164090 0.102830 0.981070
vn 0.146980 0.126110 0.981070
vn 0.155970 0.114790 0.981070
vn 0.155960 0.114780 0.981070
vn 0.155960 0.114780 0.981070
vn 0.164080 0.102830 0.981070
vn 0.979400 0.184980 0.080940
vn 0.979420 0.184910 0.080880
vn 0.953860 0.180080 0.240260
vn 0.937770 0.250730 0.240250
vn 0.888120 0.237460 0.393510
vn 0.867950 0.303030 0.393500
vn 0.796770 0.278180 0.536440
vn 0.773810 0.336820 0.536450
vn 0.684490 0.297940 0.665360
vn 0.660360 0.348150 0.665370
vn 0.556710 0.293500 0.777130
vn 0.533270 0.334200 0.777130
vn 0.420220 0.263350 0.868370
vn 0.399410 0.293960 0.868360
vn 0.281410 0.207110 0.936970
vn 0.265180 0.227520 0.936970
vn 0.146970 0.126100 0.981070
vn 0.137160 0.136710 0.981070
vn 0.126580 0.146560 0.981070
vn 0.126590 0.146570 0.981070
vn 0.228370 0.264410 0.936980
vn 0.247460 0.246640 0.936980
vn 0.351270 0.350110 0.868350
vn 0.376390 0.322940 0.868350
vn 0.477640 0.409810 0.777120
vn 0.506880 0.373050 0.777120
vn 0.601220 0.442480 0.665390
vn 0.632530 0.396430 0.665390
vn 0.715130 0.448190 0.536400
vn 0.746560 0.393600 0.536400
vn 0.813240 0.428750 0.393470
vn 0.842950 0.366910 0.393470
vn 0.890020 0.387400 0.240380
vn 0.916430 0.319950 0.240380
vn 0.941020 0.328540 0.080850
vn 0.941030 0.328530 0.080780
vn 0.115300 0.155590 0.981070
vn 0.115300 0.155590 0.981070
vn 0.208000 0.280670 0.937000
vn 0.228350 0.264380 0.937000
vn 0.324210 0.375360 0.868330
vn 0.351290 0.350140 0.868330
vn 0.445820 0.444360 0.777040
vn 0.477700 0.409890 0.777040
vn 0.566560 0.486120 0.665360
vn 0.601240 0.442500 0.665360
vn 0.679610 0.500180 0.536610
vn 0.715030 0.448100 0.536600
vn 0.778990 0.488180 0.393510
vn 0.813230 0.428740 0.393500
vn 0.858660 0.452690 0.240360
vn 0.890030 0.387400 0.240350
vn 0.913900 0.397790 0.080860
vn 0.941030 0.328530 0.080860
vn 0.532090 0.842830 0.080710
vn 0.518180 0.820800 0.240380
vn 0.518190 0.820840 0.240210
vn 0.490750 0.777390 0.393490
vn 0.490740 0.777350 0.393580
vn 0.450480 0.713580 0.536530
vn 0.450500 0.713620 0.536470
vn 0.398430 0.631140 0.665520
vn 0.398420 0.631100 0.665560
vn 0.336040 0.532300 0.777000
vn 0.336050 0.532320 0.776990
vn 0.264740 0.419350 0.868370
vn 0.264740 0.419360 0.868360
vn 0.186480 0.295400 0.937000
vn 0.186490 0.295410 0.936990
vn 0.103390 0.163780 0.981060
vn 0.103380 0.163750 0.981070
vn 0.467740 0.880170 0.080690
vn 0.455510 0.857150 0.240430
vn 0.455510 0.857170 0.240370
vn 0.431420 0.811830 0.393450
vn 0.431410 0.811820 0.393490
vn 0.396040 0.745240 0.536440
vn 0.396020 0.745180 0.536530
vn 0.350260 0.659080 0.665540
vn 0.350260 0.659090 0.665520
vn 0.295410 0.555880 0.777000
vn 0.295410 0.555880 0.777000
vn 0.232730 0.437920 0.868370
vn 0.232730 0.437920 0.868370
vn 0.163960 0.308520 0.936980
vn 0.163940 0.308480 0.937000
vn 0.090880 0.171000 0.981070
vn 0.090890 0.171030 0.981060
vn 0.077860 0.177300 0.981070
vn 0.400810 0.912590 0.080790
vn 0.390320 0.888720 0.240470
vn 0.390320 0.888730 0.240430
vn 0.369680 0.841740 0.393460
vn 0.369680 0.841740 0.393450
vn 0.339360 0.772690 0.536460
vn 0.339360 0.772700 0.536430
vn 0.300120 0.683360 0.665540
vn 0.300120 0.683360 0.665540
vn 0.253150 0.576400 0.776960
vn 0.253140 0.576360 0.777000
vn 0.199420 0.454060 0.868370
vn 0.199420 0.454060 0.868370
vn 0.140480 0.319860 0.936990
vn 0.140490 0.319880 0.936980
vn 0.077870 0.177300 0.981070
vn 0.077870 0.177310 0.981070
vn 0.331620 0.939950 0.080750
vn 0.322960 0.915390 0.240350
vn 0.322960 0.915350 0.240470
vn 0.305890 0.866970 0.393430
vn 0.305890 0.866960 0.393460
vn 0.280770 0.795780 0.536570
vn 0.280780 0.795850 0.536460
vn 0.248340 0.703900 0.665470
vn 0.248330 0.703830 0.665550
vn 0.209450 0.593620 0.777010
vn 0.209460 0.593680 0.776960
vn 0.165000 0.467680 0.868360
vn 0.165000 0.467660 0.868370
vn 0.116240 0.329470 0.936980
vn 0.116240 0.329450 0.936990
vn 0.064430 0.182610 0.981070
vn 0.064430 0.182610 0.981070
vn 0.260610 0.962050 0.080870
vn 0.253810 0.936940 0.240240
vn 0.253820 0.936910 0.240360
vn 0.240380 0.887330 0.393520
vn 0.240380 0.887380 0.393420
vn 0.220640 0.814500 0.536570
vn 0.220640 0.814500 0.536580
vn 0.195170 0.720480 0.665440
vn 0.195170 0.720460 0.665470
vn 0.164590 0.607580 0.777020
vn 0.164590 0.607590 0.777010
vn 0.129670 0.478670 0.868360
vn 0.129670 0.478680 0.868360
vn 0.091350 0.337230 0.936980
vn 0.091350 0.337220 0.936980
vn 0.050630 0.186890 0.981080
vn 0.050630 0.186910 0.981070
vn -0.124200 0.148520 0.981080
vn -0.252960 0.937170 0.240250
vn -0.742830 0.664570 0.080880
vn -0.189650 0.978520 0.080800
vn -0.118620 0.989650 0.080810
vn -0.046960 0.995630 0.080700
vn -0.389400 0.306910 0.868430
vn -0.150720 0.121380 0.981100
vn -0.386900 0.304920 0.870250
vn -0.269180 0.216640 0.938410
vn -0.272600 0.218290 0.937040
vn -0.153640 0.122660 0.980480
vn -0.493330 0.390710 0.777160
vn -0.491660 0.388890 0.779130
vn -0.386840 0.305640 0.870020
vn -0.586400 0.461580 0.665640
vn -0.579040 0.453320 0.677650
vn -0.579180 0.453420 0.677470
vn -0.664090 0.520570 0.536650
vn -0.627410 0.491540 0.603940
vn -0.628090 0.492080 0.602800
vn -0.724270 0.566240 0.393450
vn -0.721560 0.562640 0.403470
vn -0.666960 0.521830 0.531840
vn -0.788550 0.613110 0.047790
vn -0.774270 0.612590 0.158870
vn -0.787720 0.610700 0.080880
vn -0.780100 0.604770 0.160330
vn -0.764480 0.598140 0.240420
vn -0.757810 0.589170 0.280380
vn -0.757880 0.589220 0.280070
vn 0.082260 0.994010 0.071930
vn 0.080740 0.993450 0.080800
vn 0.081990 0.977290 0.195410
vn 0.081960 0.944400 0.318420
vn 0.077770 0.885130 0.458790
vn 0.066780 0.758990 0.647670
vn 0.066780 0.758970 0.647700
vn 0.069130 0.828290 0.556020
vn 0.057790 0.644330 0.762560
vn 0.044440 0.490500 0.870300
vn -0.259740 0.962290 0.080800
vn -0.259750 0.962290 0.080780
vn -0.328430 0.941070 0.080770
vn -0.395430 0.914950 0.080600
vn -0.522920 0.848560 0.080620
vn -0.582730 0.808630 0.080890
vn -0.692270 0.717110 0.080640
vn -0.693000 0.716410 0.080680
vn -0.742810 0.664620 0.080680
vn -0.302960 0.868020 0.393400
vn -0.319880 0.916490 0.240250
vn -0.319840 0.916460 0.240430
vn -0.328430 0.941070 0.080770
vn -0.328460 0.941070 0.080600
vn -0.334820 0.774640 0.536500
vn -0.364760 0.843910 0.393400
vn -0.364710 0.843850 0.393570
vn -0.385090 0.891010 0.240420
vn -0.385120 0.891030 0.240310
vn -0.395450 0.914930 0.080720
vn -0.395420 0.914940 0.080800
vn -0.344720 0.661960 0.665560
vn -0.389780 0.748490 0.536500
vn -0.389770 0.748480 0.536530
vn -0.424600 0.815360 0.393570
vn -0.424610 0.815370 0.393540
vn -0.448350 0.860950 0.240310
vn -0.448340 0.860950 0.240340
vn -0.460370 0.884040 0.080790
vn -0.460390 0.884050 0.080630
vn -0.330240 0.535890 0.777020
vn -0.391560 0.635380 0.665560
vn -0.391580 0.635410 0.665520
vn -0.442730 0.718410 0.536530
vn -0.442730 0.718410 0.536540
vn -0.482310 0.782630 0.393540
vn -0.482310 0.782630 0.393520
vn -0.509270 0.826370 0.240340
vn -0.509290 0.826380 0.240250
vn -0.522940 0.848540 0.080660
vn -0.522910 0.848540 0.080890
vn -0.289900 0.402280 0.868410
vn -0.368020 0.510680 0.777020
vn -0.368060 0.510730 0.776980
vn -0.436380 0.605520 0.665520
vn -0.436340 0.605480 0.665590
vn -0.493370 0.684630 0.536530
vn -0.493380 0.684640 0.536510
vn -0.537480 0.745830 0.393530
vn -0.537470 0.745820 0.393560
vn -0.567520 0.787530 0.240250
vn -0.567510 0.787520 0.240290
vn -0.582730 0.808630 0.080850
vn -0.582760 0.808630 0.080740
vn -0.224180 0.267990 0.936980
vn -0.318150 0.380330 0.868410
vn -0.318160 0.380340 0.868400
vn -0.403920 0.482860 0.776980
vn -0.403920 0.482860 0.776980
vn -0.478860 0.572440 0.665590
vn -0.478890 0.572470 0.665540
vn -0.541470 0.647280 0.536510
vn -0.541450 0.647260 0.536550
vn -0.589850 0.705120 0.393560
vn -0.589880 0.705140 0.393470
vn -0.622840 0.744540 0.240290
vn -0.622820 0.744530 0.240370
vn -0.639530 0.764510 0.080750
vn -0.639550 0.764510 0.080640
vn 0.031560 0.341220 0.939450
vn 0.031160 0.347860 0.937030
vn 0.008750 0.349220 0.937000
vn -0.036840 0.190100 0.981070
vn -0.023040 0.192260 0.981070
vn -0.041580 0.346860 0.937000
vn -0.016460 0.348950 0.937000
vn -0.023360 0.495380 0.868360
vn 0.012410 0.495770 0.868360
vn 0.015750 0.629290 0.777010
vn 0.053230 0.627090 0.777130
vn 0.057880 0.645350 0.761690
vn -0.091040 0.337270 0.936990
vn -0.066480 0.342960 0.936990
vn -0.094360 0.486800 0.868400
vn -0.059010 0.492340 0.868400
vn -0.074910 0.624980 0.777040
vn -0.029660 0.628750 0.777040
vn -0.035170 0.745580 0.665490
vn 0.018680 0.746180 0.665490
vn 0.021120 0.843590 0.536570
vn 0.067760 0.841010 0.536760
vn 0.077780 0.885230 0.458600
vn -0.115180 0.330020 0.936920
vn -0.091110 0.337450 0.936920
vn -0.129270 0.478830 0.868340
vn -0.094390 0.486910 0.868340
vn -0.119810 0.618030 0.776970
vn -0.074930 0.625060 0.776980
vn -0.088830 0.741010 0.665590
vn -0.035150 0.745490 0.665590
vn -0.039750 0.842920 0.536560
vn 0.021120 0.843590 0.536570
vn 0.023010 0.919060 0.393460
vn 0.073090 0.916370 0.393610
vn 0.081970 0.944520 0.318050
vn -0.138600 0.320680 0.936990
vn -0.115090 0.329850 0.936990
vn -0.163340 0.468080 0.868460
vn -0.129190 0.478630 0.868460
vn -0.164020 0.607700 0.777050
vn -0.119780 0.617940 0.777050
vn -0.142020 0.732690 0.665580
vn -0.088830 0.741020 0.665590
vn -0.100440 0.837890 0.536520
vn -0.039760 0.842960 0.536510
vn -0.043310 0.918310 0.393490
vn 0.023010 0.919040 0.393490
vn 0.024300 0.970410 0.240260
vn 0.076680 0.967650 0.240370
vn 0.081990 0.977300 0.195340
vn 0.024920 0.996420 0.080810
vn -0.046950 0.995620 0.080810
vn -0.045730 0.969630 0.240260
vn -0.115540 0.963810 0.240260
vn -0.109420 0.912810 0.393450
vn -0.174950 0.902550 0.393450
vn -0.160590 0.828480 0.536490
vn -0.219910 0.814750 0.536490
vn -0.194490 0.720550 0.665570
vn -0.245930 0.704650 0.665570
vn -0.207400 0.594260 0.777070
vn -0.249710 0.577760 0.777070
vn -0.196740 0.455200 0.868380
vn -0.229040 0.439830 0.868380
vn -0.161370 0.309880 0.936980
vn -0.183300 0.297440 0.936980
vn -0.101600 0.164860 0.981070
vn -0.113220 0.157100 0.981070
vn 0.017820 0.189030 0.981810
vn 0.017650 0.192810 0.981080
vn 0.004850 0.193590 0.981070
vn 0.004850 0.193590 0.981070
vn 0.004850 0.193570 0.981070
vn -0.009120 0.193410 0.981070
vn -0.023050 0.192270 0.981070
vn -0.009130 0.193430 0.981070
vn -0.016470 0.349000 0.936980
vn 0.008740 0.349280 0.936980
vn 0.012410 0.495760 0.868370
vn 0.044130 0.493850 0.868430
vn 0.050440 0.572360 0.818450
vn 0.062250 0.743650 0.665670
vn 0.018690 0.746140 0.665520
vn 0.015760 0.629230 0.777060
vn -0.029660 0.628730 0.777060
vn -0.023370 0.495420 0.868340
vn -0.059030 0.492440 0.868340
vn -0.041590 0.346900 0.936980
vn -0.066490 0.343000 0.936980
vn -0.036850 0.190110 0.981070
vn -0.089440 0.171750 0.981070
vn -0.076820 0.177750 0.981070
vn -0.076820 0.177750 0.981070
vn -0.076820 0.177740 0.981070
vn -0.063800 0.182820 0.981070
vn -0.063810 0.182830 0.981070
vn -0.050460 0.186960 0.981070
vn -0.050460 0.186950 0.981070
vn -0.036850 0.190100 0.981070
vn 0.024950 0.996420 0.080770
vn 0.024940 0.996420 0.080830
vn 0.024290 0.970420 0.240210
vn -0.045730 0.969640 0.240210
vn -0.043310 0.918310 0.393500
vn -0.109410 0.912790 0.393500
vn -0.100430 0.837870 0.536550
vn -0.160580 0.828450 0.536550
vn -0.142010 0.732670 0.665610
vn -0.194470 0.720510 0.665610
vn -0.164020 0.607700 0.777040
vn -0.207420 0.594290 0.777040
vn -0.163430 0.468270 0.868340
vn -0.196770 0.455260 0.868340
vn -0.138620 0.320710 0.936980
vn -0.161370 0.309880 0.936980
vn -0.089420 0.171720 0.981080
vn -0.101570 0.164830 0.981080
vn -0.113200 0.157070 0.981080
vn -0.113200 0.157080 0.981080
vn -0.204370 0.283600 0.936910
vn -0.183420 0.297580 0.936910
vn -0.260220 0.422210 0.868340
vn -0.229080 0.439890 0.868340
vn -0.290730 0.558270 0.777050
vn -0.249720 0.577780 0.777050
vn -0.296100 0.685080 0.665570
vn -0.245930 0.704650 0.665570
vn -0.278070 0.796760 0.536510
vn -0.219910 0.814740 0.536510
vn -0.239560 0.887550 0.393540
vn -0.174930 0.902510 0.393540
vn -0.184710 0.952970 0.240250
vn -0.115540 0.963810 0.240250
vn -0.118640 0.989650 0.080740
vn -0.118620 0.989660 0.080700
vn -0.124240 0.148520 0.981070
vn -0.124240 0.148520 0.981070
vn -0.224200 0.268010 0.936970
vn -0.204270 0.283490 0.936970
vn -0.289820 0.402190 0.868480
vn -0.260080 0.422030 0.868470
vn -0.330230 0.535870 0.777040
vn -0.290740 0.558280 0.777050
vn -0.344750 0.662000 0.665500
vn -0.296130 0.685140 0.665500
vn -0.334810 0.774630 0.536520
vn -0.278070 0.796760 0.536510
vn -0.302930 0.867970 0.393520
vn -0.239570 0.887550 0.393520
vn -0.252960 0.937160 0.240290
vn -0.184710 0.952960 0.240290
vn -0.189660 0.978520 0.080780
vn -0.189660 0.978520 0.080800
vn -0.693000 0.716410 0.080730
vn -0.674910 0.697710 0.240220
vn -0.674870 0.697690 0.240360
vn -0.639150 0.660770 0.393530
vn -0.639180 0.660780 0.393470
vn -0.586700 0.606530 0.536560
vn -0.586710 0.606540 0.536550
vn -0.518910 0.536450 0.665540
vn -0.518920 0.536450 0.665540
vn -0.437640 0.452430 0.777040
vn -0.437690 0.452470 0.776980
vn -0.344830 0.356470 0.868340
vn -0.344750 0.356410 0.868400
vn -0.242870 0.251080 0.937000
vn -0.242930 0.251130 0.936970
vn -0.134640 0.139180 0.981070
vn -0.134620 0.139170 0.981080
vn -0.742830 0.664570 0.080870
vn -0.723430 0.647210 0.240370
vn -0.723460 0.647220 0.240220
vn -0.685200 0.612990 0.393390
vn -0.685140 0.612960 0.393540
vn -0.628910 0.562650 0.536560
vn -0.628910 0.562650 0.536560
vn -0.556250 0.497650 0.665530
vn -0.556240 0.497640 0.665550
vn -0.469110 0.419690 0.777050
vn -0.469120 0.419700 0.777040
vn -0.369600 0.330660 0.868370
vn -0.369630 0.330690 0.868340
vn -0.260380 0.232950 0.936980
vn -0.260340 0.232920 0.937000
vn -0.144300 0.129100 0.981080
vn -0.144320 0.129110 0.981070
vn 0.068140 -0.091950 0.993430
vn 0.024470 0.090350 0.995610
vn 0.000000 0.000000 1.000000
vn 0.055430 0.087800 0.994600
vn 0.036360 0.096580 0.994660
vn 0.047840 0.096530 0.994180
vn -0.000000 -0.000000 1.000000
vn 0.090770 0.066800 0.993630
vn 0.079530 0.063900 0.994780
vn 0.000000 0.000000 1.000000
vn 0.071450 0.091870 0.993200
vn 0.071450 0.082720 0.994010
vn 0.067900 0.075120 0.994860
vn 0.072990 0.072750 0.994680
vn 0.078260 0.067150 0.994670
vn 0.000000 0.000000 1.000000
vn 0.094460 0.066780 0.993290
vn 0.094460 0.059200 0.993770
vn 0.087310 0.050030 0.994920
vn 0.091670 0.048330 0.994620
vn 0.097640 0.042500 0.994310
vn 0.100840 0.019040 0.994720
vn 0.096500 0.025800 0.995000
vn 0.097450 0.025000 0.994930
vn 0.099690 0.034800 0.994410
vn 0.099690 0.034810 0.994410
vn 0.102390 -0.011510 0.994680
vn 0.101000 -0.003770 0.994880
vn 0.096940 0.003620 0.995280
vn 0.100330 -0.000000 0.994950
vn 0.102390 0.011510 0.994680
vn 0.102390 0.011510 0.994680
vn 0.091670 -0.048330 0.994620
vn 0.087310 -0.050030 0.994920
vn 0.094450 -0.059190 0.993770
vn 0.000000 0.000000 1.000000
vn 0.102390 -0.016620 0.994610
vn 0.096500 -0.025800 0.995000
vn 0.097450 -0.025000 0.994930
vn 0.099690 -0.034800 0.994410
vn 0.099690 -0.040490 0.994190
vn -0.000000 0.000000 1.000000
vn 0.000000 0.000000 1.000000
vn 0.094450 -0.066770 0.993290
vn 0.090760 -0.066800 0.993630
vn 0.079540 -0.063910 0.994780
vn 0.078270 -0.067150 0.994670
vn 0.073000 -0.072760 0.994670
vn 0.067920 -0.075120 0.994860
vn 0.071490 -0.082770 0.994000
vn 0.071490 -0.091920 0.993200
vn -0.000000 0.000000 1.000000
vn 0.042410 -0.096550 0.994420
vn 0.042400 -0.096550 0.994420
vn 0.049990 -0.094060 0.994310
vn 0.020890 -0.097180 0.995050
vn 0.026680 -0.098480 0.994780
vn 0.046480 -0.060840 0.997070
vn 0.046500 -0.060840 0.997060
vn 0.034350 -0.097360 0.994660
vn 0.037100 -0.095690 0.994720
vn 0.037100 -0.102810 0.994010
vn 0.038590 -0.075240 0.996420
vn 0.042000 -0.077150 0.996130
vn 0.042010 -0.062740 0.997150
vn 0.050110 -0.079090 0.995610
vn 0.078280 -0.051490 0.995600
vn 0.071540 -0.052510 0.996050
vn 0.071530 -0.052520 0.996060
vn 0.066420 -0.054390 0.996310
vn 0.063720 -0.056290 0.996380
vn 0.061300 -0.058360 0.996410
vn 0.061300 -0.058360 0.996410
vn 0.058500 -0.062560 0.996330
vn 0.056320 -0.068300 0.996070
vn 0.080450 -0.050060 0.995500
vn 0.082670 -0.048160 0.995410
vn 0.079530 -0.051210 0.995520
vn 0.087080 -0.051420 0.994870
vn 0.087220 -0.051420 0.994860
vn 0.088490 -0.025970 0.995740
vn 0.085460 -0.015100 0.996230
vn 0.088380 -0.025020 0.995770
vn 0.093570 -0.022160 0.995370
vn 0.088520 -0.025940 0.995740
vn 0.084850 -0.029890 0.995940
vn 0.082350 -0.034170 0.996020
vn 0.082390 -0.034050 0.996020
vn 0.081370 -0.037400 0.995980
vn 0.080610 -0.040740 0.995910
vn 0.080450 -0.046870 0.995660
vn 0.085580 0.015940 0.996200
vn 0.085590 0.012770 0.996250
vn 0.086020 0.009610 0.996250
vn 0.094340 0.000450 0.995540
vn 0.093670 0.000000 0.995600
vn 0.088530 0.005130 0.996060
vn 0.088460 0.005220 0.996070
vn 0.089140 -0.004370 0.996010
vn 0.089160 -0.004350 0.996010
vn 0.086290 -0.008870 0.996230
vn 0.085660 -0.012020 0.996250
vn 0.085470 -0.014980 0.996230
vn 0.085470 -0.015200 0.996220
vn 0.081180 0.038180 0.995970
vn 0.082060 0.034870 0.996020
vn 0.082060 0.034890 0.996020
vn 0.084350 0.030590 0.995970
vn 0.087710 0.026680 0.995790
vn 0.087730 0.026660 0.995790
vn 0.089800 0.025020 0.995650
vn 0.087480 0.021360 0.995940
vn 0.085580 0.015930 0.996200
vn 0.085540 0.051360 0.995010
vn 0.085380 0.051360 0.995020
vn 0.079520 0.051210 0.995520
vn 0.081940 0.048860 0.995440
vn 0.080530 0.050060 0.995490
vn 0.080510 0.041350 0.995900
vn 0.080510 0.041680 0.995880
vn 0.054590 0.077600 0.995490
vn 0.056020 0.069450 0.996010
vn 0.056010 0.069480 0.996010
vn 0.058090 0.063420 0.996290
vn 0.060780 0.059000 0.996410
vn 0.060800 0.058970 0.996410
vn 0.063170 0.056750 0.996390
vn 0.065670 0.054820 0.996330
vn 0.070650 0.052750 0.996100
vn 0.070550 0.052790 0.996110
vn 0.076910 0.051620 0.995700
vn 0.041970 0.077510 0.996110
vn 0.042380 0.063340 0.997090
vn 0.041970 0.077120 0.996140
vn 0.038590 0.075240 0.996420
vn 0.037090 0.103040 0.993990
vn 0.037090 0.100790 0.994220
vn 0.020890 0.097180 0.995050
vn 0.056320 -0.068330 0.996070
vn 0.056370 -0.068030 0.996090
vn 0.056370 -0.075170 0.995580
vn 0.056370 -0.075170 0.995580
vn 0.056370 -0.084810 0.994800
vn 0.055430 -0.087800 0.994600
vn 0.068100 0.091900 0.993440
vn 0.056380 0.084790 0.994800
vn 0.056370 0.075170 0.995580
vn 0.056380 0.075170 0.995580
vn 0.056380 0.060560 0.996570
vn 0.045420 0.060590 0.997130
vn -0.637390 -0.766300 0.080800
vn -0.690730 -0.718570 0.080940
vn -0.784210 -0.615190 0.081010
vn -0.763520 -0.599350 0.240450
vn -0.779970 -0.607350 0.150920
vn -0.780010 -0.607380 0.150570
vn -0.676060 -0.528920 0.513010
vn -0.724200 -0.568850 0.389800
vn -0.723230 -0.567580 0.393430
vn -0.758070 -0.591660 0.274350
vn -0.757990 -0.591600 0.274720
vn -0.675800 -0.528710 0.513590
vn -0.662690 -0.522390 0.536610
vn -0.605580 -0.475170 0.638340
vn -0.605240 -0.474900 0.638870
vn -0.584780 -0.463760 0.665550
vn -0.559590 -0.442200 0.700940
vn -0.505510 -0.398400 0.765330
vn -0.492510 -0.391580 0.777240
vn -0.397690 -0.314930 0.861780
vn -0.388720 -0.307810 0.868420
vn -0.396090 -0.316190 0.862050
vn -0.287360 -0.229350 0.929960
vn -0.270950 -0.220270 0.937050
vn -0.163340 -0.127550 0.978290
vn -0.152720 -0.119020 0.981080
vn -0.163850 -0.132470 0.977550
vn -0.113530 -0.157460 0.980980
vn -0.204100 -0.283520 0.936990
vn -0.204800 -0.284830 0.936450
vn -0.289900 -0.402290 0.868400
vn -0.293100 -0.408340 0.864500
vn -0.367650 -0.510780 0.777140
vn -0.371390 -0.518070 0.770500
vn -0.436590 -0.605380 0.665510
vn -0.443020 -0.618250 0.649230
vn -0.492710 -0.685100 0.536550
vn -0.496210 -0.692930 0.523090
vn -0.537150 -0.746090 0.393470
vn -0.566570 -0.788180 0.240370
vn -0.540740 -0.755560 0.369780
vn -0.581670 -0.809400 0.080800
vn -0.581700 -0.809390 0.080700
vn -0.582770 -0.809350 0.073010
vn -0.567740 -0.793850 0.217880
vn -0.787720 -0.614940 0.036670
vn -0.784210 -0.615220 0.080720
vn -0.740420 -0.667280 0.080720
vn -0.740410 -0.667290 0.080820
vn -0.690670 -0.718640 0.080820
vn -0.740400 -0.667290 0.080800
vn -0.721060 -0.649860 0.240330
vn -0.721050 -0.649830 0.240410
vn -0.682940 -0.615490 0.393410
vn -0.682940 -0.615490 0.393390
vn -0.626820 -0.564910 0.536640
vn -0.626850 -0.564960 0.536540
vn -0.554490 -0.499740 0.665430
vn -0.554480 -0.499730 0.665460
vn -0.467510 -0.421350 0.777110
vn -0.467490 -0.421320 0.777140
vn -0.368390 -0.332010 0.868370
vn -0.368390 -0.332010 0.868360
vn -0.259500 -0.233880 0.936990
vn -0.259510 -0.233880 0.936990
vn -0.143840 -0.129630 0.981070
vn -0.143830 -0.129630 0.981080
vn -0.690660 -0.718640 0.080890
vn -0.672650 -0.699910 0.240140
vn -0.672640 -0.699860 0.240330
vn -0.637030 -0.662810 0.393540
vn -0.637060 -0.662860 0.393410
vn -0.584720 -0.608400 0.536610
vn -0.584710 -0.608390 0.536640
vn -0.517290 -0.538240 0.665360
vn -0.517260 -0.538190 0.665430
vn -0.436100 -0.453750 0.777130
vn -0.436110 -0.453760 0.777110
vn -0.343640 -0.357550 0.868370
vn -0.343650 -0.357560 0.868360
vn -0.242080 -0.251880 0.936990
vn -0.242080 -0.251870 0.936990
vn -0.134190 -0.139620 0.981070
vn -0.134180 -0.139600 0.981070
vn -0.113300 -0.157250 0.981040
vn -0.113230 -0.157050 0.981080
vn -0.123810 -0.148870 0.981080
vn -0.637390 -0.766280 0.080930
vn -0.620740 -0.746260 0.240360
vn -0.620760 -0.746320 0.240140
vn -0.587890 -0.706810 0.393450
vn -0.587880 -0.706770 0.393550
vn -0.539650 -0.648780 0.536530
vn -0.539620 -0.648740 0.536610
vn -0.477330 -0.573850 0.665470
vn -0.477380 -0.573940 0.665350
vn -0.402450 -0.483860 0.777120
vn -0.402450 -0.483850 0.777130
vn -0.317110 -0.381250 0.868380
vn -0.317120 -0.381270 0.868370
vn -0.223410 -0.268600 0.936990
vn -0.223400 -0.268580 0.936990
vn -0.123830 -0.148880 0.981070
vn -0.123830 -0.148880 0.981070
vn 0.012970 -0.063420 0.997900
vn 0.013970 -0.000720 0.999900
vn 0.012500 -0.000780 0.999920
vn 0.045530 0.046200 0.997890
vn 0.045230 0.047760 0.997830
vn 0.042640 0.050870 0.997790
vn 0.042720 0.050850 0.997790
vn 0.038630 0.051580 0.997920
vn 0.037690 0.051250 0.997970
vn 0.035900 0.055030 0.997840
vn 0.030100 0.056430 0.997950
vn 0.029750 0.059020 0.997810
vn 0.031480 0.059020 0.997760
vn 0.056470 0.037100 0.997710
vn 0.054750 0.040730 0.997670
vn 0.054780 0.040700 0.997670
vn 0.050970 0.042960 0.997780
vn 0.051980 0.042950 0.997720
vn 0.048590 0.045660 0.997770
vn 0.048700 0.045620 0.997770
vn 0.019320 0.004570 0.999800
vn 0.060600 0.030640 0.997690
vn 0.058360 0.032210 0.997780
vn 0.058280 0.033710 0.997730
vn 0.058250 0.033860 0.997730
vn 0.054570 0.041350 0.997650
vn 0.056470 0.034430 0.997810
vn 0.045460 0.034450 0.998370
vn 0.045460 0.034450 0.998370
vn 0.062600 0.027200 0.997670
vn 0.063570 0.023950 0.997690
vn 0.060030 0.025900 0.997860
vn 0.013200 0.000020 0.999910
vn 0.064810 0.022430 0.997650
vn 0.065540 0.020300 0.997640
vn 0.066790 0.014670 0.997660
vn 0.065390 0.016370 0.997730
vn 0.066620 0.012870 0.997700
vn 0.068830 0.001870 0.997630
vn 0.067470 0.005550 0.997710
vn 0.067520 0.005430 0.997700
vn 0.067920 0.004900 0.997680
vn 0.068300 0.009260 0.997620
vn 0.066730 0.014650 0.997660
vn 0.066620 0.012660 0.997700
vn 0.066620 0.012770 0.997700
vn 0.011890 0.000010 0.999930
vn 0.068820 -0.002150 0.997630
vn 0.067480 -0.005540 0.997710
vn 0.067980 -0.004910 0.997670
vn 0.068270 -0.009530 0.997620
vn 0.067160 -0.012990 0.997660
vn 0.066590 -0.014620 0.997670
vn 0.066590 -0.012930 0.997700
vn 0.066550 -0.014610 0.997680
vn 0.065790 -0.012730 0.997750
vn 0.062510 -0.027470 0.997670
vn 0.014950 -0.000590 0.999890
vn 0.066460 -0.017610 0.997630
vn 0.065510 -0.020380 0.997640
vn 0.063160 -0.023790 0.997720
vn 0.063090 -0.023470 0.997730
vn 0.062490 -0.027530 0.997670
vn 0.060490 -0.030730 0.997700
vn 0.058360 -0.032220 0.997780
vn 0.058290 -0.033690 0.997730
vn 0.012680 0.000530 0.999920
vn 0.046190 -0.042920 0.998010
vn 0.052600 -0.042750 0.997700
vn 0.056470 -0.039200 0.997630
vn 0.056470 -0.037490 0.997700
vn 0.057230 -0.035940 0.997710
vn 0.058270 -0.033750 0.997730
vn 0.049940 -0.078580 0.995660
vn 0.049940 -0.078580 0.995660
vn 0.045460 -0.034450 0.998370
vn 0.045460 -0.034450 0.998370
vn 0.045460 -0.042920 0.998040
vn 0.054220 -0.041090 0.997680
vn 0.048450 -0.045680 0.997780
vn 0.045860 -0.046520 0.997860
vn 0.046210 -0.042710 0.998020
vn 0.038280 -0.052050 0.997910
vn 0.042660 -0.050870 0.997790
vn 0.045230 -0.047780 0.997830
vn 0.012880 0.000630 0.999920
vn 0.016830 -0.081680 0.996520
vn 0.008730 -0.095030 0.995440
vn 0.016830 -0.100550 0.994790
vn 0.001950 -0.101760 0.994810
vn 0.001960 -0.101760 0.994810
vn -0.020740 -0.100820 0.994690
vn -0.013050 -0.100640 0.994840
vn -0.046930 -0.085210 0.995260
vn -0.046690 -0.087940 0.995030
vn -0.046140 -0.089990 0.994870
vn -0.045410 -0.091430 0.994780
vn -0.044100 -0.093040 0.994690
vn -0.041940 -0.094920 0.994600
vn 0.000000 0.000000 1.000000
vn -0.024830 -0.100820 0.994600
vn -0.034130 -0.092980 0.995080
vn -0.031240 -0.097300 0.994760
vn -0.038460 -0.097300 0.994510
vn -0.038690 -0.097410 0.994490
vn -0.042120 -0.099330 0.994160
vn -0.044210 -0.100820 0.993920
vn -0.055420 -0.111450 0.992220
vn -0.066410 -0.074990 0.994970
vn -0.058820 -0.085130 0.994630
vn -0.056760 -0.085330 0.994730
vn -0.061990 -0.084240 0.994520
vn -0.078810 -0.080670 0.993620
vn -0.087740 -0.088170 0.992230
vn -0.081080 -0.082260 0.993310
vn -0.073320 -0.075010 0.994480
vn -0.037190 -0.077930 0.996260
vn -0.024130 -0.075150 0.996880
vn -0.038110 -0.081600 0.995940
vn -0.053500 -0.086610 0.994800
vn -0.055290 -0.086230 0.994740
vn -0.053300 -0.086740 0.994800
vn -0.054560 -0.086290 0.994770
vn -0.055480 -0.086140 0.994740
vn -0.056610 -0.085880 0.994700
vn -0.058530 -0.085800 0.994590
vn -0.061600 -0.086010 0.994390
vn -0.042810 -0.089120 0.995100
vn -0.046670 -0.087770 0.995050
vn -0.048570 -0.087290 0.995000
vn -0.049910 -0.087130 0.994950
vn -0.052240 -0.086850 0.994850
vn -0.052310 -0.086820 0.994850
vn -0.051090 -0.087190 0.994880
vn -0.050150 -0.086960 0.994950
vn -0.040930 -0.083040 0.995700
vn -0.043190 -0.084380 0.995500
vn -0.046960 -0.087040 0.995100
vn -0.031660 -0.093680 0.995100
vn -0.067290 -0.093330 0.993360
vn -0.064950 -0.091690 0.993670
vn -0.063950 -0.089640 0.993920
vn -0.063460 -0.087870 0.994110
vn -0.063250 -0.085480 0.994330
vn -0.063460 -0.073880 0.995250
vn -0.073400 -0.059340 0.995540
vn 0.000000 0.000000 1.000000
vn -0.069570 -0.093310 0.993200
vn -0.069570 -0.083640 0.994060
vn -0.064510 -0.073870 0.995180
vn -0.068620 -0.071400 0.995080
vn -0.072450 -0.065290 0.995230
vn 0.005600 -0.079550 0.996810
vn 0.005520 -0.079550 0.996820
vn 0.066130 -0.074920 0.994990
vn 0.020750 -0.082240 0.996400
vn 0.022470 -0.081920 0.996390
vn 0.012170 -0.083800 0.996410
vn 0.008060 -0.084720 0.996370
vn 0.005700 -0.085420 0.996330
vn 0.004340 -0.085960 0.996290
vn 0.003020 -0.086680 0.996230
vn 0.001760 -0.087590 0.996160
vn 0.000960 -0.088330 0.996090
vn -0.000560 -0.090070 0.995940
vn -0.001980 -0.092020 0.995760
vn -0.007460 -0.100480 0.994910
vn -0.007460 -0.099260 0.995030
vn -0.005370 -0.097780 0.995190
vn -0.006420 -0.104490 0.994510
vn -0.008770 -0.096100 0.995330
vn -0.010310 -0.091540 0.995750
vn -0.011470 -0.088690 0.995990
vn -0.012340 -0.086810 0.996150
vn -0.013550 -0.084540 0.996330
vn -0.015050 -0.082150 0.996510
vn -0.037190 -0.077930 0.996260
vn -0.031240 -0.082800 0.996080
vn -0.016890 -0.077230 0.996870
vn -0.018650 -0.077220 0.996840
vn -0.016880 -0.075090 0.997030
vn 0.031480 -0.059020 0.997760
vn 0.029750 -0.059020 0.997810
vn 0.030100 -0.056430 0.997950
vn 0.037870 -0.054550 0.997790
vn 0.038430 -0.043660 0.998310
vn 0.022590 -0.062700 0.997780
vn 0.018200 -0.078700 0.996730
vn 0.018200 -0.078660 0.996740
vn 0.024650 -0.066880 0.997460
vn 0.024060 -0.069220 0.997310
vn 0.002110 -0.092620 0.995700
vn 0.018200 0.063410 0.997820
vn 0.016990 0.083070 0.996400
vn 0.022590 0.062700 0.997780
vn 0.005600 0.079550 0.996810
vn 0.049940 0.078570 0.995660
vn 0.049940 0.078590 0.995660
vn 0.018200 0.078680 0.996730
vn 0.024660 0.066890 0.997460
vn -0.016880 0.077220 0.996870
vn -0.020210 0.075090 0.996970
vn -0.015620 0.081380 0.996560
vn -0.012140 0.086590 0.996170
vn -0.014300 0.083340 0.996420
vn -0.013990 0.083860 0.996380
vn -0.013550 0.084610 0.996320
vn -0.013110 0.085360 0.996260
vn -0.012250 0.086990 0.996130
vn -0.013630 0.084000 0.996370
vn -0.010900 0.089960 0.995890
vn -0.011260 0.089170 0.995950
vn -0.012560 0.085890 0.996230
vn -0.010350 0.091510 0.995750
vn -0.010120 0.092150 0.995690
vn -0.009300 0.094560 0.995480
vn -0.008640 0.096730 0.995270
vn -0.008080 0.098550 0.995100
vn -0.007130 0.102000 0.994760
vn -0.006700 0.103530 0.994600
vn -0.007460 0.100770 0.994880
vn -0.004100 0.095260 0.995440
vn -0.003340 0.094100 0.995560
vn -0.001710 0.091640 0.995790
vn -0.000960 0.090630 0.995880
vn -0.000800 0.090420 0.995900
vn -0.000100 0.089500 0.995990
vn -0.000390 0.089830 0.995960
vn 0.001160 0.088130 0.996110
vn 0.001350 0.087950 0.996120
vn 0.001460 0.087860 0.996130
vn 0.002050 0.087360 0.996170
vn 0.002700 0.086890 0.996210
vn 0.003150 0.086590 0.996240
vn 0.003550 0.086380 0.996260
vn 0.003850 0.086230 0.996270
vn 0.004800 0.085760 0.996300
vn 0.004630 0.085820 0.996300
vn 0.006210 0.085240 0.996340
vn 0.005750 0.085380 0.996330
vn 0.009260 0.084400 0.996390
vn 0.008920 0.084490 0.996380
vn 0.008670 0.084550 0.996380
vn 0.005520 0.075100 0.997160
vn 0.013740 0.083480 0.996410
vn 0.014080 0.083420 0.996420
vn 0.036420 0.079500 0.996170
vn 0.289020 0.110120 0.950970
vn 0.071340 0.084000 0.993910
vn -0.073320 0.073820 0.994570
vn -0.070970 0.075020 0.994650
vn -0.065170 0.081350 0.994550
vn -0.063660 0.083160 0.994500
vn -0.062410 0.084860 0.994440
vn -0.061480 0.086290 0.994370
vn -0.060540 0.087980 0.994280
vn -0.059590 0.089950 0.994160
vn -0.058520 0.092560 0.993990
vn -0.057380 0.095700 0.993760
vn -0.055010 0.103190 0.993140
vn -0.055460 0.101650 0.993270
vn -0.051990 0.096490 0.993980
vn -0.050070 0.092600 0.994440
vn -0.048580 0.089960 0.994760
vn -0.047570 0.088440 0.994950
vn -0.046640 0.087270 0.995090
vn -0.045530 0.086140 0.995240
vn -0.044520 0.085300 0.995360
vn -0.042810 0.084130 0.995530
vn -0.040840 0.082990 0.995710
vn -0.037720 0.081420 0.995970
vn -0.016890 0.077220 0.996870
vn -0.031240 0.082800 0.996080
vn -0.037190 0.077930 0.996260
vn -0.030200 0.077950 0.996500
vn -0.037190 0.075120 0.996480
vn -0.073400 0.059110 0.995550
vn -0.071320 0.073830 0.994720
vn -0.041540 0.037160 0.998450
vn -0.069300 0.076770 0.994640
vn 0.000000 -0.000000 1.000000
vn 0.000000 0.000000 1.000000
vn -0.069300 0.093820 0.993170
vn -0.067620 0.093830 0.993290
vn -0.055010 0.084650 0.994890
vn -0.054170 0.087900 0.994660
vn -0.049260 0.094600 0.994300
vn -0.026680 0.098860 0.994740
vn -0.032900 0.094270 0.995000
vn -0.031240 0.096460 0.994850
vn -0.042200 0.097640 0.994330
vn -0.042200 0.097640 0.994330
vn 0.002550 0.101790 0.994800
vn -0.004720 0.100090 0.994970
vn -0.011530 0.096150 0.995300
vn -0.007460 0.100050 0.994950
vn -0.019570 0.100970 0.994700
vn -0.019570 0.100970 0.994700
vn 0.008960 0.095110 0.995430
vn 0.024070 0.069210 0.997310
vn 0.002080 0.092650 0.995700
vn 0.016840 0.081680 0.996520
vn 0.016840 0.100300 0.994820
vn 0.002550 0.101790 0.994800
vn -0.000000 0.000000 1.000000
vn -0.078440 -0.055910 0.995350
vn -0.087990 -0.046420 0.995040
vn -0.094700 -0.055830 0.993940
vn -0.088200 -0.059480 0.994330
vn -0.087370 -0.062270 0.994230
vn -0.081790 -0.069060 0.994250
vn -0.000000 -0.000000 1.000000
vn 0.000000 0.000000 1.000000
vn -0.099170 -0.054300 0.993590
vn -0.099170 -0.042310 0.994170
vn -0.104660 -0.017080 0.994360
vn -0.105510 -0.019560 0.994230
vn -0.104290 -0.028830 0.994130
vn -0.104290 -0.019330 0.994360
vn -0.103200 -0.028530 0.994250
vn -0.102450 -0.026880 0.994380
vn -0.101550 -0.040280 0.994010
vn -0.103200 0.028530 0.994250
vn -0.104290 0.019330 0.994360
vn -0.104290 0.028830 0.994130
vn -0.105510 0.019560 0.994230
vn -0.104660 0.017080 0.994360
vn -0.107090 0.011820 0.994180
vn -0.105960 0.005720 0.994350
vn -0.107110 0.003930 0.994240
vn -0.107110 -0.005780 0.994230
vn -0.105610 -0.003870 0.994400
vn -0.107090 -0.011820 0.994180
vn -0.078440 0.055910 0.995350
vn -0.089790 0.055030 0.994440
vn -0.099170 0.049370 0.993850
vn -0.099170 0.040150 0.994260
vn -0.097720 0.041680 0.994340
vn -0.098530 0.039070 0.994370
vn -0.101910 0.034900 0.994180
vn -0.102450 0.026880 0.994380
vn -0.101200 0.040140 0.994060
vn -0.087990 0.046420 0.995040
vn -0.087980 0.055860 0.994550
vn -0.100090 0.052800 0.993580
vn -0.085540 0.060970 0.994470
vn -0.089140 0.060110 0.994200
vn -0.081790 0.069060 0.994250
vn -0.087990 -0.046420 0.995040
vn -0.101210 -0.040140 0.994060
vn -0.098200 -0.040150 0.994360
vn -0.100030 -0.034250 0.994400
vn -0.411090 -0.911590 0.002170
vn -0.838750 0.544410 -0.010690
vn -0.840420 0.541920 -0.003960
vn -0.823930 0.566690 -0.000010
vn -0.852620 -0.522530 0.001140
vn -0.823890 -0.566750 -0.000000
vn -0.840410 -0.541930 -0.003960
vn -0.806470 -0.579680 -0.116540
vn -0.838800 -0.544440 -0.000030
vn -0.411050 -0.911610 0.002170
vn -0.425150 -0.905120 0.000000
vn -0.462030 -0.886830 -0.008200
vn -0.471920 -0.881630 -0.004010
vn -0.527950 -0.849280 -0.000960
vn -0.544970 -0.838430 -0.006540
vn 0.082480 0.996590 0.000000
vn 0.051680 0.998650 -0.004670
vn 0.025030 0.999690 0.001140
vn 0.025010 0.999690 0.001140
vn -0.052960 0.998600 -0.001730
vn -0.047120 0.998880 -0.003670
vn -0.157010 0.987590 -0.004820
vn -0.119010 0.992890 0.001950
vn -0.119010 0.992890 0.001950
vn -0.259340 0.965780 -0.002370
vn -0.260600 0.965440 -0.002710
vn -0.259330 0.965790 -0.002700
vn -0.190270 0.981730 0.001690
vn -0.190280 0.981730 0.001690
vn -0.454380 0.890800 -0.003490
vn -0.396720 0.917940 0.002070
vn -0.358840 0.933400 0.002060
vn -0.396720 0.917930 -0.004900
vn -0.358810 0.933400 -0.004790
vn -0.329530 0.944140 0.001510
vn -0.329510 0.944150 0.001510
vn -0.584650 0.811280 0.002260
vn -0.544960 0.838450 -0.004580
vn -0.524630 0.851330 -0.000710
vn -0.544990 0.838440 0.000890
vn -0.524620 0.851330 0.000890
vn -0.461890 0.886930 -0.001100
vn -0.707320 0.706880 -0.004180
vn -0.695270 0.718750 0.000080
vn -0.629640 0.776890 0.000080
vn -0.694510 0.719430 -0.009060
vn -0.629600 0.776920 -0.000120
vn -0.641630 0.766990 -0.005840
vn -0.584660 0.811270 0.002260
vn -0.812000 0.583660 -0.000010
vn -0.808430 0.588590 0.000000
vn -0.777320 0.629110 0.000010
vn -0.789440 0.613810 -0.004230
vn -0.777330 0.629080 -0.004520
vn -0.745270 0.666760 0.002280
vn -0.745240 0.666790 0.002280
vn -0.919800 0.392380 0.001940
vn -0.888590 0.458690 -0.003530
vn -0.891090 0.453820 -0.001700
vn -0.852630 0.522510 0.001130
vn -0.852610 0.522550 0.001130
vn -0.919800 0.392380 0.001940
vn -0.935780 0.352530 -0.005950
vn -0.946080 0.323940 0.000370
vn -0.946080 0.323930 0.000370
vn -0.967250 0.253790 -0.003330
vn -0.965950 0.258720 -0.001760
vn -0.983270 0.182150 0.001170
vn -0.983250 0.182260 0.001170
vn -0.987690 0.156370 -0.004640
vn -0.993960 0.109730 0.002320
vn -0.993960 0.109740 0.002320
vn -0.998620 0.052300 -0.004050
vn -0.999320 0.036660 -0.003170
vn -0.998630 0.052320 0.000000
vn -0.999330 -0.036650 0.000000
vn -0.998620 -0.052320 -0.004050
vn -0.993930 -0.109730 -0.007310
vn -0.998630 -0.052300 0.002320
vn -0.993960 -0.109740 0.002320
vn -0.987690 -0.156380 -0.004640
vn -0.983250 -0.182260 0.001170
vn -0.983270 -0.182180 0.001170
vn -0.965950 -0.258720 -0.001760
vn -0.967250 -0.253790 -0.003450
vn -0.933620 -0.358220 -0.004830
vn -0.946080 -0.323940 0.001920
vn -0.946080 -0.323930 0.001920
vn -0.852630 -0.522510 0.001140
vn -0.888590 -0.458700 -0.001500
vn -0.891090 -0.453810 -0.003120
vn -0.919800 -0.392380 0.001940
vn -0.919810 -0.392370 0.001940
vn -0.816350 -0.577550 0.000010
vn -0.788250 -0.615350 0.000010
vn -0.777310 -0.629100 -0.004300
vn -0.742830 -0.669450 -0.005800
vn -0.777300 -0.629120 0.002260
vn -0.742830 -0.669470 0.002270
vn -0.707330 -0.706870 -0.004400
vn -0.692940 -0.721000 0.000440
vn -0.693000 -0.720930 0.000440
vn -0.629600 -0.776920 -0.000660
vn -0.639480 -0.768810 -0.001840
vn -0.629600 -0.776910 -0.003890
vn -0.583580 -0.812050 0.002080
vn -0.580040 -0.814580 0.002080
vn -0.583600 -0.812040 0.000000
vn -0.355620 -0.934620 -0.004410
vn -0.344100 -0.938930 -0.003680
vn -0.361510 -0.932370 0.000060
vn -0.342260 -0.939600 0.000060
vn -0.259320 -0.965790 -0.000080
vn -0.163980 -0.986440 -0.006220
vn -0.201680 -0.979450 0.000750
vn -0.201660 -0.979450 0.000750
vn -0.273650 -0.961810 -0.005150
vn 0.019270 -0.999810 0.001730
vn -0.054860 -0.998490 -0.002770
vn -0.052960 -0.998590 -0.002150
vn -0.128590 -0.991700 0.001430
vn -0.128630 -0.991690 0.001430
vn 0.019210 -0.999810 0.001730
vn 0.051680 -0.998650 -0.004800
vn 0.080080 -0.996790 0.000000
vn 0.019150 -0.996530 0.080950
vn -0.128170 -0.988460 0.080780
vn -0.341140 -0.936530 0.080830
vn 0.079390 -0.973190 0.215880
vn 0.070580 -0.850070 0.521930
vn 0.057470 -0.655740 0.752800
vn 0.032620 -0.357800 0.933230
vn -0.409710 -0.908650 0.080550
vn -0.399140 -0.884810 0.240430
vn -0.399140 -0.884930 0.239990
vn -0.377730 -0.838150 0.393470
vn -0.377430 -0.836030 0.398240
vn -0.346730 -0.769350 0.536550
vn -0.345850 -0.765370 0.542770
vn -0.305880 -0.680870 0.665470
vn -0.302690 -0.669190 0.678650
vn -0.258380 -0.573810 0.777160
vn -0.255640 -0.564400 0.784920
vn -0.202960 -0.452500 0.868360
vn -0.143280 -0.318600 0.937000
vn -0.197000 -0.433390 0.879410
vn -0.078820 -0.176780 0.981090
vn -0.130300 -0.277920 0.951730
vn 0.031750 -0.347890 0.937000
vn 0.031230 -0.357330 0.933450
vn 0.018300 -0.195720 0.980490
vn 0.055040 -0.626920 0.777130
vn 0.052050 -0.654690 0.754100
vn 0.047700 -0.528270 0.847740
vn 0.044750 -0.493880 0.868380
vn 0.042190 -0.526940 0.848860
vn 0.038690 -0.445250 0.894570
vn 0.069830 -0.840860 0.536720
vn 0.067890 -0.849800 0.522720
vn 0.065670 -0.783680 0.617680
vn 0.062360 -0.743760 0.665530
vn 0.056300 -0.782730 0.619810
vn 0.059790 -0.735010 0.675420
vn 0.078930 -0.967490 0.240270
vn 0.075460 -0.973110 0.217650
vn 0.077440 -0.931340 0.355820
vn 0.076210 -0.916110 0.393610
vn 0.070930 -0.931300 0.357290
vn 0.072750 -0.895100 0.439890
vn 0.079820 -0.993510 0.080980
vn 0.074510 -0.996030 0.048620
vn 0.079070 -0.989380 0.121980
vn -0.409710 -0.908650 0.080580
vn -0.409750 -0.908620 0.080760
vn -0.342980 -0.935870 0.080750
vn -0.272760 -0.958680 0.080850
vn -0.201000 -0.976250 0.080850
vn -0.201020 -0.976250 0.080820
vn -0.128210 -0.988450 0.080810
vn -0.054690 -0.995230 0.080820
vn 0.019210 -0.996540 0.080830
vn -0.342950 -0.935860 0.080930
vn -0.334010 -0.911470 0.240130
vn -0.334020 -0.911390 0.240410
vn -0.316350 -0.863170 0.393540
vn -0.316350 -0.863200 0.393450
vn -0.290380 -0.792340 0.536550
vn -0.290380 -0.792350 0.536520
vn -0.256870 -0.700920 0.665380
vn -0.256860 -0.700880 0.665430
vn -0.216560 -0.590910 0.777130
vn -0.216560 -0.590900 0.777130
vn -0.170660 -0.465660 0.868350
vn -0.170670 -0.465690 0.868330
vn -0.120200 -0.327990 0.937000
vn -0.120210 -0.328030 0.936990
vn -0.066640 -0.181850 0.981070
vn -0.066440 -0.181010 0.981230
vn -0.272760 -0.958680 0.080820
vn -0.265640 -0.933650 0.240270
vn -0.265630 -0.933690 0.240130
vn -0.251560 -0.884230 0.393510
vn -0.251560 -0.884220 0.393530
vn -0.230930 -0.811700 0.536490
vn -0.230930 -0.811660 0.536550
vn -0.204270 -0.717970 0.665430
vn -0.204270 -0.718010 0.665380
vn -0.172220 -0.605330 0.777120
vn -0.172220 -0.605320 0.777130
vn -0.135690 -0.476950 0.868390
vn -0.135700 -0.477020 0.868350
vn -0.095600 -0.336060 0.936970
vn -0.095590 -0.335990 0.937000
vn -0.052990 -0.186260 0.981070
vn -0.053000 -0.186280 0.981070
vn -0.039020 -0.189680 0.981070
vn -0.201020 -0.976250 0.080810
vn -0.195770 -0.950770 0.240220
vn -0.195770 -0.950760 0.240260
vn -0.185410 -0.900420 0.393540
vn -0.185410 -0.900430 0.393510
vn -0.170190 -0.826550 0.536520
vn -0.170190 -0.826560 0.536490
vn -0.150550 -0.731170 0.665370
vn -0.150550 -0.731130 0.665420
vn -0.126930 -0.616410 0.777130
vn -0.126930 -0.616410 0.777130
vn -0.100020 -0.485720 0.868370
vn -0.100010 -0.485690 0.868390
vn -0.070460 -0.342190 0.936990
vn -0.070470 -0.342220 0.936970
vn -0.039060 -0.189690 0.981070
vn -0.039060 -0.189670 0.981070
vn -0.128200 -0.988450 0.080830
vn -0.124860 -0.962650 0.240240
vn -0.124850 -0.962650 0.240230
vn -0.118240 -0.911660 0.393580
vn -0.118240 -0.911670 0.393540
vn -0.108550 -0.836970 0.536380
vn -0.108550 -0.836880 0.536510
vn -0.096020 -0.740250 0.665440
vn -0.096020 -0.740310 0.665370
vn -0.080950 -0.624110 0.777140
vn -0.080950 -0.624110 0.777130
vn -0.063790 -0.491820 0.868360
vn -0.063790 -0.491790 0.868380
vn -0.044940 -0.346460 0.936990
vn -0.044940 -0.346470 0.936980
vn -0.024910 -0.192050 0.981070
vn -0.024910 -0.192040 0.981070
vn -0.054680 -0.995230 0.080780
vn -0.053250 -0.969210 0.240410
vn -0.053230 -0.969250 0.240240
vn -0.050420 -0.917930 0.393510
vn -0.050420 -0.917910 0.393580
vn -0.046290 -0.842660 0.536450
vn -0.046280 -0.842710 0.536380
vn -0.040940 -0.745350 0.665420
vn -0.040940 -0.745330 0.665440
vn -0.034520 -0.628440 0.777090
vn -0.034520 -0.628390 0.777140
vn -0.027200 -0.495160 0.868380
vn -0.027200 -0.495200 0.868360
vn -0.019160 -0.348840 0.936990
vn -0.019160 -0.348840 0.936990
vn -0.010620 -0.193360 0.981070
vn -0.010620 -0.193360 0.981070
vn 0.018280 -0.195470 0.980540
vn 0.017700 -0.192820 0.981080
vn 0.003710 -0.193600 0.981070
vn 0.019170 -0.996550 0.080760
vn 0.018670 -0.970550 0.240180
vn 0.018650 -0.970490 0.240400
vn 0.017660 -0.919150 0.393500
vn 0.017660 -0.919150 0.393510
vn 0.016210 -0.843690 0.536590
vn 0.016230 -0.843770 0.536450
vn 0.014360 -0.746340 0.665420
vn 0.014360 -0.746330 0.665420
vn 0.012100 -0.629290 0.777080
vn 0.012100 -0.629270 0.777090
vn 0.009540 -0.495860 0.868350
vn 0.009530 -0.495820 0.868380
vn 0.006710 -0.349300 0.936990
vn 0.006710 -0.349300 0.936990
vn 0.003720 -0.193590 0.981080
vn 0.003730 -0.193620 0.981070
vn -0.849830 -0.520820 0.080800
vn -0.916790 -0.391090 0.080900
vn -0.980050 -0.181580 0.080840
vn -0.996060 0.036540 0.080800
vn -0.990720 0.109380 0.080640
vn -0.943000 0.322880 0.080660
vn -0.849850 0.520800 0.080700
vn -0.797270 -0.549210 0.250440
vn -0.564600 -0.398180 0.722970
vn -0.157660 -0.112380 0.981080
vn -0.283370 -0.204420 0.936970
vn -0.355670 -0.238930 0.903550
vn -0.229020 -0.164850 0.959360
vn -0.159430 -0.115550 0.980420
vn -0.229820 -0.146050 0.962210
vn -0.131920 -0.094020 0.986790
vn -0.514040 -0.362960 0.777190
vn -0.568620 -0.383590 0.727690
vn -0.468190 -0.330370 0.819540
vn -0.404940 -0.286100 0.868430
vn -0.470970 -0.314760 0.824080
vn -0.354190 -0.254290 0.899940
vn -0.611640 -0.427690 0.665560
vn -0.673820 -0.446020 0.589090
vn -0.623780 -0.426400 0.655050
vn -0.756800 -0.521850 0.393600
vn -0.775190 -0.522350 0.355280
vn -0.731040 -0.509620 0.453740
vn -0.692070 -0.482670 0.536720
vn -0.739940 -0.491420 0.459350
vn -0.666150 -0.465510 0.582700
vn -0.834910 -0.538150 0.115380
vn -0.798700 -0.551550 0.240560
vn -0.817560 -0.564550 0.113450
vn -0.823530 -0.561480 0.080850
vn -0.823670 -0.566590 0.023160
vn -0.818270 0.561600 0.122660
vn -0.802100 0.546690 0.240330
vn -0.806570 0.558040 0.195020
vn -0.806570 0.558030 0.195040
vn -0.720270 0.501820 0.478940
vn -0.755830 0.517220 0.401500
vn -0.759230 0.518190 0.393760
vn -0.777450 0.539840 0.322710
vn -0.777490 0.539870 0.322570
vn -0.720470 0.501950 0.478520
vn -0.696320 0.476490 0.536750
vn -0.688340 0.473070 0.549910
vn -0.615080 0.422490 0.665720
vn -0.644130 0.450850 0.617920
vn -0.644040 0.450790 0.618060
vn -0.436170 0.309430 0.844990
vn -0.503190 0.349040 0.790550
vn -0.518080 0.357060 0.777240
vn -0.558560 0.393150 0.730370
vn -0.558560 0.393150 0.730370
vn -0.435870 0.309220 0.845220
vn -0.407230 0.282810 0.868440
vn -0.309500 0.221390 0.924770
vn -0.157670 0.112370 0.981080
vn -0.309520 0.221410 0.924760
vn -0.286210 0.200150 0.937030
vn -0.166240 0.120480 0.978700
vn -0.159540 0.115730 0.980380
vn -0.166800 0.118890 0.978800
vn -0.849820 0.520840 0.080790
vn -0.823550 0.561460 0.080830
vn -0.822560 0.565750 0.057730
vn -0.885690 0.457190 0.080880
vn -0.916790 0.391090 0.080880
vn -0.916790 0.391090 0.080900
vn -0.942980 0.322880 0.080890
vn -0.964090 0.252960 0.080870
vn -0.980050 0.181550 0.080860
vn -0.980040 0.181670 0.080720
vn -0.990720 0.109380 0.080720
vn -0.996070 -0.036540 0.080640
vn -0.990720 -0.109380 0.080640
vn -0.990700 -0.109380 0.080910
vn -0.980030 -0.181660 0.080900
vn -0.964110 -0.252970 0.080670
vn -0.943000 -0.322880 0.080680
vn -0.942980 -0.322880 0.080840
vn -0.916800 -0.391080 0.080840
vn -0.885680 -0.457200 0.080810
vn -0.849840 -0.520800 0.080820
vn -0.849820 0.520850 0.080770
vn -0.827610 0.507230 0.240380
vn -0.827660 0.507240 0.240200
vn -0.783840 0.480390 0.393470
vn -0.783800 0.480370 0.393560
vn -0.719540 0.440990 0.536460
vn -0.719510 0.440980 0.536520
vn -0.636350 0.390010 0.665550
vn -0.636380 0.390020 0.665510
vn -0.536650 0.328900 0.777060
vn -0.536630 0.328890 0.777080
vn -0.422830 0.259150 0.868360
vn -0.422880 0.259170 0.868340
vn -0.297880 0.182560 0.936980
vn -0.297880 0.182560 0.936990
vn -0.165100 0.101190 0.981070
vn -0.165110 0.101190 0.981070
vn -0.885710 0.457170 0.080710
vn -0.862580 0.445240 0.240250
vn -0.862550 0.445240 0.240370
vn -0.816930 0.421690 0.393450
vn -0.816920 0.421690 0.393480
vn -0.749840 0.387060 0.536590
vn -0.749920 0.387080 0.536460
vn -0.663270 0.342360 0.665480
vn -0.663210 0.342340 0.665550
vn -0.559370 0.288740 0.777000
vn -0.559300 0.288720 0.777060
vn -0.440660 0.227470 0.868380
vn -0.440670 0.227470 0.868370
vn -0.310440 0.160250 0.936990
vn -0.310460 0.160260 0.936980
vn -0.172080 0.088830 0.981070
vn -0.172070 0.088820 0.981070
vn -0.178100 0.075970 0.981080
vn -0.916790 0.391090 0.080890
vn -0.892890 0.380900 0.240120
vn -0.892860 0.380900 0.240250
vn -0.845570 0.360720 0.393560
vn -0.845620 0.360730 0.393450
vn -0.776180 0.331110 0.536580
vn -0.776170 0.331100 0.536590
vn -0.686530 0.292870 0.665510
vn -0.686560 0.292870 0.665470
vn -0.579040 0.247000 0.776990
vn -0.579010 0.247000 0.777010
vn -0.456100 0.194570 0.868400
vn -0.456140 0.194580 0.868380
vn -0.321380 0.137090 0.936970
vn -0.321340 0.137080 0.936990
vn -0.178130 0.075990 0.981070
vn -0.178130 0.075990 0.981070
vn -0.942980 0.322900 0.080740
vn -0.918340 0.314470 0.240330
vn -0.918400 0.314460 0.240130
vn -0.869730 0.297800 0.393570
vn -0.869730 0.297800 0.393560
vn -0.798430 0.273380 0.536440
vn -0.798340 0.273370 0.536580
vn -0.706070 0.241780 0.665590
vn -0.706140 0.241790 0.665510
vn -0.595570 0.203930 0.776990
vn -0.595570 0.203930 0.776980
vn -0.469140 0.160630 0.868390
vn -0.469120 0.160630 0.868400
vn -0.330560 0.113190 0.936970
vn -0.330560 0.113190 0.936970
vn -0.183200 0.062730 0.981070
vn -0.183180 0.062730 0.981080
vn -0.964110 0.252940 0.080660
vn -0.938930 0.246340 0.240280
vn -0.938910 0.246340 0.240340
vn -0.889260 0.233310 0.393430
vn -0.889200 0.233310 0.393560
vn -0.816260 0.214180 0.536510
vn -0.816310 0.214180 0.536440
vn -0.721870 0.189400 0.665610
vn -0.721880 0.189400 0.665590
vn -0.608910 0.159760 0.776980
vn -0.608910 0.159760 0.776990
vn -0.479650 0.125850 0.868390
vn -0.479640 0.125840 0.868390
vn -0.337940 0.088670 0.936980
vn -0.337960 0.088670 0.936970
vn -0.187300 0.049140 0.981070
vn -0.187310 0.049140 0.981070
vn -0.190430 0.035300 0.981070
vn -0.980040 0.181670 0.080710
vn -0.954440 0.176920 0.240300
vn -0.954450 0.176920 0.240270
vn -0.903860 0.167550 0.393650
vn -0.903960 0.167540 0.393430
vn -0.829810 0.153790 0.536430
vn -0.829760 0.153800 0.536520
vn -0.733880 0.136030 0.665520
vn -0.733800 0.136020 0.665600
vn -0.618930 0.114730 0.777020
vn -0.618980 0.114730 0.776980
vn -0.487580 0.090380 0.868390
vn -0.487580 0.090380 0.868390
vn -0.343500 0.063670 0.936990
vn -0.343520 0.063670 0.936980
vn -0.190410 0.035290 0.981070
vn -0.190390 0.035300 0.981070
vn -0.990720 0.109390 0.080670
vn -0.964800 0.106530 0.240450
vn -0.964840 0.106510 0.240290
vn -0.913820 0.100880 0.393390
vn -0.913700 0.100900 0.393660
vn -0.838730 0.092620 0.536610
vn -0.838850 0.092610 0.536430
vn -0.741890 0.081900 0.665500
vn -0.741870 0.081910 0.665520
vn -0.625670 0.069080 0.777030
vn -0.625680 0.069080 0.777020
vn -0.492940 0.054420 0.868360
vn -0.492890 0.054420 0.868390
vn -0.347290 0.038350 0.936970
vn -0.347240 0.038350 0.936990
vn -0.192480 0.021260 0.981070
vn -0.192500 0.021260 0.981070
vn -0.996070 0.036520 0.080640
vn -0.970030 0.035560 0.240370
vn -0.970010 0.035570 0.240440
vn -0.918720 0.033690 0.393470
vn -0.918750 0.033680 0.393400
vn -0.843310 0.030920 0.536530
vn -0.843270 0.030920 0.536610
vn -0.745930 0.027360 0.665460
vn -0.745890 0.027360 0.665500
vn -0.629040 0.023070 0.777030
vn -0.629040 0.023070 0.777030
vn -0.495550 0.018180 0.868390
vn -0.495610 0.018170 0.868360
vn -0.349180 0.012800 0.936970
vn -0.349160 0.012800 0.936980
vn -0.193510 0.007100 0.981070
vn -0.193520 0.007100 0.981070
vn -0.996060 -0.036520 0.080800
vn -0.970010 -0.035560 0.240440
vn -0.970030 -0.035570 0.240370
vn -0.918750 -0.033690 0.393400
vn -0.918720 -0.033680 0.393470
vn -0.843270 -0.030920 0.536600
vn -0.843310 -0.030930 0.536530
vn -0.745890 -0.027350 0.665500
vn -0.745930 -0.027360 0.665460
vn -0.629040 -0.023070 0.777030
vn -0.629040 -0.023070 0.777030
vn -0.495610 -0.018180 0.868360
vn -0.495550 -0.018170 0.868390
vn -0.349160 -0.012800 0.936980
vn -0.349180 -0.012800 0.936970
vn -0.193480 -0.007100 0.981080
vn -0.193510 -0.007100 0.981070
vn -0.990710 -0.109410 0.080760
vn -0.964840 -0.106550 0.240270
vn -0.964800 -0.106530 0.240450
vn -0.913770 -0.100890 0.393510
vn -0.913810 -0.100910 0.393410
vn -0.838850 -0.092630 0.536430
vn -0.838740 -0.092600 0.536600
vn -0.741870 -0.081900 0.665520
vn -0.741890 -0.081910 0.665500
vn -0.625680 -0.069080 0.777020
vn -0.625660 -0.069070 0.777030
vn -0.492890 -0.054420 0.868390
vn -0.492950 -0.054430 0.868350
vn -0.347250 -0.038340 0.936990
vn -0.347280 -0.038350 0.936980
vn -0.192500 -0.021260 0.981070
vn -0.192450 -0.021250 0.981080
vn -0.190390 -0.035290 0.981070
vn -0.980040 -0.181640 0.080760
vn -0.954450 -0.176900 0.240270
vn -0.954450 -0.176900 0.240270
vn -0.903890 -0.167530 0.393590
vn -0.903920 -0.167540 0.393520
vn -0.829740 -0.153800 0.536540
vn -0.829810 -0.153820 0.536430
vn -0.733910 -0.136050 0.665480
vn -0.733880 -0.136040 0.665520
vn -0.618980 -0.114740 0.776980
vn -0.618930 -0.114720 0.777020
vn -0.487580 -0.090370 0.868390
vn -0.487580 -0.090370 0.868390
vn -0.343520 -0.063670 0.936980
vn -0.343510 -0.063670 0.936990
vn -0.190400 -0.035290 0.981070
vn -0.190420 -0.035300 0.981070
vn -0.964100 -0.252950 0.080830
vn -0.938910 -0.246340 0.240340
vn -0.938920 -0.246350 0.240280
vn -0.889220 -0.233310 0.393520
vn -0.889190 -0.233290 0.393590
vn -0.816230 -0.214150 0.536570
vn -0.816240 -0.214160 0.536550
vn -0.721950 -0.189420 0.665520
vn -0.721980 -0.189430 0.665480
vn -0.608910 -0.159760 0.776990
vn -0.608910 -0.159760 0.776980
vn -0.479660 -0.125850 0.868380
vn -0.479650 -0.125850 0.868390
vn -0.337960 -0.088670 0.936970
vn -0.337940 -0.088660 0.936980
vn -0.187300 -0.049140 0.981070
vn -0.187300 -0.049140 0.981070
vn -0.942980 -0.322900 0.080740
vn -0.918340 -0.314460 0.240360
vn -0.918340 -0.314460 0.240330
vn -0.869720 -0.297810 0.393560
vn -0.869740 -0.297820 0.393520
vn -0.798440 -0.273410 0.536410
vn -0.798350 -0.273360 0.536570
vn -0.706220 -0.241810 0.665410
vn -0.706130 -0.241760 0.665530
vn -0.595390 -0.203840 0.777150
vn -0.595570 -0.203930 0.776990
vn -0.469200 -0.160660 0.868360
vn -0.469160 -0.160640 0.868380
vn -0.330560 -0.113190 0.936970
vn -0.330560 -0.113190 0.936970
vn -0.183180 -0.062720 0.981080
vn -0.183190 -0.062730 0.981070
vn -0.178120 -0.075970 0.981070
vn -0.916790 -0.391090 0.080910
vn -0.892870 -0.380880 0.240250
vn -0.892850 -0.380860 0.240360
vn -0.845560 -0.360690 0.393600
vn -0.845580 -0.360700 0.393560
vn -0.776250 -0.331130 0.536470
vn -0.776280 -0.331150 0.536400
vn -0.686640 -0.292910 0.665380
vn -0.686610 -0.292890 0.665420
vn -0.578790 -0.246900 0.777200
vn -0.578850 -0.246930 0.777150
vn -0.456230 -0.194630 0.868310
vn -0.456170 -0.194590 0.868360
vn -0.321350 -0.137080 0.936990
vn -0.321380 -0.137100 0.936970
vn -0.178090 -0.075970 0.981080
vn -0.178100 -0.075980 0.981080
vn -0.885680 -0.457190 0.080900
vn -0.862560 -0.445260 0.240290
vn -0.862570 -0.445270 0.240250
vn -0.816940 -0.421710 0.393420
vn -0.816880 -0.421660 0.393600
vn -0.749850 -0.387060 0.536580
vn -0.749900 -0.387100 0.536470
vn -0.663280 -0.342390 0.665450
vn -0.663330 -0.342430 0.665380
vn -0.559240 -0.288690 0.777120
vn -0.559150 -0.288630 0.777200
vn -0.440710 -0.227490 0.868350
vn -0.440750 -0.227520 0.868310
vn -0.310460 -0.160260 0.936980
vn -0.310440 -0.160250 0.936990
vn -0.172070 -0.088820 0.981070
vn -0.172070 -0.088820 0.981070
vn -0.849830 -0.520820 0.080840
vn -0.827610 -0.507200 0.240440
vn -0.827630 -0.507240 0.240280
vn -0.783850 -0.480400 0.393430
vn -0.783860 -0.480410 0.393420
vn -0.719490 -0.440960 0.536560
vn -0.719480 -0.440950 0.536580
vn -0.636450 -0.390060 0.665420
vn -0.636430 -0.390040 0.665450
vn -0.536610 -0.328870 0.777110
vn -0.536600 -0.328860 0.777120
vn -0.422820 -0.259130 0.868380
vn -0.422860 -0.259160 0.868350
vn -0.297890 -0.182570 0.936980
vn -0.297880 -0.182560 0.936980
vn -0.165100 -0.101180 0.981070
vn -0.165100 -0.101190 0.981070
vn 0.764090 0.645110 -0.000000
vn 0.764090 0.645110 0.000000
vn 0.829100 0.559100 -0.000000
vn 0.829100 0.559100 0.000000
vn 0.884480 0.466580 0.000720
vn 0.883380 0.468660 0.000330
vn 0.884480 0.466590 0.000000
vn 0.929580 0.368630 -0.000000
vn 0.929570 0.368650 -0.000000
vn 0.929560 0.368680 0.000000
vn 0.963860 0.266420 -0.000000
vn 0.963860 0.266420 -0.000000
vn 0.963850 0.266440 0.000000
vn 0.986980 0.160830 -0.000000
vn 0.986940 0.161100 0.000080
vn 0.986940 -0.161100 0.000000
vn 0.963840 -0.266470 0.000000
vn 0.963860 -0.266430 -0.000000
vn 0.963860 -0.266420 0.000000
vn 0.929570 -0.368630 0.000000
vn 0.929570 -0.368650 0.000000
vn 0.929560 -0.368670 0.000000
vn 0.884480 -0.466590 0.000000
vn 0.883380 -0.468650 0.000330
vn 0.884480 -0.466570 0.000720
vn 0.829100 -0.559100 0.000000
vn 0.764090 -0.645110 0.000000
vn 0.764090 -0.645110 0.000000
vn 0.764080 -0.645120 0.000000
vn 0.829100 -0.559090 0.000000
vn 0.000000 -1.000000 -0.000000
vn 0.000000 -1.000000 0.000000
vn 0.000000 -1.000000 0.000000
vn 0.000000 -1.000000 0.000000
vn 0.000000 -1.000000 0.000000
vn 0.000000 -1.000000 0.000000
vn 0.000000 -1.000000 0.000000
vn 0.000000 -1.000000 0.000000
vn -0.000000 -1.000000 0.000000
vn 0.000000 -1.000000 0.000000
vn 0.000000 -1.000000 0.000000
vn 0.000000 -1.000000 -0.000000
vn 0.000000 -1.000000 -0.000000
vn -0.000000 -1.000000 -0.000000
vn -0.000000 -1.000000 0.000000
vn -0.000000 -1.000000 -0.000000
vn -0.000000 -1.000000 0.000000
vn -0.000000 -1.000000 0.000000
vn -0.000000 -1.000000 0.000000
vn -0.000000 -1.000000 -0.000000
vn 0.000000 -1.000000 -0.000000
vn 0.000000 -1.000000 0.000000
vn 0.000000 -1.000000 -0.000000
vn 0.000000 -1.000000 0.000000
vn 0.000000 -1.000000 -0.000000
vn 0.000000 -1.000000 -0.000000
vn 0.000000 -1.000000 0.000000
vn 0.000000 -1.000000 -0.000000
vn 0.000000 -1.000000 -0.000000
vn 0.000000 -1.000000 0.000000
vn 0.000000 -1.000000 -0.000000
vn 0.000000 -1.000000 -0.000000
vn -0.000000 -1.000000 0.000000
vn -0.000000 -1.000000 0.000000
vn -0.000000 -1.000000 0.000000
vn -0.000000 -1.000000 0.000000
vn 0.000000 1.000000 -0.000000
vn 0.000000 1.000000 -0.000000
vn 0.000000 1.000000 0.000000
vn 0.000000 1.000000 -0.000000
vn 0.000000 1.000000 -0.000000
vn 0.000000 1.000000 0.000000
vn 0.000000 1.000000 -0.000000
vn 0.000000 1.000000 -0.000000
vn 0.000000 1.000000 -0.000000
vn 0.000000 1.000000 0.000000
vn -0.000000 1.000000 0.000000
vn 0.000000 1.000000 0.000000
vn -0.000000 1.000000 0.000000
vn 0.000000 1.000000 0.000000
vn 0.000000 1.000000 0.000000
vn 0.000000 1.000000 0.000000
vn 0.000000 1.000000 0.000000
vn 0.000000 1.000000 0.000000
vn -0.000000 1.000000 0.000000
vn 0.001560 0.999960 -0.009110
vn -0.000110 1.000000 0.000140
vn 0.000000 1.000000 0.000000
vn -0.000000 1.000000 0.000000
vn 0.000000 1.000000 0.000000
vn 0.000000 1.000000 0.000000
vn 0.000000 1.000000 -0.000000
vn 0.000000 1.000000 0.000000
vn -0.000000 1.000000 0.000000
vn 0.000000 1.000000 0.000000
vn -0.000000 1.000000 0.000000
vn 0.000000 1.000000 0.000000
vn 0.000000 1.000000 0.000000
vn 0.000000 1.000000 0.000000
vn -0.000000 1.000000 0.000000
vn 0.000000 1.000000 0.000000
vn 0.000000 1.000000 0.000000
vn 0.000000 1.000000 -0.000000
vn 0.000000 1.000000 -0.000000
vn 0.000000 -0.000000 1.000000
vn 0.000000 -0.000000 1.000000
vn -0.000000 0.000000 1.000000
vn 0.000000 0.000000 1.000000
vn -0.000000 0.000000 1.000000
vn 0.000000 0.000000 1.000000
vn 0.000000 0.000000 1.000000
vn -0.000000 0.000000 1.000000
vn 0.000000 0.000000 1.000000
vn 0.000000 0.000000 1.000000
vn -1.000000 0.000000 0.000000
vn -1.000000 -0.000000 -0.000000
vn -1.000000 -0.000000 -0.000010
vn -1.000000 -0.000000 0.000000
vn -1.000000 -0.000000 -0.000010
vn -1.000000 -0.000000 -0.000000
vn -1.000000 0.000000 0.000000
vn -1.000000 -0.000000 0.000000
vn -1.000000 -0.000000 0.000000
vn -1.000000 -0.000000 0.000000
vn 0.000000 0.000000 1.000000
vn -0.000000 -0.000000 1.000000
vn -0.000000 0.000000 -1.000000
vn 0.000000 -0.000000 -1.000000
vn -0.000000 0.000000 -1.000000
vn 0.000000 0.000000 -1.000000
vn -0.000000 0.000000 -1.000000
vn -0.000000 0.000000 -1.000000
vn 0.000000 0.000000 1.000000
vn 0.000000 -0.000000 -1.000000
vn 0.000000 -0.000000 -1.000000
vn 0.000000 -0.000000 -1.000000
vn 0.000000 0.000000 -1.000000
vn 0.000000 0.000000 -1.000000
vn 0.000000 0.000000 -1.000000
vn 0.000000 -0.000000 -1.000000
vn 0.000000 0.000000 -1.000000
vn 0.000000 0.000000 -1.000000
vn 0.000000 0.000000 -1.000000
vn -0.000000 0.000000 -1.000000
vn -0.000000 0.000000 -1.000000
vn -0.000000 0.000000 -1.000000
vn 0.000000 -0.000000 -1.000000
vn 0.000000 -0.000000 -1.000000
vn 0.000000 -0.000000 -1.000000
vn 0.000000 -0.000000 -1.000000
vn 0.000000 -0.000000 -1.000000
vn -0.000000 0.000000 -1.000000
vn -0.000000 0.000000 -1.000000
vn 0.000000 0.000000 -1.000000
vn -0.000000 0.000000 -1.000000
vn -0.000000 0.000000 -1.000000
vn -0.000000 0.000000 -1.000000
vn -0.000000 -0.000000 -1.000000
vn 0.000000 0.000000 -1.000000
vn 0.000000 0.000000 -1.000000
vn -0.000000 -0.000000 -1.000000
vn -0.000000 -0.000000 -1.000000
vn 0.000000 0.000000 -1.000000
vn 0.000000 0.000000 -1.000000
vn 0.000000 0.000000 -1.000000
vn 0.000000 0.000000 -1.000000
vn 0.000000 0.000000 -1.000000
vn 0.000000 0.000000 -1.000000
vn 0.000000 0.000000 -1.000000
vn 0.000000 0.000000 -1.000000
vn 0.000000 -0.000000 -1.000000
vn -0.000000 0.000000 -1.000000
vn -0.000000 0.000000 1.000000
vn 0.000000 0.000000 1.000000
vn -0.000000 0.000000 1.000000
vn 0.000000 -0.000000 1.000000
vn 0.000000 -0.000000 1.000000
vn 0.000000 0.000000 1.000000
vn 0.000000 0.000000 1.000000
vn 0.000000 -0.000000 1.000000
vn 0.000000 -0.000000 1.000000
vn 0.000000 0.000000 1.000000
vn 0.000000 0.000000 1.000000
vn 0.000000 0.000000 1.000000
vn 0.000000 -0.000000 1.000000
vn 0.000000 -0.000000 1.000000
vn 0.000000 0.000000 1.000000
vn -0.000000 -0.000000 1.000000
vn -0.000000 -0.000000 1.000000
vn 0.000000 0.000000 1.000000
vn -0.000000 -0.000000 1.000000
vn -0.000000 -0.000000 1.000000
vn -0.000000 0.000000 1.000000
vn -0.000000 0.000000 1.000000
vn -0.000000 0.000000 1.000000
vn -0.000000 0.000000 1.000000
vn -0.000000 0.000000 1.000000
vn -0.000000 -0.000000 1.000000
vn 0.000000 -0.000000 1.000000
vn -0.000000 -0.000000 1.000000
vn 0.000000 -0.000000 1.000000
vn -0.000000 0.000000 1.000000
vn 0.000000 -0.000000 1.000000
vn -0.000000 0.000000 1.000000
vn 0.000000 -0.000000 1.000000
vn -0.000000 -0.000000 1.000000
vn 0.000000 0.000000 1.000000
vn -0.000000 -0.000000 1.000000
vn -0.000000 -0.000000 1.000000
vn -0.000000 0.000000 1.000000
vn -0.000000 0.000000 1.000000
vn -0.000000 0.000000 1.000000
vn 0.000000 0.000000 1.000000
vn -0.000000 0.000000 1.000000
vn 0.000000 0.000000 1.000000
vn -0.000000 0.000000 1.000000
vn -0.000000 0.000000 1.000000
vn -0.000000 0.000000 1.000000
vn 0.000000 -0.000000 1.000000
vn 0.000000 -0.000000 1.000000
vn 0.000000 -0.000000 1.000000
vn 0.000000 -0.000000 1.000000
vn 0.000000 0.000000 1.000000
vn 0.000000 -0.000000 1.000000
vn 0.000000 0.000000 1.000000
vn -0.000000 -0.000000 1.000000
vn 0.000000 0.000000 1.000000
vn -0.000000 -0.000000 1.000000
vn 0.000000 -0.000000 1.000000
vn 0.000000 0.000000 1.000000
vn 0.000000 -0.000000 1.000000
vn 0.000000 0.000000 1.000000
vn -0.000000 -0.000000 1.000000
vn -0.000000 -0.000000 1.000000
vn 0.000000 0.000000 1.000000
vn 0.000000 -0.000000 1.000000
vn 0.000000 -0.000000 1.000000
vn 0.000000 -0.000000 1.000000
vn 0.000000 -0.000000 1.000000
vn 0.000000 -0.000000 1.000000
vn 0.000000 -0.000000 1.000000
vn -0.000000 -0.000000 1.000000
vn 0.000000 -0.000000 1.000000
vn -1.000000 -0.000000 -0.000000
vn -1.000000 -0.000000 0.000000
vn -1.000000 0.000000 -0.000010
vn 0.000000 -1.000000 0.000000
vn -0.000000 -1.000000 -0.000000
vn 0.000000 1.000000 0.000000
vn -0.000000 1.000000 0.000000
vn -1.000000 -0.000000 -0.000000
vn -1.000000 0.000000 -0.000000
vn -0.000000 0.000000 1.000000
vn 0.000000 0.000000 1.000000
vn 1.000000 -0.000000 0.000000
vn 1.000000 0.000000 0.000000
vn 0.000000 0.000000 1.000000
vn 0.000000 0.000000 1.000000
vn 0.000000 0.000000 1.000000
vn 0.000000 0.000000 1.000000
vn 0.000000 0.000000 1.000000
vn 0.000000 0.000000 1.000000
vn 0.000000 0.000000 1.000000
vn 0.000000 0.000000 1.000000
vn 0.000000 -0.000000 1.000000
vn -0.000000 0.000000 1.000000
vn -0.000000 0.000000 1.000000
vn -0.000000 -0.000000 1.000000
vn -0.000000 -0.000000 1.000000
vn -0.000000 -0.000000 1.000000
vn -0.000000 -0.000000 1.000000
vn -0.000000 -0.000000 1.000000
vn -0.000000 -0.000000 1.000000
vn -0.000000 -0.000000 1.000000
vn -0.000000 -0.000000 1.000000
vn 0.000000 -0.000000 1.000000
vn 0.000000 -0.000000 1.000000
vn -0.000000 0.000000 1.000000
vn 0.996590 -0.082490 0.000000
vn 0.996570 -0.082730 0.000080
vn 0.969430 -0.245390 0.000190
vn 0.970190 -0.242360 -0.000810
vn 0.915750 -0.401740 -0.000390
vn 0.915780 -0.401680 -0.000410
vn 0.837140 -0.546980 0.000410
vn 0.835380 -0.549670 -0.000580
vn 0.735750 -0.677250 0.000470
vn 0.614300 -0.789070 0.000040
vn 0.731440 -0.681900 -0.001410
vn 0.462770 -0.886480 -0.002300
vn 0.475950 -0.879470 0.001630
vn 0.608760 -0.793350 -0.001960
vn 0.324640 -0.945840 0.000020
vn 0.315810 -0.948820 -0.002440
vn 0.164520 -0.986370 0.001190
vn 0.000000 -1.000000 0.000060
vn 0.147640 -0.989040 -0.003090
vn -0.185930 -0.982560 -0.003720
vn -0.164520 -0.986370 0.001380
vn -0.013510 -0.999900 -0.003280
vn -0.324710 -0.945810 0.000110
vn -0.341180 -0.939990 -0.004010
vn -0.475960 -0.879470 0.001540
vn -0.614300 -0.789070 0.000120
vn -0.498740 -0.866740 -0.004290
vn -0.755570 -0.655050 -0.004780
vn -0.735750 -0.677250 0.001690
vn -0.630600 -0.776100 -0.004650
vn -0.837150 -0.546980 0.000170
vn -0.850270 -0.526320 -0.005370
vn -0.915780 -0.401680 0.001760
vn -0.969370 -0.245600 0.000180
vn -0.928520 -0.371240 -0.005350
vn -0.996590 -0.082490 0.000000
vn -0.997270 -0.073860 0.002420
vn -0.975780 -0.218680 -0.006130
vn -1.000000 -0.000000 -0.000000
vn -1.000000 0.000000 -0.000000
vn -1.000000 -0.000000 -0.000000
vn -1.000000 0.000000 -0.000000
vn 0.996800 -0.079900 0.000000
vn 0.996570 -0.082700 0.001690
vn 0.972900 -0.231200 -0.001440
vn 0.970210 -0.242260 -0.001440
vn 0.969430 -0.245380 0.000440
vn 0.915780 -0.401680 -0.000730
vn 0.915870 -0.401470 -0.000590
vn 0.837140 -0.546980 0.000410
vn 0.835730 -0.549130 -0.001030
vn 0.735750 -0.677250 0.000560
vn 0.614160 -0.789180 0.000040
vn 0.732080 -0.681210 -0.002310
vn 0.464080 -0.885780 -0.003860
vn 0.476130 -0.879370 0.002620
vn 0.609130 -0.793070 -0.003200
vn 0.324640 -0.945840 -0.000010
vn 0.316990 -0.948420 -0.003860
vn 0.164520 -0.986370 0.002080
vn 0.000000 -1.000000 0.000110
vn 0.148950 -0.988830 -0.005120
vn -0.183840 -0.982940 -0.006330
vn -0.164520 -0.986370 0.002330
vn -0.011980 -0.999910 -0.005350
vn -0.324710 -0.945810 0.000150
vn -0.402120 -0.914830 -0.037300
vn -0.476130 -0.879360 -0.004890
vn -0.613990 -0.788970 -0.023180
vn -0.754080 -0.656720 -0.009110
vn -0.735750 -0.677250 0.003160
vn -0.598800 -0.800820 -0.011300
vn -0.837140 -0.546980 0.000220
vn -0.849130 -0.528080 -0.010360
vn -0.915770 -0.401680 0.003590
vn -0.969360 -0.245600 -0.005020
vn -0.943000 -0.331310 -0.031440
vn -0.996590 -0.082500 0.000000
vn -0.989440 -0.140130 -0.037180
vn 1.000000 -0.000000 0.000000
vn 1.000000 0.000000 0.000000
vn -1.000000 -0.000000 -0.000000
vn -1.000000 0.000000 -0.000000
vn -0.000000 0.000000 1.000000
vn 0.000000 -0.000000 1.000000
vn 0.000000 0.000000 1.000000
vn 0.000000 0.000000 1.000000
vn 0.000000 0.000000 1.000000
vn 0.000000 0.000000 1.000000
vn 0.000000 0.000000 1.000000
vn 0.000000 0.000000 1.000000
vn 0.000000 0.000000 1.000000
vn 0.000000 0.000000 1.000000
vn 0.000000 0.000000 1.000000
vn 0.000000 0.000000 1.000000
vn 0.000000 0.000000 1.000000
vn 0.000000 -0.000000 1.000000
vn 0.000000 -0.000000 1.000000
vn 0.000000 -0.000000 1.000000
vn 0.000000 -0.000000 1.000000
vn 0.000000 -0.000000 1.000000
vn 0.000000 -0.000000 1.000000
vn 0.000000 -0.000000 1.000000
vn 0.000000 -0.000000 1.000000
vn 0.000000 -0.000000 1.000000
vn -0.996800 0.079910 0.000000
vn -0.996570 0.082720 0.001660
vn -0.971360 0.237610 -0.001550
vn -0.971740 0.236030 -0.001550
vn -0.969420 0.245380 0.003620
vn -0.947280 0.320400 -0.000130
vn -0.946110 0.323850 -0.000130
vn -0.915780 0.401680 0.002070
vn -0.913980 0.405750 -0.000400
vn -0.837140 0.546980 -0.000390
vn -0.839270 0.543720 0.001780
vn -0.735750 0.677250 0.003770
vn -0.787360 0.616500 -0.000170
vn -0.785910 0.618340 -0.000170
vn -0.614300 0.789070 0.002220
vn -0.725590 0.688120 -0.002110
vn -0.727520 0.686080 -0.002110
vn -0.458530 0.888670 -0.003630
vn -0.537720 0.842330 0.036500
vn -0.475950 0.879470 -0.000160
vn -0.610480 0.792040 -0.000160
vn -0.459260 0.888290 -0.003630
vn -0.324640 0.945830 0.003640
vn -0.313450 0.949600 -0.001670
vn -0.310210 0.950670 -0.001670
vn -0.164520 0.986370 0.001720
vn -0.226580 0.973480 0.031550
vn 0.000000 0.999990 0.004930
vn -0.138900 0.990290 -0.004650
vn -0.138660 0.990330 -0.004650
vn 0.196710 0.980450 -0.005770
vn 0.107050 0.993820 0.029200
vn 0.164510 0.986370 0.003180
vn 0.018600 0.999820 -0.003030
vn 0.018860 0.999820 -0.003030
vn 0.196480 0.980490 -0.005770
vn 0.324700 0.945800 0.005910
vn 0.348220 0.937400 -0.004290
vn 0.348240 0.937400 -0.004290
vn 0.475950 0.879460 0.004490
vn 0.427750 0.903460 0.028200
vn 0.614290 0.789050 0.007120
vn 0.509300 0.860560 -0.006770
vn 0.509500 0.860450 -0.006770
vn 0.765010 0.643970 -0.007940
vn 0.702910 0.710780 0.026800
vn 0.735740 0.677240 0.006000
vn 0.638190 0.769860 -0.005470
vn 0.638460 0.769640 -0.005470
vn 0.764940 0.644060 -0.007940
vn 0.837110 0.546960 0.008480
vn 0.856970 0.515310 -0.006950
vn 0.856790 0.515610 -0.006950
vn 0.915750 0.401670 0.007530
vn 0.897780 0.439640 0.026700
vn 0.969320 0.245590 0.010120
vn 0.934920 0.354740 -0.009380
vn 0.934860 0.354880 -0.009380
vn 0.996590 0.082500 -0.000000
vn 0.998360 0.054260 0.018400
vn 0.993280 0.115680 0.004450
vn 0.979170 0.202850 -0.008640
vn 0.979180 0.202800 -0.008640
vn 1.000000 -0.000000 0.000000
vn 1.000000 0.000000 0.000000
vn -1.000000 -0.000000 -0.000000
vn -1.000000 0.000000 -0.000000
vn -0.996580 0.082620 0.000000
vn -0.996570 0.082700 0.000020
vn -0.969430 0.245390 0.000290
vn -0.970410 0.241470 -0.000780
vn -0.916440 0.400180 0.000010
vn -0.915780 0.401680 -0.000440
vn -0.836550 0.547890 -0.000020
vn -0.837150 0.546980 -0.000300
vn -0.735750 0.677250 0.000070
vn -0.733390 0.679810 -0.000830
vn -0.614160 0.789180 0.000020
vn -0.610490 0.792020 -0.001160
vn -0.475950 0.879470 0.000980
vn -0.324850 0.945770 0.000080
vn -0.467070 0.884220 -0.001510
vn -0.152160 0.988350 -0.002200
vn -0.164520 0.986370 0.000900
vn -0.318890 0.947790 -0.001500
vn 0.000000 1.000000 0.000060
vn 0.009060 0.999960 -0.002210
vn 0.164520 0.986370 0.001120
vn 0.324920 0.945740 0.000040
vn 0.180470 0.983580 -0.002910
vn 0.493360 0.869820 -0.003630
vn 0.475950 0.879470 0.001380
vn 0.336160 0.941800 -0.002990
vn 0.614160 0.789180 0.000110
vn 0.626400 0.779490 -0.003970
vn 0.735750 0.677250 0.001650
vn 0.847740 0.530390 -0.005200
vn 0.837140 0.546980 0.000120
vn 0.751870 0.659290 -0.004570
vn 0.969340 0.245590 -0.008140
vn 0.974890 0.222700 0.001150
vn 0.915760 0.401670 -0.006860
vn 0.926580 0.376080 0.003270
vn 0.996590 0.082480 -0.000000
vn 0.997200 0.074730 0.002650
vn 1.000000 -0.000000 0.000000
vn 1.000000 0.000000 0.000000
vn -0.275560 -0.961280 -0.000000
vn -0.275560 -0.961280 0.000000
vn -0.118060 -0.993010 -0.000000
vn -0.118060 -0.993010 0.000000
vn 0.042490 -0.999100 0.000000
vn 0.042490 -0.999100 0.000000
vn 0.201990 -0.979390 0.000000
vn 0.201990 -0.979390 0.000000
vn 0.356260 -0.934390 0.000000
vn 0.356260 -0.934390 0.000000
vn 0.501280 -0.865290 0.000000
vn 0.501280 -0.865290 0.000000
vn 0.633480 -0.773760 0.000000
vn 0.633480 -0.773760 0.000000
vn 0.749150 -0.662400 0.000000
vn 0.749150 -0.662400 0.000000
vn 0.845630 -0.533770 0.000000
vn 0.845630 -0.533770 0.000000
vn 0.920250 -0.391320 0.000000
vn 0.920250 -0.391320 0.000000
vn 0.970980 -0.239140 0.000000
vn 0.970980 -0.239140 0.000000
vn 0.996780 -0.080180 0.000000
vn 0.996780 -0.080180 0.000000
vn -0.417710 0.908580 0.000000
vn -0.417710 0.908580 0.000000
vn -0.542490 0.840060 0.000000
vn -0.542490 0.840060 0.000000
vn -0.656290 0.754500 0.000000
vn -0.656290 0.754500 0.000000
vn -0.756790 0.653660 0.000000
vn -0.756790 0.653660 0.000000
vn -0.841940 0.539580 0.000000
vn -0.841940 0.539580 0.000000
vn -0.910030 0.414550 0.000000
vn -0.910030 0.414550 0.000000
vn -0.959670 0.281140 0.000000
vn -0.959670 0.281140 0.000000
vn -0.989870 0.142000 0.000000
vn -0.989870 0.142000 0.000000
vn -1.000000 0.000000 0.000000
vn -1.000000 0.000000 -0.000000
vn -0.989870 -0.142000 -0.000000
vn -0.989870 -0.142000 0.000000
vn -0.959670 -0.281140 -0.000000
vn -0.959670 -0.281140 0.000000
vn -0.910030 -0.414540 -0.000000
vn -0.910030 -0.414540 0.000000
vn -0.841930 -0.539590 -0.000000
vn -0.841930 -0.539590 0.000000
vn -0.756790 -0.653660 -0.000000
vn -0.756790 -0.653660 0.000000
vn -0.656280 -0.754510 -0.000000
vn -0.656280 -0.754510 0.000000
vn -0.542500 -0.840050 -0.000000
vn -0.542500 -0.840050 0.000000
vn -0.417720 -0.908580 -0.000000
vn -0.417720 -0.908580 0.000000
vn 0.996770 0.080370 0.000000
vn 0.996770 0.080370 0.000000
vn 0.971040 0.238940 0.000000
vn 0.971040 0.238940 0.000000
vn 0.920250 0.391320 0.000000
vn 0.920250 0.391320 0.000000
vn 0.845550 0.533890 0.000000
vn 0.845550 0.533890 0.000000
vn 0.749240 0.662300 0.000000
vn 0.749240 0.662300 0.000000
vn 0.633370 0.773850 0.000000
vn 0.633370 0.773850 0.000000
vn 0.501340 0.865250 0.000000
vn 0.501340 0.865250 0.000000
vn 0.356320 0.934360 0.000000
vn 0.356320 0.934360 0.000000
vn 0.201960 0.979390 0.000000
vn 0.201960 0.979390 0.000000
vn 0.042500 0.999100 0.000000
vn 0.042500 0.999100 0.000000
vn -0.118060 0.993010 0.000000
vn -0.118060 0.993010 0.000000
vn -0.275730 0.961240 0.000000
vn -0.275730 0.961240 0.000000
vn 1.000000 0.000000 -0.000000
vn 1.000000 0.000000 -0.000000
vn 0.000000 -0.000000 1.000000
vn 0.000000 0.000000 1.000000
vn 0.000000 0.000000 1.000000
vn 0.000000 0.000000 1.000000
vn -0.000000 0.000000 1.000000
vn 0.000000 0.000000 1.000000
vn 0.000000 0.000000 1.000000
vn 0.000000 0.000000 1.000000
vn 0.000000 0.000000 1.000000
vn 0.000000 0.000000 1.000000
vn 0.000000 0.000000 1.000000
vn 0.000000 0.000000 1.000000
vn 0.000000 0.000000 1.000000
vn 0.000000 0.000000 1.000000
vn 0.000000 0.000000 1.000000
vn 0.000000 0.000000 1.000000
vn 0.000000 0.000000 1.000000
vn 0.000000 0.000000 1.000000
vn 0.000000 -0.000000 1.000000
vn 0.000000 -0.000000 1.000000
vn 0.000000 0.000000 1.000000
vn 0.000000 0.000000 1.000000
vn 0.000000 0.000000 1.000000
vn 0.000000 -0.000000 1.000000
vn 0.000000 -0.000000 1.000000
vn 0.000000 -0.000000 1.000000
vn 0.000000 -0.000000 1.000000
vn 0.000000 -0.000000 1.000000
vn 0.000000 -0.000000 1.000000
vn 0.000000 -0.000000 1.000000
vn 0.000000 -0.000000 1.000000
vn 0.000000 0.000000 1.000000
vn 0.000000 0.000000 1.000000
vn -0.000000 0.000000 1.000000
vn -0.000000 0.000000 1.000000
vn 0.000000 0.000000 1.000000
vn 0.000000 -0.000000 1.000000
vn 0.000000 -0.000000 1.000000
vn -0.000000 -0.000000 1.000000
vn 0.000000 -0.000000 1.000000
vn -0.000000 -1.000000 -0.000000
vn -0.000000 -1.000000 0.000000
vn -0.000000 -1.000000 -0.000000
vn -0.000000 -1.000000 0.000000
vn -0.000000 -1.000000 0.000000
vn 0.000000 -1.000000 0.000000
vn 0.000000 -1.000000 -0.000000
vn 0.000000 -1.000000 -0.000000
vn 0.000000 -1.000000 0.000000
vn 0.000000 -1.000000 0.000000
vn 0.000000 -1.000000 0.000000
vn 0.000000 -1.000000 0.000000
vn -0.000000 -1.000000 0.000000
vn -0.000000 -1.000000 0.000000
vn 0.000000 -1.000000 0.000000
vn 0.000000 -1.000000 0.000000
vn -0.000000 -1.000000 0.000000
vn -0.000000 -1.000000 0.000000
vn 0.000000 -1.000000 0.000000
vn 0.000000 -1.000000 0.000000
vn -0.000000 -1.000000 0.000000
vn -0.000000 -1.000000 0.000000
vn -0.000000 1.000000 0.000000
vn -0.000000 1.000000 0.000000
vn 0.000000 1.000000 0.000000
vn 0.000000 1.000000 0.000000
vn 0.000000 1.000000 -0.000000
vn 0.000000 1.000000 0.000000
vn -0.000000 1.000000 -0.000000
vn 0.000000 1.000000 0.000000
vn -0.000000 1.000000 -0.000000
vn -0.000000 1.000000 -0.000000
vn 0.000000 1.000000 0.000000
vn 0.000000 1.000000 0.000000
vn 0.000000 1.000000 0.000000
vn 0.000000 1.000000 0.000000
vn 0.000000 1.000000 0.000000
vn -0.000000 1.000000 -0.000000
vn -0.000000 1.000000 0.000000
vn -0.000000 1.000000 -0.000000
vn -0.000000 1.000000 -0.000000
vn 0.000000 1.000000 -0.000000
vn 0.000000 1.000000 0.000000
vn 0.000000 1.000000 0.000000
vn 0.000000 1.000000 0.000000
vn 0.000000 1.000000 0.000000
vn 0.866020 -0.500010 0.000000
vn 0.866020 -0.500010 0.000010
vn 0.866020 -0.500010 0.000010
vn 0.865970 -0.500100 -0.000030
vn 0.866040 -0.499980 0.000010
vn 0.865970 -0.500100 -0.000040
vn 0.866020 -0.500000 0.000010
vn 0.866030 -0.499980 0.000030
vn 0.866000 -0.500040 -0.000010
vn 0.866010 -0.500020 0.000000
vn 0.866020 -0.500010 0.000010
vn 0.826470 -0.562980 0.000000
vn 0.821780 -0.569810 0.000510
vn 0.716770 -0.697310 0.000030
vn 0.734290 -0.678830 -0.001640
vn 0.592180 -0.805810 0.000590
vn 0.619550 -0.784960 -0.001410
vn 0.476960 -0.878920 -0.001870
vn 0.451530 -0.892250 0.000020
vn 0.324180 -0.945990 -0.001290
vn 0.298400 -0.954440 0.000440
vn 0.137400 -0.990510 0.000030
vn 0.156060 -0.987750 -0.001220
vn -0.027680 -0.999620 0.000420
vn -0.003620 -0.999990 -0.001140
vn -0.176030 -0.984380 -0.001040
vn -0.191730 -0.981450 0.000030
vn -0.331060 -0.943610 -0.000990
vn -0.350570 -0.936540 0.000380
vn -0.500090 -0.865970 -0.000710
vn -0.497380 -0.867530 -0.000940
vn -0.623160 -0.782100 0.000430
vn -0.635780 -0.771870 -0.000770
vn -0.844290 -0.535880 -0.000620
vn -0.754080 -0.656780 0.000020
vn -0.747760 -0.663970 -0.000650
vn -0.926520 -0.376260 0.000020
vn -0.923610 -0.383330 -0.000540
vn -0.851940 -0.523650 0.000370
vn -0.975800 -0.218690 0.000120
vn -0.974300 -0.225260 -0.000380
vn -0.998350 -0.057370 0.000000
vn -0.998480 -0.055070 -0.000170
vn -0.993950 0.109860 -0.000100
vn -0.993930 0.109990 -0.000090
vn -0.962250 0.272170 0.000020
vn -0.961480 0.274870 -0.000190
vn -0.904320 0.426860 0.000000
vn -0.904300 0.426890 0.000000
vn -0.866030 0.500000 0.000000
vn -0.866010 0.500020 0.000000
vn -0.866070 0.499920 -0.000070
vn -0.866010 0.500020 0.000000
vn -0.865990 0.500060 0.000040
vn -0.866030 0.499990 -0.000010
vn -0.865950 0.500140 0.000070
vn -0.866030 0.499980 -0.000020
vn -0.866020 0.500010 0.000000
vn -0.865950 0.500140 0.000050
vn 0.380200 0.924900 0.000000
vn 0.382250 0.924060 0.002030
vn 0.380250 0.924870 0.004920
vn 0.441080 0.897460 -0.004890
vn 0.443140 0.896450 0.000060
vn 0.501750 0.865010 -0.000100
vn 0.501790 0.864990 -0.000090
vn 0.501630 0.865080 -0.000090
vn 0.501730 0.865020 0.000120
vn 0.557910 0.829900 -0.000120
vn 0.557980 0.829850 0.000070
vn 0.611740 0.791060 -0.000070
vn 0.613530 0.789670 0.001340
vn 0.613570 0.789640 0.001340
vn 0.611810 0.790990 0.004610
vn 0.613640 0.789570 0.004930
vn 0.663270 0.748360 -0.004610
vn 0.666560 0.745450 -0.002610
vn 0.663270 0.748360 0.005370
vn 0.713340 0.700800 -0.004840
vn 0.714860 0.699260 -0.003170
vn 0.713280 0.700870 -0.003170
vn 0.714900 0.699230 0.000110
vn 0.759670 0.650300 -0.000120
vn 0.759760 0.650210 -0.000030
vn 0.759710 0.650260 0.000080
vn 0.761040 0.648710 0.000180
vn 0.801130 0.598500 -0.000130
vn 0.801200 0.598400 -0.000000
vn 0.801110 0.598520 0.000000
vn 0.801160 0.598450 0.000090
vn 0.839130 0.543940 -0.000130
vn 0.840360 0.542010 0.004880
vn 0.873550 0.486700 -0.004760
vn 0.875780 0.482710 0.001030
vn 0.873590 0.486670 0.001030
vn 0.875750 0.482740 0.004650
vn 0.905040 0.425290 -0.004980
vn 0.906060 0.423140 0.000230
vn 0.932150 0.362080 -0.000080
vn 0.932150 0.362060 -0.000070
vn 0.932100 0.362210 0.000090
vn 0.932100 0.362190 0.000090
vn 0.932150 0.362070 0.000180
vn 0.954060 0.299620 -0.000240
vn 0.954120 0.299420 0.000230
vn 0.971870 0.235530 -0.000080
vn 0.972400 0.233280 0.004310
vn 0.972280 0.233770 0.004310
vn 0.971830 0.235640 0.004550
vn 0.972400 0.233280 0.005000
vn 0.985420 0.170080 -0.004710
vn 0.986180 0.165610 0.004730
vn 0.994800 0.101720 -0.004970
vn 0.995050 0.099400 -0.000200
vn 0.994770 0.102160 -0.000200
vn 0.995040 0.099440 0.000250
vn 0.999450 0.033130 -0.000120
vn 0.999450 0.033070 0.000020
vn 0.999450 -0.033080 -0.000220
vn 0.999450 -0.033230 0.000120
vn 0.995050 -0.099380 -0.000250
vn 0.994770 -0.102160 0.000210
vn 0.995050 -0.099350 0.000210
vn 0.994800 -0.101700 0.005080
vn 0.986170 -0.165680 -0.004620
vn 0.985420 -0.170060 0.004710
vn 0.971830 -0.235630 -0.005360
vn 0.972360 -0.233440 -0.004610
vn 0.971810 -0.235730 -0.004310
vn 0.972390 -0.233300 -0.004310
vn 0.971870 -0.235530 0.000080
vn 0.954120 -0.299420 -0.000230
vn 0.954060 -0.299620 0.000240
vn 0.932150 -0.362070 -0.000180
vn 0.932120 -0.362140 -0.000130
vn 0.932170 -0.362020 -0.000130
vn 0.932100 -0.362190 0.000070
vn 0.932180 -0.361990 0.000180
vn 0.906050 -0.423180 -0.000140
vn 0.905070 -0.425240 0.004980
vn 0.875750 -0.482750 -0.004650
vn 0.873630 -0.486590 -0.001060
vn 0.875760 -0.482750 -0.001060
vn 0.873580 -0.486650 0.004670
vn 0.840320 -0.542060 -0.004960
vn 0.839110 -0.543970 0.000130
vn 0.801230 -0.598350 -0.000090
vn 0.801150 -0.598460 0.000060
vn 0.801200 -0.598400 0.000060
vn 0.801130 -0.598490 0.000190
vn 0.759680 -0.650300 -0.000130
vn 0.759760 -0.650210 -0.000120
vn 0.759680 -0.650300 0.000070
vn 0.759790 -0.650170 0.000180
vn 0.714900 -0.699230 -0.000040
vn 0.713360 -0.700790 0.003170
vn 0.714900 -0.699220 0.003170
vn 0.713350 -0.700790 0.004900
vn 0.666530 -0.745460 -0.004630
vn 0.663300 -0.748350 0.002550
vn 0.666660 -0.745350 0.005260
vn 0.611560 -0.791180 -0.005310
vn 0.613510 -0.789670 -0.004590
vn 0.611780 -0.791030 -0.001360
vn 0.613610 -0.789610 -0.001360
vn 0.611750 -0.791050 0.000130
vn 0.557930 -0.829890 -0.000020
vn 0.557910 -0.829900 0.000040
vn 0.501730 -0.865030 -0.000210
vn 0.501630 -0.865080 0.000000
vn 0.501800 -0.864980 0.000000
vn 0.501500 -0.865160 0.000100
vn 0.443170 -0.896440 -0.000050
vn 0.441220 -0.897390 0.004900
vn 0.382200 -0.924070 -0.004600
vn 0.380190 -0.924900 -0.002010
vn 0.382230 -0.924070 0.000000
vn 0.939910 0.341430 -0.000340
vn 0.939100 0.343650 -0.000000
vn 0.939100 0.343650 -0.000020
vn 0.939100 0.343660 -0.000010
vn 0.939090 0.343660 -0.000020
vn 0.938920 0.344140 -0.000540
vn 0.939120 0.343580 0.000030
vn 0.939070 0.343740 0.000030
vn 0.939070 0.343720 0.000020
vn 0.939100 0.343660 -0.000050
vn 0.939100 0.343660 0.000020
vn 0.939090 0.343670 0.000040
vn 0.939090 0.343670 0.000020
vn 0.939090 0.343670 0.000020
vn 0.939100 0.343640 -0.000000
vn 0.939090 0.343680 0.000010
vn 0.939110 0.343610 0.000120
vn 0.939100 0.343640 0.000000
vn 0.939550 0.342420 -0.001290
vn 0.939130 0.343560 -0.000120
vn 0.939080 0.343710 0.000080
vn 0.939060 0.343750 0.000140
vn 0.939070 0.343730 0.000090
vn 0.939100 0.343640 0.000010
vn 0.939140 0.343540 -0.000390
vn 0.939090 0.343670 -0.000010
vn 0.939340 0.342990 -0.000360
vn -0.939870 -0.341540 0.001710
vn -0.936970 -0.349390 -0.003610
vn -0.939120 -0.343580 -0.000010
vn -0.939080 -0.343710 0.000000
vn -0.939020 -0.343860 0.000010
vn -0.940390 -0.339970 0.008800
vn -0.939170 -0.343450 -0.000050
vn -0.939220 -0.343310 -0.000040
vn -0.939160 -0.343470 -0.000020
vn -0.939050 -0.343780 0.000020
vn -0.939100 -0.343640 0.000000
vn -0.939090 -0.343670 0.000000
vn -0.939250 -0.343240 0.000050
vn -0.939940 -0.341340 0.000370
vn -0.938660 -0.344830 -0.003270
vn -0.939020 -0.343850 -0.000050
vn -0.939130 -0.343550 0.000130
vn -0.939090 -0.343660 0.000000
vn -0.939090 -0.343660 0.000020
vn -0.939100 -0.343640 0.000060
vn -0.939080 -0.343690 0.000050
vn -0.939090 -0.343660 0.000070
vn -0.939100 -0.343660 0.000070
vn -0.939090 -0.343670 -0.000010
vn -0.939370 -0.342890 0.002720
vn -0.939090 -0.343660 -0.000000
vn -0.937350 -0.348340 -0.006200
vn -0.939180 -0.343420 -0.000010
vn -0.939010 -0.343890 0.000010
vn -0.939100 -0.343640 0.000000
vn -0.939100 -0.343640 0.000010
vn -0.939090 -0.343670 0.000030
vn -0.419120 0.907930 0.000000
vn -0.424050 0.905580 -0.010490
vn -0.480240 0.877020 0.014570
vn -0.470940 0.882150 0.004780
vn -0.480580 0.876890 -0.010590
vn -0.525370 0.850810 0.010540
vn -0.534730 0.845000 0.006390
vn -0.525470 0.850790 0.006400
vn -0.534870 0.844870 -0.010540
vn -0.577980 0.815980 0.010610
vn -0.586970 0.809550 -0.010340
vn -0.628450 0.777780 0.010420
vn -0.636550 0.771230 0.002210
vn -0.628530 0.777780 0.002210
vn -0.636670 0.771080 -0.009940
vn -0.661100 0.750290 0.002140
vn -0.668730 0.743500 -0.002230
vn -0.777280 0.629070 0.010770
vn -0.736320 0.676470 -0.015260
vn -0.743650 0.668550 0.004880
vn -0.736260 0.676670 0.006350
vn -0.743630 0.668570 0.006350
vn -0.736190 0.676700 0.010460
vn -0.699860 0.714200 -0.010600
vn -0.692200 0.721640 0.009930
vn -0.692270 0.721570 0.009930
vn -0.784390 0.620170 -0.010750
vn -0.821300 0.570300 0.015020
vn -0.815410 0.578800 0.009760
vn -0.821750 0.569840 0.002270
vn -0.821810 0.569750 0.002270
vn -0.815480 0.578680 -0.010840
vn -0.821710 0.569810 -0.010450
vn -0.850440 0.525970 0.010660
vn -0.856000 0.516880 -0.009950
vn -0.872190 0.489160 0.002160
vn -0.877110 0.480290 -0.002180
vn -0.892050 0.451830 0.010010
vn -0.896860 0.442280 0.005880
vn -0.892090 0.451830 0.005880
vn -0.896790 0.442320 -0.010620
vn -0.918690 0.394840 0.010510
vn -0.923050 0.384540 -0.010840
vn -0.941690 0.336300 0.010700
vn -0.945410 0.325850 0.004280
vn -0.941650 0.336600 0.002180
vn -0.941770 0.336260 0.002180
vn -0.945440 0.325620 -0.010740
vn -0.961010 0.276290 0.010810
vn -0.964030 0.265590 -0.010480
vn -0.976600 0.214800 0.010650
vn -0.978870 0.204470 -0.001800
vn -0.978880 0.204420 -0.001800
vn -0.976620 0.214750 -0.009900
vn -0.978820 0.204470 -0.010020
vn -0.984950 0.172840 0.002170
vn -0.986640 0.162910 -0.002130
vn -0.991320 0.131100 0.010050
vn -0.992650 0.120540 -0.010700
vn -0.997600 0.068440 0.010460
vn -0.998340 0.057480 0.002100
vn -0.997660 0.068410 0.002110
vn -0.998290 0.057380 -0.010760
vn -0.999930 0.005660 0.010800
vn -0.999980 -0.005640 -0.000020
vn -0.999860 0.005610 -0.015490
vn -0.998290 -0.057460 0.010780
vn -0.997660 -0.068410 -0.002010
vn -0.998350 -0.057340 -0.002010
vn -0.997600 -0.068500 -0.010530
vn -0.992650 -0.120580 0.010600
vn -0.991330 -0.131020 -0.010050
vn -0.986640 -0.162900 0.002140
vn -0.984950 -0.172830 -0.002170
vn -0.978820 -0.204490 0.010000
vn -0.976650 -0.214820 0.001800
vn -0.978870 -0.204470 0.001800
vn -0.976620 -0.214720 -0.010650
vn -0.964010 -0.265670 0.010480
vn -0.961030 -0.276220 -0.010800
vn -0.945400 -0.325750 0.010760
vn -0.941770 -0.336240 -0.002120
vn -0.945470 -0.325690 -0.002110
vn -0.941750 -0.336270 -0.004170
vn -0.945380 -0.325620 -0.015340
vn -0.923000 -0.384640 0.010840
vn -0.918730 -0.394750 -0.010540
vn -0.896740 -0.442430 0.010580
vn -0.892130 -0.451740 -0.005880
vn -0.896780 -0.442430 -0.005880
vn -0.892100 -0.451720 -0.009920
vn -0.877140 -0.480220 0.002220
vn -0.872170 -0.489190 -0.002180
vn -0.850400 -0.525960 0.013860
vn -0.855940 -0.516880 -0.014310
vn -0.850890 -0.525230 -0.010810
vn -0.821730 -0.569780 0.010520
vn -0.815460 -0.578810 -0.002250
vn -0.815560 -0.578670 -0.002250
vn -0.821790 -0.569710 -0.009540
vn -0.815480 -0.578690 -0.010710
vn -0.784240 -0.620360 0.010780
vn -0.777390 -0.628930 -0.010630
vn -0.743610 -0.668530 0.010840
vn -0.736300 -0.676640 -0.004830
vn -0.743680 -0.668500 -0.006340
vn -0.743700 -0.668480 -0.006340
vn -0.736370 -0.676500 -0.010420
vn -0.699740 -0.714320 0.010660
vn -0.692330 -0.721520 -0.009960
vn -0.668730 -0.743510 0.002150
vn -0.668700 -0.743530 0.002160
vn -0.661200 -0.750210 -0.002170
vn -0.636510 -0.771200 0.009950
vn -0.628560 -0.777760 -0.002210
vn -0.636590 -0.771200 -0.002210
vn -0.628620 -0.777640 -0.010420
vn -0.586760 -0.809700 0.010360
vn -0.578150 -0.815860 -0.010580
vn -0.534710 -0.844970 0.010550
vn -0.525580 -0.850720 -0.006480
vn -0.534850 -0.844920 -0.006480
vn -0.419100 -0.907940 0.000000
vn -0.423800 -0.905690 0.010500
vn -0.471090 -0.882030 -0.010330
vn -0.480530 -0.876970 -0.004740
vn -0.470780 -0.882120 0.014970
vn -0.525660 -0.850630 -0.010590
vn -0.939070 0.343740 0.000000
vn -0.939090 0.343670 -0.000010
vn -0.939090 0.343660 0.000040
vn -0.939100 0.343650 -0.000300
vn -0.939110 0.343620 -0.000720
vn -0.938740 0.344610 0.000000
vn -0.939120 0.343580 0.000110
vn -0.939090 0.343680 0.000000
vn -0.939090 0.343680 0.000000
vn -0.939080 0.343710 0.000070
vn -0.939090 0.343670 -0.000110
vn -0.939320 0.343030 0.000590
vn -0.939100 0.343640 0.000040
vn -0.939000 0.343910 -0.000420
vn -0.939140 0.343550 0.000290
vn -0.939470 0.342630 0.003360
vn -0.939090 0.343660 -0.000040
vn -0.939070 0.343730 -0.000040
vn -0.939290 0.343110 -0.000680
vn -0.939090 0.343660 0.000020
vn -0.939100 0.343650 0.000030
vn -0.939090 0.343660 -0.000010
vn -0.939090 0.343660 0.000000
vn -0.939080 0.343700 -0.000040
vn -0.938150 0.346210 -0.001560
vn -0.938910 0.344150 -0.000270
vn -0.939100 0.343640 0.000170
vn -0.939050 0.343780 -0.000400
vn -0.939110 0.343610 0.000140
vn 0.937590 -0.347730 0.003000
vn 0.939100 -0.343660 0.000000
vn 0.942930 -0.332910 -0.006510
vn 0.939150 -0.343520 0.000010
vn 0.939070 -0.343730 -0.000010
vn 0.939040 -0.343800 -0.000010
vn 0.939050 -0.343780 -0.000010
vn 0.939510 -0.342520 0.000120
vn 0.938930 -0.344100 -0.000050
vn 0.939090 -0.343680 0.000000
vn 0.939070 -0.343740 -0.000010
vn 0.938750 -0.344600 0.000080
vn 0.940730 -0.339150 -0.000850
vn 0.939100 -0.343660 0.000020
vn 0.939090 -0.343660 0.000030
vn 0.939090 -0.343660 0.000040
vn 0.939090 -0.343660 0.000040
vn 0.939400 -0.342830 -0.000440
vn 0.939080 -0.343690 0.000020
vn 0.938710 -0.344710 0.001350
vn 0.939130 -0.343560 0.000010
vn 0.939100 -0.343660 0.000000
vn 0.939090 -0.343680 0.000000
vn 0.939100 -0.343640 0.000060
vn 0.939090 -0.343680 0.000020
vn 0.939310 -0.343070 -0.001220
vn 0.939130 -0.343570 0.000080
vn 0.939100 -0.343660 -0.000000
vn 0.939090 -0.343670 0.000040
vn 0.939090 -0.343660 0.000070
vn 0.939100 -0.343650 0.000010
vn 0.939100 -0.343660 0.000020
vn 0.096520 0.097410 0.990550
vn 0.096520 0.097430 0.990550
vn 0.014900 -0.096900 0.995180
vn 0.021460 -0.101450 0.994610
vn 0.021460 -0.101430 0.994610
vn 0.023510 -0.099990 0.994710
vn 0.031560 -0.074050 0.996760
vn 0.014320 -0.063180 0.997900
vn 0.045250 -0.077550 0.995960
vn 0.063420 -0.043190 0.997050
vn 0.058210 -0.044030 0.997330
vn 0.058200 -0.044040 0.997330
vn 0.055950 -0.047830 0.997290
vn 0.069650 -0.031080 0.997090
vn 0.069390 -0.031560 0.997090
vn 0.069690 -0.031210 0.997080
vn 0.068470 -0.034220 0.997070
vn 0.067360 -0.034950 0.997120
vn 0.066240 -0.037700 0.997090
vn 0.065240 -0.038910 0.997110
vn 0.065890 -0.037360 0.997130
vn 0.064830 -0.038600 0.997150
vn 0.063760 -0.040970 0.997120
vn 0.062190 -0.041920 0.997180
vn 0.060840 -0.043760 0.997190
vn 0.061720 -0.043200 0.997160
vn 0.061720 -0.044590 0.997100
vn 0.071260 -0.029390 0.997020
vn 0.071250 -0.029410 0.997030
vn 0.071570 -0.027310 0.997060
vn 0.072990 -0.025710 0.997000
vn 0.073280 -0.023320 0.997040
vn 0.073730 -0.021560 0.997050
vn 0.073730 -0.023470 0.997000
vn 0.074150 -0.021930 0.997010
vn 0.073770 -0.023660 0.996990
vn 0.074480 -0.021930 0.996980
vn 0.074710 -0.019300 0.997020
vn 0.075730 -0.017970 0.996970
vn 0.075880 -0.015030 0.997000
vn 0.076530 -0.013940 0.996970
vn 0.076360 -0.015250 0.996960
vn 0.076690 -0.013980 0.996960
vn 0.076850 -0.010700 0.996980
vn 0.076600 -0.011060 0.997000
vn 0.077730 -0.008560 0.996940
vn 0.077330 -0.006410 0.996990
vn 0.078050 -0.004410 0.996940
vn 0.077980 -0.006010 0.996940
vn 0.078110 -0.004500 0.996930
vn 0.077600 -0.002160 0.996980
vn 0.078260 -0.000370 0.996930
vn 0.078260 -0.000340 0.996930
vn 0.077620 0.002170 0.996980
vn 0.078140 0.003740 0.996940
vn 0.077930 0.006170 0.996940
vn 0.078030 0.003700 0.996940
vn 0.077310 0.006590 0.996990
vn 0.077710 0.007830 0.996950
vn 0.076900 0.010570 0.996980
vn 0.076700 0.010940 0.996990
vn 0.076910 0.013340 0.996950
vn 0.076410 0.015600 0.996950
vn 0.076720 0.013280 0.996960
vn 0.075830 0.015160 0.997010
vn 0.075940 0.017300 0.996960
vn 0.074700 0.019320 0.997020
vn 0.074730 0.021190 0.996980
vn 0.073740 0.023610 0.997000
vn 0.074320 0.021000 0.997010
vn 0.073650 0.023450 0.997010
vn 0.073650 0.020860 0.997070
vn 0.073290 0.023380 0.997040
vn 0.073250 0.025050 0.997000
vn 0.071540 0.027440 0.997060
vn 0.071500 0.028760 0.997030
vn 0.069840 0.031640 0.997060
vn 0.070880 0.028390 0.997080
vn 0.069570 0.031410 0.997080
vn 0.055920 0.048250 0.997270
vn 0.058060 0.044080 0.997340
vn 0.058010 0.044130 0.997340
vn 0.063790 0.043190 0.997030
vn 0.044880 0.077420 0.995990
vn 0.021430 0.099260 0.994830
vn 0.015250 0.099210 0.994950
vn 0.069600 0.030940 0.997100
vn 0.068900 0.033660 0.997060
vn 0.067260 0.035070 0.997120
vn 0.066670 0.037100 0.997090
vn 0.065210 0.038870 0.997110
vn 0.066130 0.036690 0.997140
vn 0.064800 0.038630 0.997150
vn 0.064220 0.040360 0.997120
vn 0.062140 0.041930 0.997190
vn 0.061340 0.043310 0.997180
vn 0.061530 0.043200 0.997170
vn 0.061530 0.043700 0.997150
vn 0.021430 0.099240 0.994830
vn 0.022900 0.101970 0.994520
vn 0.031560 0.074050 0.996750
vn 0.028960 0.071650 0.997010
vn 0.014320 0.097860 0.995100
vn 0.014320 0.063210 0.997900
vn 0.032480 0.063190 0.997470
vn 0.037780 0.059730 0.997500
vn 0.040730 0.058910 0.997430
vn 0.041610 0.057870 0.997460
vn 0.044430 0.057080 0.997380
vn 0.045490 0.055820 0.997400
vn 0.047260 0.053980 0.997420
vn 0.045630 0.056010 0.997390
vn 0.047980 0.055000 0.997330
vn 0.049130 0.053510 0.997360
vn 0.051370 0.052710 0.997290
vn 0.052610 0.050990 0.997310
vn 0.054040 0.049550 0.997310
vn 0.052840 0.051380 0.997280
vn 0.054600 0.050230 0.997240
vn 0.055960 0.048210 0.997270
vn 0.056250 0.047890 0.997270
vn 0.055920 0.048420 0.997260
vn 0.057610 0.048410 0.997160
vn 0.061290 0.048300 0.996950
vn 0.013430 0.000250 0.999910
vn 0.014070 -0.000890 0.999900
vn 0.061520 -0.048690 0.996920
vn 0.059720 -0.048700 0.997030
vn 0.055950 -0.048340 0.997260
vn 0.055870 -0.048460 0.997260
vn 0.056180 -0.048180 0.997260
vn 0.054050 -0.050600 0.997260
vn 0.052980 -0.051240 0.997280
vn 0.053720 -0.050120 0.997300
vn 0.052670 -0.050980 0.997310
vn 0.050790 -0.053110 0.997300
vn 0.049150 -0.053520 0.997360
vn 0.047390 -0.055370 0.997340
vn 0.045670 -0.056100 0.997380
vn 0.046860 -0.054610 0.997410
vn 0.045550 -0.055730 0.997410
vn 0.043810 -0.057440 0.997390
vn 0.041760 -0.057800 0.997450
vn 0.040450 -0.059010 0.997440
vn 0.037830 -0.059630 0.997500
vn 0.021350 -0.070360 0.997290
vn 0.096730 -0.062890 0.993320
vn 0.096680 -0.097470 0.990530
vn 0.014320 -0.097920 0.995090
vn 0.028970 -0.071670 0.997010
vn 0.151970 0.988380 -0.000000
vn 0.151970 0.988380 0.000000
vn 0.151970 -0.988380 0.000000
vn 0.151970 -0.988380 0.000000
vn -0.000000 0.000000 -1.000000
vn 0.000000 -0.000000 -1.000000
vn 0.000000 -0.000000 -1.000000
vn -0.000000 0.000000 1.000000
vn 0.000000 -0.000000 1.000000
vn -0.000000 0.000000 1.000000
vn 0.000000 -0.000000 1.000000
vn 0.998550 0.053910 0.000360
vn 0.998550 -0.053910 0.000940
vn 0.987380 -0.158340 0.000840
vn 0.998580 0.053280 0.000550
vn 0.998480 -0.055090 0.000580
vn 0.000000 0.000000 1.000000
vn 0.000000 0.000000 1.000000
vn 0.000000 -0.000000 1.000000
vn -0.000000 -0.000000 1.000000
vn 0.000000 -0.000000 1.000000
vn 0.000000 -0.000000 1.000000
vn -0.000000 0.000000 1.000000
vn 0.000000 0.000000 1.000000
vn 0.000000 0.000000 1.000000
vn 0.000000 0.000000 1.000000
vn 0.000000 0.000000 1.000000
vn 0.000000 0.000000 1.000000
vn 0.000000 0.000000 1.000000
vn 0.000000 -0.000000 1.000000
vn 0.000000 0.000000 1.000000
vn 0.000000 0.000000 1.000000
vn 0.000000 -0.000000 1.000000
vn 0.000000 -0.000000 1.000000
vn -0.000000 0.000000 1.000000
vn -0.000000 0.000000 1.000000
vn 0.000000 -0.000000 1.000000
vn -0.000000 0.000000 1.000000
vn 0.000000 -0.000000 1.000000
vn 0.000000 0.000000 1.000000
vn -0.000000 -0.000000 1.000000
vn 0.000000 0.000000 1.000000
vn 0.000000 -0.000000 1.000000
vn 0.000000 -0.000000 1.000000
vn -0.000000 0.000000 1.000000
vn 0.000000 0.000000 1.000000
vn 0.000000 0.000000 1.000000
vn 0.000000 0.000000 1.000000
vn 0.000000 0.000000 1.000000
vn 0.000000 0.000000 1.000000
vn 0.000000 0.000000 1.000000
vn 0.000000 0.000000 1.000000
vn 0.000000 0.000000 1.000000
vn 0.000000 0.000000 1.000000
vn 0.000000 0.000000 1.000000
vn 0.000000 0.000000 1.000000
vn 0.000000 0.000000 1.000000
vn 0.000000 0.000000 1.000000
vn 0.000000 0.000000 1.000000
vn 0.000000 0.000000 1.000000
vn 0.000000 0.000000 1.000000
vn 0.000000 0.000000 1.000000
vn 0.000000 -0.000000 1.000000
vn 0.000000 0.000000 1.000000
vn 0.000000 0.000000 1.000000
vn 0.000000 0.000000 1.000000
vn 0.000000 0.000000 1.000000
vn 0.000000 -0.000000 1.000000
vn 0.000000 -0.000000 1.000000
vn 0.000000 -0.000000 1.000000
vn 0.000000 -0.000000 1.000000
vn 0.000000 -0.000000 1.000000
vn 0.000000 -0.000000 1.000000
vn 0.000000 -0.000000 1.000000
vn 0.000000 -0.000000 1.000000
vn 0.000000 -0.000000 1.000000
vn 0.000000 -0.000000 1.000000
vn 0.000000 -0.000000 1.000000
vn 0.000000 -0.000000 1.000000
vn 0.000000 -0.000000 1.000000
vn 0.000000 -0.000000 1.000000
vn 0.000000 -0.000000 1.000000
vn 0.000000 -0.000000 1.000000
vn 0.000000 0.000000 1.000000
vn -0.000000 0.000000 1.000000
vn -0.000000 0.000000 1.000000
vn -0.000000 0.000000 1.000000
vn 0.000000 0.000000 1.000000
vn 0.000000 0.000000 1.000000
vn 0.000000 0.000000 1.000000
vn 0.000000 0.000000 1.000000
vn 0.000000 0.000000 1.000000
vn 0.000000 0.000000 1.000000
vn 0.000000 0.000000 1.000000
vn 0.000000 0.000000 1.000000
vn -0.000000 0.000000 1.000000
vn 0.000000 -0.000000 1.000000
vn 0.000000 -0.000000 1.000000
vn 0.000000 -0.000000 1.000000
vn 0.000000 -0.000000 1.000000
vn 0.000000 -0.000000 1.000000
vn 0.000000 -0.000000 1.000000
vn 0.000000 -0.000000 1.000000
vn 0.000000 -0.000000 1.000000
vn 0.000000 -0.000000 1.000000
vn 0.000000 -0.000000 1.000000
vn 0.000000 0.000000 -1.000000
vn -0.000000 0.000000 -1.000000
vn 0.000000 0.000000 -1.000000
vn 0.000000 0.000000 -1.000000
vn 0.000000 0.000000 -1.000000
vn 0.000000 0.000000 -1.000000
vn 0.000000 0.000000 -1.000000
vn 0.000000 0.000000 -1.000000
vn 0.000000 0.000000 -1.000000
vn 0.000000 0.000000 -1.000000
vn 0.000000 0.000000 -1.000000
vn 0.000000 0.000000 -1.000000
vn 0.000000 0.000000 -1.000000
vn 0.000000 0.000000 -1.000000
vn 0.000000 -0.000000 -1.000000
vn 0.000000 -0.000000 -1.000000
vn 0.000000 0.000000 -1.000000
vn 0.000000 0.000000 -1.000000
vn 0.000000 -0.000000 -1.000000
vn 0.000000 -0.000000 -1.000000
vn 0.000000 0.000000 -1.000000
vn 0.000000 0.000000 -1.000000
vn 0.000000 -0.000000 -1.000000
vn 0.000000 -0.000000 -1.000000
vn -0.000000 0.000000 -1.000000
vn -0.000000 0.000000 -1.000000
vn -0.000000 0.000000 -1.000000
vn 0.000000 -0.000000 -1.000000
vn -0.000000 0.000000 -1.000000
vn 0.000000 0.000000 -1.000000
usemtl create_tga
f 3/1/1 1/2/1 2/3/1
f 4/4/2 3/5/2 2/6/2
f 5/7/3 3/8/3 4/9/3
f 6/10/4 5/11/4 4/12/4
f 7/13/5 6/14/5 4/15/5
f 8/16/6 6/17/6 7/18/6
f 9/19/7 8/20/7 7/21/7
f 10/22/8 9/23/8 7/24/8
f 11/25/9 10/26/9 7/27/9
f 12/28/10 10/29/10 11/30/10
f 13/31/11 12/32/11 11/33/11
f 14/34/12 13/35/12 11/36/12
f 15/37/13 13/38/13 14/39/13
f 16/40/14 15/41/14 14/42/14
f 17/43/15 16/44/15 14/45/15
f 18/46/16 16/47/16 17/48/16
f 17/49/17 19/50/17 20/51/17
f 21/52/18 17/53/18 20/54/18
f 18/55/19 17/56/19 21/57/19
f 24/58/20 22/59/20 23/60/20
f 25/61/21 24/62/21 23/63/21
f 26/64/22 24/65/22 25/66/22
f 27/67/23 26/68/23 25/69/23
f 28/70/24 26/71/24 27/72/24
f 19/73/25 26/74/25 28/75/25
f 29/76/26 19/77/26 28/78/26
f 20/79/27 19/80/27 29/81/27
f 30/82/28 22/83/28 24/84/28
f 31/85/29 30/86/29 24/87/29
f 32/88/30 30/89/30 31/90/30
f 33/91/31 32/92/31 31/93/31
f 34/94/32 33/95/32 31/96/32
f 35/97/33 33/98/33 34/99/33
f 34/100/34 36/101/34 37/102/34
f 38/103/35 34/104/35 37/105/35
f 35/106/36 34/107/36 38/108/36
f 41/109/37 39/110/37 40/111/37
f 42/112/38 41/113/38 40/114/38
f 36/115/39 41/116/39 42/117/39
f 43/118/40 36/119/40 42/120/40
f 37/121/41 36/122/41 43/123/41
f 44/124/42 39/125/42 41/126/42
f 45/127/43 44/128/43 41/129/43
f 46/130/44 44/131/44 45/132/44
f 47/133/45 46/134/45 45/135/45
f 48/136/46 47/137/46 45/138/46
f 49/139/47 47/140/47 48/141/47
f 50/142/48 49/143/48 48/144/48
f 51/145/49 50/146/49 48/147/49
f 52/148/50 50/149/50 51/150/50
f 51/151/51 53/152/51 54/153/51
f 55/154/52 51/155/52 54/156/52
f 52/157/53 51/158/53 55/159/53
f 58/160/54 56/161/54 57/162/54
f 59/163/55 58/164/55 57/165/55
f 60/166/56 58/167/56 59/168/56
f 61/169/57 60/170/57 59/171/57
f 53/172/58 60/173/58 61/174/58
f 62/175/59 53/176/59 61/177/59
f 63/178/60 53/179/60 62/180/60
f 54/181/61 53/182/61 63/183/61
f 64/184/62 56/185/62 58/186/62
f 65/187/63 64/188/63 58/189/63
f 66/190/64 64/191/64 65/192/64
f 67/193/65 66/194/65 65/195/65
f 68/196/66 67/197/66 65/198/66
f 69/199/67 67/200/67 68/201/67
f 70/202/68 69/203/68 68/204/68
f 71/205/69 70/206/69 68/207/69
f 72/208/70 71/209/70 68/210/70
f 73/211/71 71/212/71 72/213/71
f 74/214/72 73/215/72 72/216/72
f 75/217/73 74/218/73 72/219/73
f 76/220/74 74/221/74 75/222/74
f 77/223/75 76/224/75 75/225/75
f 78/226/76 77/227/76 75/228/76
f 79/229/77 77/230/77 78/231/77
f 78/232/78 80/233/78 81/234/78
f 82/235/79 78/236/79 81/237/79
f 79/238/80 78/239/80 82/240/80
f 85/241/81 83/242/81 84/243/81
f 86/244/82 85/245/82 84/246/82
f 87/247/83 85/248/83 86/249/83
f 88/250/84 87/251/84 86/252/84
f 80/253/85 87/254/85 88/255/85
f 89/256/86 80/257/86 88/258/86
f 90/259/87 80/260/87 89/261/87
f 81/262/88 80/263/88 90/264/88
f 91/265/89 83/266/89 85/267/89
f 92/268/90 91/269/90 85/270/90
f 93/271/91 91/272/91 92/273/91
f 96/274/92 94/275/92 95/276/92
f 99/277/93 97/278/93 98/279/93
f 100/280/94 83/281/94 91/282/94
f 101/283/95 88/284/95 86/285/95
f 102/286/96 63/287/96 62/288/96
f 103/289/97 55/290/97 54/291/97
f 104/292/98 50/293/98 52/294/98
f 105/295/99 46/296/99 47/297/99
f 106/298/100 39/299/100 44/300/100
f 107/301/101 43/302/101 42/303/101
f 108/304/102 38/305/102 37/306/102
f 109/307/103 33/308/103 35/309/103
f 110/310/104 22/311/104 30/312/104
f 111/313/105 25/314/105 23/315/105
f 112/316/106 29/317/106 28/318/106
f 113/319/107 21/320/107 20/321/107
f 114/322/108 16/323/108 18/324/108
f 115/325/109 12/326/109 13/327/109
f 116/328/110 9/329/110 10/330/110
f 117/331/111 6/332/111 8/333/111
f 120/334/112 118/335/112 119/336/112
f 123/337/113 121/338/113 122/339/113
f 126/340/114 124/341/114 125/342/114
f 127/343/115 126/344/115 125/345/115
f 128/346/116 127/347/116 125/348/116
f 129/349/117 128/350/117 125/351/117
f 130/352/118 128/353/118 129/354/118
f 131/355/119 130/356/119 129/357/119
f 132/358/120 131/359/120 129/360/120
f 133/361/121 131/362/121 132/363/121
f 132/364/122 134/365/122 135/366/122
f 136/367/123 132/368/123 135/369/123
f 133/370/124 132/371/124 136/372/124
f 139/373/125 137/374/125 138/375/125
f 140/376/126 139/377/126 138/378/126
f 134/379/127 139/380/127 140/381/127
f 141/382/128 134/383/128 140/384/128
f 135/385/129 134/386/129 141/387/129
f 142/388/130 137/389/130 139/390/130
f 143/391/131 142/392/131 139/393/131
f 144/394/132 142/395/132 143/396/132
f 145/397/133 144/398/133 143/399/133
f 146/400/134 145/401/134 143/402/134
f 147/403/135 145/404/135 146/405/135
f 146/406/136 100/407/136 148/408/136
f 149/409/137 146/410/137 148/411/137
f 147/412/138 146/413/138 149/414/138
f 91/415/139 93/416/139 150/417/139
f 151/418/140 91/419/140 150/420/140
f 100/421/141 91/422/141 151/423/141
f 152/424/142 100/425/142 151/426/142
f 148/427/143 100/428/143 152/429/143
f 153/430/144 1/431/144 3/432/144
f 154/433/145 153/434/145 3/435/145
f 155/436/146 153/437/146 154/438/146
f 158/439/147 156/440/147 157/441/147
f 159/442/148 158/443/148 157/444/148
f 156/445/149 160/446/149 161/447/149
f 164/448/150 162/449/150 163/450/150
f 165/451/151 164/452/151 163/453/151
f 168/454/152 166/455/152 167/456/152
f 169/457/153 168/458/153 167/459/153
f 97/460/154 59/461/154 57/462/154
f 56/463/155 97/464/155 57/465/155
f 98/466/156 97/467/156 56/468/156
f 64/469/157 98/470/157 56/471/157
f 66/472/158 98/473/158 64/474/158
f 70/475/159 170/476/159 69/477/159
f 73/478/160 171/479/160 71/480/160
f 76/481/161 172/482/161 74/483/161
f 82/484/162 173/485/162 79/486/162
f 174/487/163 82/488/163 81/489/163
f 90/490/164 174/491/164 81/492/164
f 175/493/165 90/494/165 89/495/165
f 88/496/166 175/497/166 89/498/166
f 176/499/167 86/500/167 84/501/167
f 83/502/168 176/503/168 84/504/168
f 178/505/169 177/506/169 99/507/169
f 98/508/170 178/509/170 99/510/170
f 179/511/171 178/512/171 98/513/171
f 66/514/172 179/515/172 98/516/172
f 67/517/173 179/518/173 66/519/173
f 181/520/174 180/521/174 177/522/174
f 178/523/175 181/524/175 177/525/175
f 182/526/176 181/527/176 178/528/176
f 179/529/177 182/530/177 178/531/177
f 170/532/178 182/533/178 179/534/178
f 67/535/179 170/536/179 179/537/179
f 69/538/180 170/539/180 67/540/180
f 184/541/181 183/542/181 180/543/181
f 181/544/182 184/545/182 180/546/182
f 185/547/183 184/548/183 181/549/183
f 182/550/184 185/551/184 181/552/184
f 186/553/185 185/554/185 182/555/185
f 170/556/186 186/557/186 182/558/186
f 171/559/187 186/560/187 170/561/187
f 70/562/188 171/563/188 170/564/188
f 71/565/189 171/566/189 70/567/189
f 188/568/190 187/569/190 183/570/190
f 184/571/191 188/572/191 183/573/191
f 189/574/192 188/575/192 184/576/192
f 185/577/193 189/578/193 184/579/193
f 190/580/194 189/581/194 185/582/194
f 186/583/195 190/584/195 185/585/195
f 191/586/196 190/587/196 186/588/196
f 171/589/197 191/590/197 186/591/197
f 172/592/198 191/593/198 171/594/198
f 73/595/199 172/596/199 171/597/199
f 74/598/200 172/599/200 73/600/200
f 193/601/201 192/602/201 166/603/201
f 168/604/202 193/605/202 166/606/202
f 194/607/203 193/608/203 168/609/203
f 196/610/204 195/611/204 187/612/204
f 188/613/205 196/614/205 187/615/205
f 197/616/206 196/617/206 188/618/206
f 189/619/207 197/620/207 188/621/207
f 198/622/208 197/623/208 189/624/208
f 190/625/209 198/626/209 189/627/209
f 199/628/210 198/629/210 190/630/210
f 191/631/211 199/632/211 190/633/211
f 200/634/212 199/635/212 191/636/212
f 172/637/213 200/638/213 191/639/213
f 201/640/214 200/641/214 172/642/214
f 76/643/215 201/644/215 172/645/215
f 77/646/216 201/647/216 76/648/216
f 123/649/217 122/650/217 192/651/217
f 193/652/218 123/653/218 192/654/218
f 202/655/219 123/656/219 193/657/219
f 194/658/220 202/659/220 193/660/220
f 203/661/221 202/662/221 194/663/221
f 205/664/222 204/665/222 195/666/222
f 196/667/223 205/668/223 195/669/223
f 206/670/224 205/671/224 196/672/224
f 197/673/225 206/674/225 196/675/225
f 207/676/226 206/677/226 197/678/226
f 198/679/227 207/680/227 197/681/227
f 208/682/228 207/683/228 198/684/228
f 199/685/229 208/686/229 198/687/229
f 209/688/230 208/689/230 199/690/230
f 200/691/231 209/692/231 199/693/231
f 210/694/232 209/695/232 200/696/232
f 201/697/233 210/698/233 200/699/233
f 173/700/234 210/701/234 201/702/234
f 77/703/235 173/704/235 201/705/235
f 79/706/236 173/707/236 77/708/236
f 120/709/237 119/710/237 121/711/237
f 123/712/238 120/713/238 121/714/238
f 211/715/239 120/716/239 123/717/239
f 202/718/240 211/719/240 123/720/240
f 212/721/241 211/722/241 202/723/241
f 203/724/242 212/725/242 202/726/242
f 213/727/243 212/728/243 203/729/243
f 216/730/244 214/731/244 215/732/244
f 217/733/245 216/734/245 215/735/245
f 218/736/246 216/737/246 217/738/246
f 219/739/247 218/740/247 217/741/247
f 220/742/248 218/743/248 219/744/248
f 221/745/249 220/746/249 219/747/249
f 222/748/250 220/749/250 221/750/250
f 223/751/251 222/752/251 221/753/251
f 224/754/252 222/755/252 223/756/252
f 163/757/253 224/758/253 223/759/253
f 160/760/254 224/761/254 163/762/254
f 162/763/255 160/764/255 163/765/255
f 161/766/256 160/767/256 162/768/256
f 227/769/257 225/770/257 226/771/257
f 228/772/258 227/773/258 226/774/258
f 229/775/259 227/776/259 228/777/259
f 230/778/260 229/779/260 228/780/260
f 231/781/261 229/782/261 230/783/261
f 232/784/262 231/785/262 230/786/262
f 233/787/263 231/788/263 232/789/263
f 234/790/264 233/791/264 232/792/264
f 235/793/265 233/794/265 234/795/265
f 236/796/266 235/797/266 234/798/266
f 237/799/267 235/800/267 236/801/267
f 158/802/268 237/803/268 236/804/268
f 154/805/269 237/806/269 158/807/269
f 159/808/270 154/809/270 158/810/270
f 155/811/271 154/812/271 159/813/271
f 238/814/272 5/815/272 6/816/272
f 117/817/273 238/818/273 6/819/273
f 239/820/274 238/821/274 117/822/274
f 240/823/275 239/824/275 117/825/275
f 241/826/276 239/827/276 240/828/276
f 242/829/277 241/830/277 240/831/277
f 243/832/278 241/833/278 242/834/278
f 244/835/279 243/836/279 242/837/279
f 245/838/280 243/839/280 244/840/280
f 246/841/281 245/842/281 244/843/281
f 247/844/282 245/845/282 246/846/282
f 248/847/283 247/848/283 246/849/283
f 249/850/284 247/851/284 248/852/284
f 250/853/285 249/854/285 248/855/285
f 251/856/286 249/857/286 250/858/286
f 252/859/287 251/860/287 250/861/287
f 253/862/288 251/863/288 252/864/288
f 254/865/289 253/866/289 252/867/289
f 116/868/290 10/869/290 12/870/290
f 115/871/291 116/872/291 12/873/291
f 255/874/292 116/875/292 115/876/292
f 256/877/293 255/878/293 115/879/293
f 257/880/294 255/881/294 256/882/294
f 258/883/295 257/884/295 256/885/295
f 259/886/296 257/887/296 258/888/296
f 260/889/297 259/890/297 258/891/297
f 261/892/298 259/893/298 260/894/298
f 262/895/299 261/896/299 260/897/299
f 263/898/300 261/899/300 262/900/300
f 264/901/301 263/902/301 262/903/301
f 265/904/302 263/905/302 264/906/302
f 266/907/303 265/908/303 264/909/303
f 267/910/304 265/911/304 266/912/304
f 268/913/305 267/914/305 266/915/305
f 269/916/306 15/917/306 16/918/306
f 114/919/307 269/920/307 16/921/307
f 270/922/308 269/923/308 114/924/308
f 271/925/309 270/926/309 114/927/309
f 272/928/310 270/929/310 271/930/310
f 273/931/311 272/932/311 271/933/311
f 274/934/312 272/935/312 273/936/312
f 275/937/313 274/938/313 273/939/313
f 276/940/314 274/941/314 275/942/314
f 277/943/315 276/944/315 275/945/315
f 278/946/316 276/947/316 277/948/316
f 279/949/317 278/950/317 277/951/317
f 280/952/318 278/953/318 279/954/318
f 281/955/319 280/956/319 279/957/319
f 282/958/320 280/959/320 281/960/320
f 283/961/321 282/962/321 281/963/321
f 284/964/322 282/965/322 283/966/322
f 285/967/323 284/968/323 283/969/323
f 113/970/324 20/971/324 29/972/324
f 112/973/325 113/974/325 29/975/325
f 286/976/326 113/977/326 112/978/326
f 287/979/327 286/980/327 112/981/327
f 288/982/328 286/983/328 287/984/328
f 289/985/329 288/986/329 287/987/329
f 290/988/330 288/989/330 289/990/330
f 291/991/331 290/992/331 289/993/331
f 292/994/332 290/995/332 291/996/332
f 293/997/333 292/998/333 291/999/333
f 294/1000/334 292/1001/334 293/1002/334
f 295/1003/335 294/1004/335 293/1005/335
f 296/1006/336 294/1007/336 295/1008/336
f 297/1009/337 296/1010/337 295/1011/337
f 298/1012/338 296/1013/338 297/1014/338
f 299/1015/339 298/1016/339 297/1017/339
f 112/1018/340 28/1019/340 27/1020/340
f 300/1021/341 112/1022/341 27/1023/341
f 287/1024/342 112/1025/342 300/1026/342
f 301/1027/343 287/1028/343 300/1029/343
f 289/1030/344 287/1031/344 301/1032/344
f 302/1033/345 289/1034/345 301/1035/345
f 291/1036/346 289/1037/346 302/1038/346
f 303/1039/347 291/1040/347 302/1041/347
f 293/1042/348 291/1043/348 303/1044/348
f 304/1045/349 293/1046/349 303/1047/349
f 295/1048/350 293/1049/350 304/1050/350
f 305/1051/351 295/1052/351 304/1053/351
f 297/1054/352 295/1055/352 305/1056/352
f 306/1057/353 297/1058/353 305/1059/353
f 299/1060/354 297/1061/354 306/1062/354
f 307/1063/355 299/1064/355 306/1065/355
f 300/1066/356 27/1067/356 25/1068/356
f 111/1069/357 300/1070/357 25/1071/357
f 301/1072/358 300/1073/358 111/1074/358
f 308/1075/359 301/1076/359 111/1077/359
f 302/1078/360 301/1079/360 308/1080/360
f 309/1081/361 302/1082/361 308/1083/361
f 303/1084/362 302/1085/362 309/1086/362
f 310/1087/363 303/1088/363 309/1089/363
f 304/1090/364 303/1091/364 310/1092/364
f 311/1093/365 304/1094/365 310/1095/365
f 305/1096/366 304/1097/366 311/1098/366
f 312/1099/367 305/1100/367 311/1101/367
f 306/1102/368 305/1103/368 312/1104/368
f 313/1105/369 306/1106/369 312/1107/369
f 307/1108/370 306/1109/370 313/1110/370
f 314/1111/371 307/1112/371 313/1113/371
f 110/1114/372 30/1115/372 32/1116/372
f 315/1117/373 110/1118/373 32/1119/373
f 316/1120/374 110/1121/374 315/1122/374
f 317/1123/375 316/1124/375 315/1125/375
f 318/1126/376 316/1127/376 317/1128/376
f 319/1129/377 318/1130/377 317/1131/377
f 320/1132/378 318/1133/378 319/1134/378
f 321/1135/379 320/1136/379 319/1137/379
f 322/1138/380 320/1139/380 321/1140/380
f 323/1141/381 322/1142/381 321/1143/381
f 324/1144/382 322/1145/382 323/1146/382
f 325/1147/383 324/1148/383 323/1149/383
f 326/1150/384 324/1151/384 325/1152/384
f 327/1153/385 326/1154/385 325/1155/385
f 328/1156/386 326/1157/386 327/1158/386
f 329/1159/387 328/1160/387 327/1161/387
f 330/1162/388 328/1163/388 329/1164/388
f 331/1165/389 330/1166/389 329/1167/389
f 109/1168/390 35/1169/390 38/1170/390
f 108/1171/391 109/1172/391 38/1173/391
f 332/1174/392 109/1175/392 108/1176/392
f 333/1177/393 332/1178/393 108/1179/393
f 334/1180/394 332/1181/394 333/1182/394
f 335/1183/395 334/1184/395 333/1185/395
f 336/1186/396 334/1187/396 335/1188/396
f 337/1189/397 336/1190/397 335/1191/397
f 338/1192/398 336/1193/398 337/1194/398
f 339/1195/399 338/1196/399 337/1197/399
f 340/1198/400 338/1199/400 339/1200/400
f 341/1201/401 340/1202/401 339/1203/401
f 342/1204/402 340/1205/402 341/1206/402
f 343/1207/403 342/1208/403 341/1209/403
f 344/1210/404 342/1211/404 343/1212/404
f 345/1213/405 344/1214/405 343/1215/405
f 108/1216/406 37/1217/406 43/1218/406
f 107/1219/407 108/1220/407 43/1221/407
f 333/1222/408 108/1223/408 107/1224/408
f 346/1225/409 333/1226/409 107/1227/409
f 335/1228/410 333/1229/410 346/1230/410
f 347/1231/411 335/1232/411 346/1233/411
f 337/1234/412 335/1235/412 347/1236/412
f 348/1237/413 337/1238/413 347/1239/413
f 339/1240/414 337/1241/414 348/1242/414
f 349/1243/415 339/1244/415 348/1245/415
f 341/1246/416 339/1247/416 349/1248/416
f 350/1249/417 341/1250/417 349/1251/417
f 343/1252/418 341/1253/418 350/1254/418
f 351/1255/419 343/1256/419 350/1257/419
f 345/1258/420 343/1259/420 351/1260/420
f 352/1261/421 345/1262/421 351/1263/421
f 107/1264/422 42/1265/422 40/1266/422
f 353/1267/423 107/1268/423 40/1269/423
f 346/1270/424 107/1271/424 353/1272/424
f 354/1273/425 346/1274/425 353/1275/425
f 347/1276/426 346/1277/426 354/1278/426
f 355/1279/427 347/1280/427 354/1281/427
f 348/1282/428 347/1283/428 355/1284/428
f 356/1285/429 348/1286/429 355/1287/429
f 349/1288/430 348/1289/430 356/1290/430
f 357/1291/431 349/1292/431 356/1293/431
f 350/1294/432 349/1295/432 357/1296/432
f 358/1297/433 350/1298/433 357/1299/433
f 351/1300/434 350/1301/434 358/1302/434
f 359/1303/435 351/1304/435 358/1305/435
f 352/1306/436 351/1307/436 359/1308/436
f 360/1309/437 352/1310/437 359/1311/437
f 106/1312/438 44/1313/438 46/1314/438
f 105/1315/439 106/1316/439 46/1317/439
f 361/1318/440 106/1319/440 105/1320/440
f 362/1321/441 361/1322/441 105/1323/441
f 363/1324/442 361/1325/442 362/1326/442
f 364/1327/443 363/1328/443 362/1329/443
f 365/1330/444 363/1331/444 364/1332/444
f 366/1333/445 365/1334/445 364/1335/445
f 367/1336/446 365/1337/446 366/1338/446
f 368/1339/447 367/1340/447 366/1341/447
f 369/1342/448 367/1343/448 368/1344/448
f 370/1345/449 369/1346/449 368/1347/449
f 371/1348/450 369/1349/450 370/1350/450
f 372/1351/451 371/1352/451 370/1353/451
f 373/1354/452 371/1355/452 372/1356/452
f 374/1357/453 373/1358/453 372/1359/453
f 375/1360/454 373/1361/454 374/1362/454
f 376/1363/455 375/1364/455 374/1365/455
f 377/1366/456 49/1367/456 50/1368/456
f 104/1369/457 377/1370/457 50/1371/457
f 378/1372/458 377/1373/458 104/1374/458
f 379/1375/459 378/1376/459 104/1377/459
f 380/1378/460 378/1379/460 379/1380/460
f 381/1381/461 380/1382/461 379/1383/461
f 382/1384/462 380/1385/462 381/1386/462
f 383/1387/463 382/1388/463 381/1389/463
f 384/1390/464 382/1391/464 383/1392/464
f 385/1393/465 384/1394/465 383/1395/465
f 386/1396/466 384/1397/466 385/1398/466
f 387/1399/467 386/1400/467 385/1401/467
f 388/1402/468 386/1403/468 387/1404/468
f 389/1405/469 388/1406/469 387/1407/469
f 390/1408/470 388/1409/470 389/1410/470
f 391/1411/471 390/1412/471 389/1413/471
f 103/1414/472 54/1415/472 63/1416/472
f 102/1417/473 103/1418/473 63/1419/473
f 392/1420/474 103/1421/474 102/1422/474
f 393/1423/475 392/1424/475 102/1425/475
f 394/1426/476 392/1427/476 393/1428/476
f 395/1429/477 394/1430/477 393/1431/477
f 396/1432/478 394/1433/478 395/1434/478
f 397/1435/479 396/1436/479 395/1437/479
f 398/1438/480 396/1439/480 397/1440/480
f 399/1441/481 398/1442/481 397/1443/481
f 400/1444/482 398/1445/482 399/1446/482
f 401/1447/483 400/1448/483 399/1449/483
f 402/1450/484 400/1451/484 401/1452/484
f 403/1453/485 402/1454/485 401/1455/485
f 404/1456/486 402/1457/486 403/1458/486
f 405/1459/487 404/1460/487 403/1461/487
f 406/1462/488 404/1463/488 405/1464/488
f 407/1465/489 406/1466/489 405/1467/489
f 409/1468/490 408/1469/490 118/1470/490
f 120/1471/491 409/1472/491 118/1473/491
f 410/1474/492 409/1475/492 120/1476/492
f 211/1477/493 410/1478/493 120/1479/493
f 411/1480/494 410/1481/494 211/1482/494
f 212/1483/495 411/1484/495 211/1485/495
f 412/1486/496 411/1487/496 212/1488/496
f 213/1489/497 412/1490/497 212/1491/497
f 413/1492/498 412/1493/498 213/1494/498
f 414/1495/499 413/1496/499 213/1497/499
f 217/1498/500 215/1499/500 414/1500/500
f 213/1501/501 217/1502/501 414/1503/501
f 219/1504/502 217/1505/502 213/1506/502
f 203/1507/503 219/1508/503 213/1509/503
f 221/1510/504 219/1511/504 203/1512/504
f 194/1513/505 221/1514/505 203/1515/505
f 223/1516/506 221/1517/506 194/1518/506
f 168/1519/507 223/1520/507 194/1521/507
f 163/1522/508 223/1523/508 168/1524/508
f 169/1525/509 163/1526/509 168/1527/509
f 165/1528/510 163/1529/510 169/1530/510
f 160/1531/511 156/1532/511 158/1533/511
f 236/1534/512 160/1535/512 158/1536/512
f 224/1537/513 160/1538/513 236/1539/513
f 234/1540/514 224/1541/514 236/1542/514
f 222/1543/515 224/1544/515 234/1545/515
f 232/1546/516 222/1547/516 234/1548/516
f 220/1549/517 222/1550/517 232/1551/517
f 230/1552/518 220/1553/518 232/1554/518
f 218/1555/519 220/1556/519 230/1557/519
f 228/1558/520 218/1559/520 230/1560/520
f 216/1561/521 218/1562/521 228/1563/521
f 226/1564/522 216/1565/522 228/1566/522
f 214/1567/523 216/1568/523 226/1569/523
f 225/1570/524 415/1571/524 416/1572/524
f 417/1573/525 225/1574/525 416/1575/525
f 226/1576/526 225/1577/526 417/1578/526
f 418/1579/527 226/1580/527 417/1581/527
f 214/1582/528 226/1583/528 418/1584/528
f 154/1585/529 3/1586/529 5/1587/529
f 238/1588/530 154/1589/530 5/1590/530
f 237/1591/531 154/1592/531 238/1593/531
f 239/1594/532 237/1595/532 238/1596/532
f 235/1597/533 237/1598/533 239/1599/533
f 241/1600/534 235/1601/534 239/1602/534
f 233/1603/535 235/1604/535 241/1605/535
f 243/1606/536 233/1607/536 241/1608/536
f 231/1609/537 233/1610/537 243/1611/537
f 245/1612/538 231/1613/538 243/1614/538
f 229/1615/539 231/1616/539 245/1617/539
f 247/1618/540 229/1619/540 245/1620/540
f 227/1621/541 229/1622/541 247/1623/541
f 249/1624/542 227/1625/542 247/1626/542
f 225/1627/543 227/1628/543 249/1629/543
f 251/1630/544 225/1631/544 249/1632/544
f 415/1633/545 225/1634/545 251/1635/545
f 253/1636/546 415/1637/546 251/1638/546
f 117/1639/547 8/1640/547 9/1641/547
f 116/1642/548 117/1643/548 9/1644/548
f 240/1645/549 117/1646/549 116/1647/549
f 255/1648/550 240/1649/550 116/1650/550
f 242/1651/551 240/1652/551 255/1653/551
f 257/1654/552 242/1655/552 255/1656/552
f 244/1657/553 242/1658/553 257/1659/553
f 259/1660/554 244/1661/554 257/1662/554
f 246/1663/555 244/1664/555 259/1665/555
f 261/1666/556 246/1667/556 259/1668/556
f 248/1669/557 246/1670/557 261/1671/557
f 263/1672/558 248/1673/558 261/1674/558
f 250/1675/559 248/1676/559 263/1677/559
f 265/1678/560 250/1679/560 263/1680/560
f 252/1681/561 250/1682/561 265/1683/561
f 267/1684/562 252/1685/562 265/1686/562
f 254/1687/563 252/1688/563 267/1689/563
f 268/1690/564 419/1691/564 420/1692/564
f 421/1693/565 268/1694/565 420/1695/565
f 267/1696/566 268/1697/566 421/1698/566
f 422/1699/567 267/1700/567 421/1701/567
f 254/1702/568 267/1703/568 422/1704/568
f 115/1705/569 13/1706/569 15/1707/569
f 269/1708/570 115/1709/570 15/1710/570
f 256/1711/571 115/1712/571 269/1713/571
f 270/1714/572 256/1715/572 269/1716/572
f 258/1717/573 256/1718/573 270/1719/573
f 272/1720/574 258/1721/574 270/1722/574
f 260/1723/575 258/1724/575 272/1725/575
f 274/1726/576 260/1727/576 272/1728/576
f 262/1729/577 260/1730/577 274/1731/577
f 276/1732/578 262/1733/578 274/1734/578
f 264/1735/579 262/1736/579 276/1737/579
f 278/1738/580 264/1739/580 276/1740/580
f 266/1741/581 264/1742/581 278/1743/581
f 280/1744/582 266/1745/582 278/1746/582
f 268/1747/583 266/1748/583 280/1749/583
f 282/1750/584 268/1751/584 280/1752/584
f 419/1753/585 268/1754/585 282/1755/585
f 284/1756/586 419/1757/586 282/1758/586
f 114/1759/587 18/1760/587 21/1761/587
f 113/1762/588 114/1763/588 21/1764/588
f 271/1765/589 114/1766/589 113/1767/589
f 286/1768/590 271/1769/590 113/1770/590
f 273/1771/591 271/1772/591 286/1773/591
f 288/1774/592 273/1775/592 286/1776/592
f 275/1777/593 273/1778/593 288/1779/593
f 290/1780/594 275/1781/594 288/1782/594
f 277/1783/595 275/1784/595 290/1785/595
f 292/1786/596 277/1787/596 290/1788/596
f 279/1789/597 277/1790/597 292/1791/597
f 294/1792/598 279/1793/598 292/1794/598
f 281/1795/599 279/1796/599 294/1797/599
f 296/1798/600 281/1799/600 294/1800/600
f 283/1801/601 281/1802/601 296/1803/601
f 298/1804/602 283/1805/602 296/1806/602
f 285/1807/603 283/1808/603 298/1809/603
f 314/1810/604 423/1811/604 424/1812/604
f 425/1813/605 314/1814/605 424/1815/605
f 307/1816/606 314/1817/606 425/1818/606
f 426/1819/607 307/1820/607 425/1821/607
f 299/1822/608 307/1823/608 426/1824/608
f 427/1825/609 299/1826/609 426/1827/609
f 298/1828/610 299/1829/610 427/1830/610
f 428/1831/611 298/1832/611 427/1833/611
f 285/1834/612 298/1835/612 428/1836/612
f 111/1837/613 23/1838/613 22/1839/613
f 110/1840/614 111/1841/614 22/1842/614
f 308/1843/615 111/1844/615 110/1845/615
f 316/1846/616 308/1847/616 110/1848/616
f 309/1849/617 308/1850/617 316/1851/617
f 318/1852/618 309/1853/618 316/1854/618
f 310/1855/619 309/1856/619 318/1857/619
f 320/1858/620 310/1859/620 318/1860/620
f 311/1861/621 310/1862/621 320/1863/621
f 322/1864/622 311/1865/622 320/1866/622
f 312/1867/623 311/1868/623 322/1869/623
f 324/1870/624 312/1871/624 322/1872/624
f 313/1873/625 312/1874/625 324/1875/625
f 326/1876/626 313/1877/626 324/1878/626
f 314/1879/627 313/1880/627 326/1881/627
f 328/1882/628 314/1883/628 326/1884/628
f 423/1885/629 314/1886/629 328/1887/629
f 330/1888/630 423/1889/630 328/1890/630
f 315/1891/631 32/1892/631 33/1893/631
f 109/1894/632 315/1895/632 33/1896/632
f 317/1897/633 315/1898/633 109/1899/633
f 332/1900/634 317/1901/634 109/1902/634
f 319/1903/635 317/1904/635 332/1905/635
f 334/1906/636 319/1907/636 332/1908/636
f 321/1909/637 319/1910/637 334/1911/637
f 336/1912/638 321/1913/638 334/1914/638
f 323/1915/639 321/1916/639 336/1917/639
f 338/1918/640 323/1919/640 336/1920/640
f 325/1921/641 323/1922/641 338/1923/641
f 340/1924/642 325/1925/642 338/1926/642
f 327/1927/643 325/1928/643 340/1929/643
f 342/1930/644 327/1931/644 340/1932/644
f 329/1933/645 327/1934/645 342/1935/645
f 344/1936/646 329/1937/646 342/1938/646
f 331/1939/647 329/1940/647 344/1941/647
f 360/1942/648 429/1943/648 430/1944/648
f 431/1945/649 360/1946/649 430/1947/649
f 352/1948/650 360/1949/650 431/1950/650
f 432/1951/651 352/1952/651 431/1953/651
f 345/1954/652 352/1955/652 432/1956/652
f 433/1957/653 345/1958/653 432/1959/653
f 344/1960/654 345/1961/654 433/1962/654
f 434/1963/655 344/1964/655 433/1965/655
f 331/1966/656 344/1967/656 434/1968/656
f 353/1969/657 40/1970/657 39/1971/657
f 106/1972/658 353/1973/658 39/1974/658
f 354/1975/659 353/1976/659 106/1977/659
f 361/1978/660 354/1979/660 106/1980/660
f 355/1981/661 354/1982/661 361/1983/661
f 363/1984/662 355/1985/662 361/1986/662
f 356/1987/663 355/1988/663 363/1989/663
f 365/1990/664 356/1991/664 363/1992/664
f 357/1993/665 356/1994/665 365/1995/665
f 367/1996/666 357/1997/666 365/1998/666
f 358/1999/667 357/2000/667 367/2001/667
f 369/2002/668 358/2003/668 367/2004/668
f 359/2005/669 358/2006/669 369/2007/669
f 371/2008/670 359/2009/670 369/2010/670
f 360/2011/671 359/2012/671 371/2013/671
f 373/2014/672 360/2015/672 371/2016/672
f 429/2017/673 360/2018/673 373/2019/673
f 375/2020/674 429/2021/674 373/2022/674
f 105/2023/675 47/2024/675 49/2025/675
f 377/2026/676 105/2027/676 49/2028/676
f 362/2029/677 105/2030/677 377/2031/677
f 378/2032/678 362/2033/678 377/2034/678
f 364/2035/679 362/2036/679 378/2037/679
f 380/2038/680 364/2039/680 378/2040/680
f 366/2041/681 364/2042/681 380/2043/681
f 382/2044/682 366/2045/682 380/2046/682
f 368/2047/683 366/2048/683 382/2049/683
f 384/2050/684 368/2051/684 382/2052/684
f 370/2053/685 368/2054/685 384/2055/685
f 386/2056/686 370/2057/686 384/2058/686
f 372/2059/687 370/2060/687 386/2061/687
f 388/2062/688 372/2063/688 386/2064/688
f 374/2065/689 372/2066/689 388/2067/689
f 390/2068/690 374/2069/690 388/2070/690
f 376/2071/691 374/2072/691 390/2073/691
f 391/2074/692 435/2075/692 436/2076/692
f 437/2077/693 391/2078/693 436/2079/693
f 390/2080/694 391/2081/694 437/2082/694
f 438/2083/695 390/2084/695 437/2085/695
f 376/2086/696 390/2087/696 438/2088/696
f 104/2089/697 52/2090/697 55/2091/697
f 103/2092/698 104/2093/698 55/2094/698
f 379/2095/699 104/2096/699 103/2097/699
f 392/2098/700 379/2099/700 103/2100/700
f 381/2101/701 379/2102/701 392/2103/701
f 394/2104/702 381/2105/702 392/2106/702
f 383/2107/703 381/2108/703 394/2109/703
f 396/2110/704 383/2111/704 394/2112/704
f 385/2113/705 383/2114/705 396/2115/705
f 398/2116/706 385/2117/706 396/2118/706
f 387/2119/707 385/2120/707 398/2121/707
f 400/2122/708 387/2123/708 398/2124/708
f 389/2125/709 387/2126/709 400/2127/709
f 402/2128/710 389/2129/710 400/2130/710
f 391/2131/711 389/2132/711 402/2133/711
f 404/2134/712 391/2135/712 402/2136/712
f 435/2137/713 391/2138/713 404/2139/713
f 406/2140/714 435/2141/714 404/2142/714
f 96/2143/715 95/2144/715 407/2145/715
f 405/2146/716 96/2147/716 407/2148/716
f 439/2149/717 96/2150/717 405/2151/717
f 403/2152/718 439/2153/718 405/2154/718
f 440/2155/719 439/2156/719 403/2157/719
f 401/2158/720 440/2159/720 403/2160/720
f 441/2161/721 440/2162/721 401/2163/721
f 399/2164/722 441/2165/722 401/2166/722
f 442/2167/723 441/2168/723 399/2169/723
f 397/2170/724 442/2171/724 399/2172/724
f 443/2173/725 442/2174/725 397/2175/725
f 395/2176/726 443/2177/726 397/2178/726
f 444/2179/727 443/2180/727 395/2181/727
f 393/2182/728 444/2183/728 395/2184/728
f 445/2185/729 444/2186/729 393/2187/729
f 102/2188/730 445/2189/730 393/2190/730
f 61/2191/731 445/2192/731 102/2193/731
f 62/2194/732 61/2195/732 102/2196/732
f 204/2197/733 446/2198/733 94/2199/733
f 96/2200/734 204/2201/734 94/2202/734
f 195/2203/735 204/2204/735 96/2205/735
f 439/2206/736 195/2207/736 96/2208/736
f 187/2209/737 195/2210/737 439/2211/737
f 440/2212/738 187/2213/738 439/2214/738
f 183/2215/739 187/2216/739 440/2217/739
f 441/2218/740 183/2219/740 440/2220/740
f 180/2221/741 183/2222/741 441/2223/741
f 442/2224/742 180/2225/742 441/2226/742
f 177/2227/743 180/2228/743 442/2229/743
f 443/2230/744 177/2231/744 442/2232/744
f 99/2233/745 177/2234/745 443/2235/745
f 444/2236/746 99/2237/746 443/2238/746
f 97/2239/747 99/2240/747 444/2241/747
f 445/2242/748 97/2243/748 444/2244/748
f 59/2245/749 97/2246/749 445/2247/749
f 61/2248/750 59/2249/750 445/2250/750
f 173/2251/751 82/2252/751 174/2253/751
f 447/2254/752 173/2255/752 174/2256/752
f 210/2257/753 173/2258/753 447/2259/753
f 448/2260/754 210/2261/754 447/2262/754
f 209/2263/755 210/2264/755 448/2265/755
f 449/2266/756 209/2267/756 448/2268/756
f 208/2269/757 209/2270/757 449/2271/757
f 450/2272/758 208/2273/758 449/2274/758
f 207/2275/759 208/2276/759 450/2277/759
f 451/2278/760 207/2279/760 450/2280/760
f 206/2281/761 207/2282/761 451/2283/761
f 452/2284/762 206/2285/762 451/2286/762
f 205/2287/763 206/2288/763 452/2289/763
f 453/2290/764 205/2291/764 452/2292/764
f 204/2293/765 205/2294/765 453/2295/765
f 454/2296/766 204/2297/766 453/2298/766
f 446/2299/767 204/2300/767 454/2301/767
f 174/2302/768 90/2303/768 175/2304/768
f 455/2305/769 174/2306/769 175/2307/769
f 447/2308/770 174/2309/770 455/2310/770
f 456/2311/771 447/2312/771 455/2313/771
f 448/2314/772 447/2315/772 456/2316/772
f 457/2317/773 448/2318/773 456/2319/773
f 449/2320/774 448/2321/774 457/2322/774
f 458/2323/775 449/2324/775 457/2325/775
f 450/2326/776 449/2327/776 458/2328/776
f 459/2329/777 450/2330/777 458/2331/777
f 451/2332/778 450/2333/778 459/2334/778
f 460/2335/779 451/2336/779 459/2337/779
f 452/2338/780 451/2339/780 460/2340/780
f 461/2341/781 452/2342/781 460/2343/781
f 453/2344/782 452/2345/782 461/2346/782
f 462/2347/783 453/2348/783 461/2349/783
f 454/2350/784 453/2351/784 462/2352/784
f 465/2353/785 463/2354/785 464/2355/785
f 175/2356/786 88/2357/786 101/2358/786
f 466/2359/787 175/2360/787 101/2361/787
f 455/2362/788 175/2363/788 466/2364/788
f 467/2365/789 455/2366/789 466/2367/789
f 456/2368/790 455/2369/790 467/2370/790
f 468/2371/791 456/2372/791 467/2373/791
f 457/2374/792 456/2375/792 468/2376/792
f 469/2377/793 457/2378/793 468/2379/793
f 458/2380/794 457/2381/794 469/2382/794
f 470/2383/795 458/2384/795 469/2385/795
f 459/2386/796 458/2387/796 470/2388/796
f 471/2389/797 459/2390/797 470/2391/797
f 460/2392/798 459/2393/798 471/2394/798
f 463/2395/799 460/2396/799 471/2397/799
f 461/2398/800 460/2399/800 463/2400/800
f 465/2401/801 461/2402/801 463/2403/801
f 462/2404/802 461/2405/802 465/2406/802
f 101/2407/803 86/2408/803 176/2409/803
f 472/2410/804 101/2411/804 176/2412/804
f 466/2413/805 101/2414/805 472/2415/805
f 473/2416/806 466/2417/806 472/2418/806
f 467/2419/807 466/2420/807 473/2421/807
f 474/2422/808 467/2423/808 473/2424/808
f 468/2425/809 467/2426/809 474/2427/809
f 475/2428/810 468/2429/810 474/2430/810
f 469/2431/811 468/2432/811 475/2433/811
f 476/2434/812 469/2435/812 475/2436/812
f 470/2437/813 469/2438/813 476/2439/813
f 477/2440/814 470/2441/814 476/2442/814
f 471/2443/815 470/2444/815 477/2445/815
f 478/2446/816 471/2447/816 477/2448/816
f 463/2449/817 471/2450/817 478/2451/817
f 479/2452/818 463/2453/818 478/2454/818
f 464/2455/819 463/2456/819 479/2457/819
f 176/2458/820 83/2459/820 100/2460/820
f 146/2461/821 176/2462/821 100/2463/821
f 472/2464/822 176/2465/822 146/2466/822
f 143/2467/823 472/2468/823 146/2469/823
f 473/2470/824 472/2471/824 143/2472/824
f 139/2473/825 473/2474/825 143/2475/825
f 474/2476/826 473/2477/826 139/2478/826
f 134/2479/827 474/2480/827 139/2481/827
f 475/2482/828 474/2483/828 134/2484/828
f 132/2485/829 475/2486/829 134/2487/829
f 476/2488/830 475/2489/830 132/2490/830
f 129/2491/831 476/2492/831 132/2493/831
f 477/2494/832 476/2495/832 129/2496/832
f 125/2497/833 477/2498/833 129/2499/833
f 478/2500/834 477/2501/834 125/2502/834
f 124/2503/835 478/2504/835 125/2505/835
f 479/2506/836 478/2507/836 124/2508/836
f 482/2509/837 480/2510/837 481/2511/837
f 485/2512/838 483/2513/838 484/2514/838
f 488/2515/839 486/2516/839 487/2517/839
f 483/2518/840 489/2519/840 490/2520/840
f 493/2521/841 491/2522/841 492/2523/841
f 496/2524/842 494/2525/842 495/2526/842
f 503/2527/843 501/2528/843 502/2529/843
f 506/2530/844 504/2531/844 505/2532/844
f 502/2533/845 501/2534/845 507/2535/845
f 508/2536/846 502/2537/846 507/2538/846
f 506/2539/847 502/2540/847 508/2541/847
f 504/2542/848 506/2543/848 508/2544/848
f 503/2545/849 509/2546/849 510/2547/849
f 511/2548/850 503/2549/850 510/2550/850
f 501/2551/851 503/2552/851 511/2553/851
f 509/2554/852 512/2555/852 513/2556/852
f 514/2557/853 509/2558/853 513/2559/853
f 510/2560/854 509/2561/854 514/2562/854
f 512/2563/855 515/2564/855 516/2565/855
f 517/2566/856 512/2567/856 516/2568/856
f 513/2569/857 512/2570/857 517/2571/857
f 515/2572/858 518/2573/858 519/2574/858
f 520/2575/859 515/2576/859 519/2577/859
f 516/2578/860 515/2579/860 520/2580/860
f 487/2581/861 499/2582/861 500/2583/861
f 521/2584/862 487/2585/862 500/2586/862
f 488/2587/863 487/2588/863 521/2589/863
f 522/2590/864 488/2591/864 521/2592/864
f 518/2593/865 488/2594/865 522/2595/865
f 523/2596/866 518/2597/866 522/2598/866
f 519/2599/867 518/2600/867 523/2601/867
f 526/2602/868 524/2603/868 525/2604/868
f 527/2605/869 526/2606/869 525/2607/869
f 528/2608/870 526/2609/870 527/2610/870
f 531/2611/871 529/2612/871 530/2613/871
f 534/2614/872 532/2615/872 533/2616/872
f 537/2617/873 535/2618/873 536/2619/873
f 538/2620/874 537/2621/874 536/2622/874
f 539/2623/875 537/2624/875 538/2625/875
f 535/2626/876 540/2627/876 541/2628/876
f 544/2629/877 543/2630/877 542/2631/877
f 484/2632/878 483/2633/878 490/2634/878
f 545/2635/879 484/2636/879 490/2637/879
f 546/2638/880 484/2639/880 545/2640/880
f 549/2641/881 547/2642/881 548/2643/881
f 552/2644/882 550/2645/882 551/2646/882
f 555/2647/883 553/2648/883 554/2649/883
f 558/2650/884 556/2651/884 557/2652/884
f 560/2653/885 558/2654/885 559/2655/885
f 486/2656/886 560/2657/886 559/2658/886
f 562/2659/887 561/2660/887 485/2661/887
f 484/2662/888 562/2663/888 485/2664/888
f 547/2665/889 562/2666/889 484/2667/889
f 546/2668/890 547/2669/890 484/2670/890
f 548/2671/891 547/2672/891 546/2673/891
f 564/2674/892 563/2675/892 561/2676/892
f 562/2677/893 564/2678/893 561/2679/893
f 565/2680/894 564/2681/894 562/2682/894
f 547/2683/895 565/2684/895 562/2685/895
f 566/2686/896 565/2687/896 547/2688/896
f 549/2689/897 566/2690/897 547/2691/897
f 567/2692/898 566/2693/898 549/2694/898
f 569/2695/899 568/2696/899 563/2697/899
f 564/2698/900 569/2699/900 563/2700/900
f 570/2701/901 569/2702/901 564/2703/901
f 565/2704/902 570/2705/902 564/2706/902
f 571/2707/903 570/2708/903 565/2709/903
f 566/2710/904 571/2711/904 565/2712/904
f 550/2713/905 571/2714/905 566/2715/905
f 567/2716/906 550/2717/906 566/2718/906
f 551/2719/907 550/2720/907 567/2721/907
f 573/2722/908 572/2723/908 568/2724/908
f 569/2725/909 573/2726/909 568/2727/909
f 574/2728/910 573/2729/910 569/2730/910
f 570/2731/911 574/2732/911 569/2733/911
f 575/2734/912 574/2735/912 570/2736/912
f 571/2737/913 575/2738/913 570/2739/913
f 576/2740/914 575/2741/914 571/2742/914
f 550/2743/915 576/2744/915 571/2745/915
f 553/2746/916 576/2747/916 550/2748/916
f 552/2749/917 553/2750/917 550/2751/917
f 554/2752/918 553/2753/918 552/2754/918
f 578/2755/919 577/2756/919 572/2757/919
f 573/2758/920 578/2759/920 572/2760/920
f 579/2761/921 578/2762/921 573/2763/921
f 574/2764/922 579/2765/922 573/2766/922
f 580/2767/923 579/2768/923 574/2769/923
f 575/2770/924 580/2771/924 574/2772/924
f 581/2773/925 580/2774/925 575/2775/925
f 576/2776/926 581/2777/926 575/2778/926
f 582/2779/927 581/2780/927 576/2781/927
f 553/2782/928 582/2783/928 576/2784/928
f 583/2785/929 582/2786/929 553/2787/929
f 555/2788/930 583/2789/930 553/2790/930
f 584/2791/931 583/2792/931 555/2793/931
f 586/2794/932 585/2795/932 577/2796/932
f 578/2797/933 586/2798/933 577/2799/933
f 587/2800/934 586/2801/934 578/2802/934
f 579/2803/935 587/2804/935 578/2805/935
f 588/2806/936 587/2807/936 579/2808/936
f 580/2809/937 588/2810/937 579/2811/937
f 589/2812/938 588/2813/938 580/2814/938
f 581/2815/939 589/2816/939 580/2817/939
f 590/2818/940 589/2819/940 581/2820/940
f 582/2821/941 590/2822/941 581/2823/941
f 591/2824/942 590/2825/942 582/2826/942
f 583/2827/943 591/2828/943 582/2829/943
f 556/2830/944 591/2831/944 583/2832/944
f 584/2833/945 556/2834/945 583/2835/945
f 557/2836/946 556/2837/946 584/2838/946
f 498/2839/947 497/2840/947 542/2841/947
f 543/2842/948 498/2843/948 542/2844/948
f 592/2845/949 498/2846/949 543/2847/949
f 595/2848/950 593/2849/950 594/2850/950
f 596/2851/951 595/2852/951 594/2853/951
f 597/2854/952 595/2855/952 596/2856/952
f 598/2857/953 597/2858/953 596/2859/953
f 599/2860/954 597/2861/954 598/2862/954
f 600/2863/955 599/2864/955 598/2865/955
f 540/2866/956 599/2867/956 600/2868/956
f 601/2869/957 540/2870/957 600/2871/957
f 541/2872/958 540/2873/958 601/2874/958
f 604/2875/959 602/2876/959 603/2877/959
f 605/2878/960 604/2879/960 603/2880/960
f 606/2881/961 604/2882/961 605/2883/961
f 607/2884/962 606/2885/962 605/2886/962
f 608/2887/963 606/2888/963 607/2889/963
f 609/2890/964 608/2891/964 607/2892/964
f 610/2893/965 608/2894/965 609/2895/965
f 537/2896/966 610/2897/966 609/2898/966
f 532/2899/967 610/2900/967 537/2901/967
f 539/2902/968 532/2903/968 537/2904/968
f 533/2905/969 532/2906/969 539/2907/969
f 612/2908/970 611/2909/970 602/2910/970
f 604/2911/971 612/2912/971 602/2913/971
f 613/2914/972 612/2915/972 604/2916/972
f 606/2917/973 613/2918/973 604/2919/973
f 614/2920/974 613/2921/974 606/2922/974
f 608/2923/975 614/2924/975 606/2925/975
f 615/2926/976 614/2927/976 608/2928/976
f 610/2929/977 615/2930/977 608/2931/977
f 616/2932/978 615/2933/978 610/2934/978
f 532/2935/979 616/2936/979 610/2937/979
f 529/2938/980 616/2939/980 532/2940/980
f 534/2941/981 529/2942/981 532/2943/981
f 530/2944/982 529/2945/982 534/2946/982
f 618/2947/983 617/2948/983 611/2949/983
f 612/2950/984 618/2951/984 611/2952/984
f 619/2953/985 618/2954/985 612/2955/985
f 613/2956/986 619/2957/986 612/2958/986
f 620/2959/987 619/2960/987 613/2961/987
f 614/2962/988 620/2963/988 613/2964/988
f 621/2965/989 620/2966/989 614/2967/989
f 615/2968/990 621/2969/990 614/2970/990
f 622/2971/991 621/2972/991 615/2973/991
f 616/2974/992 622/2975/992 615/2976/992
f 623/2977/993 622/2978/993 616/2979/993
f 529/2980/994 623/2981/994 616/2982/994
f 527/2983/995 623/2984/995 529/2985/995
f 531/2986/996 527/2987/996 529/2988/996
f 528/2989/997 527/2990/997 531/2991/997
f 625/2992/998 624/2993/998 494/2994/998
f 496/2995/999 625/2996/999 494/2997/999
f 626/2998/1000 625/2999/1000 496/3000/1000
f 627/3001/1001 626/3002/1001 496/3003/1001
f 628/3004/1002 626/3005/1002 627/3006/1002
f 629/3007/1003 628/3008/1003 627/3009/1003
f 630/3010/1004 628/3011/1004 629/3012/1004
f 631/3013/1005 630/3014/1005 629/3015/1005
f 632/3016/1006 630/3017/1006 631/3018/1006
f 633/3019/1007 632/3020/1007 631/3021/1007
f 634/3022/1008 632/3023/1008 633/3024/1008
f 635/3025/1009 634/3026/1009 633/3027/1009
f 636/3028/1010 634/3029/1010 635/3030/1010
f 637/3031/1011 636/3032/1011 635/3033/1011
f 638/3034/1012 636/3035/1012 637/3036/1012
f 639/3037/1013 638/3038/1013 637/3039/1013
f 640/3040/1014 638/3041/1014 639/3042/1014
f 641/3043/1015 640/3044/1015 639/3045/1015
f 643/3046/1016 642/3047/1016 497/3048/1016
f 498/3049/1017 643/3050/1017 497/3051/1017
f 644/3052/1018 643/3053/1018 498/3054/1018
f 592/3055/1019 644/3056/1019 498/3057/1019
f 645/3058/1020 644/3059/1020 592/3060/1020
f 646/3061/1021 645/3062/1021 592/3063/1021
f 596/3064/1022 594/3065/1022 646/3066/1022
f 592/3067/1023 596/3068/1023 646/3069/1023
f 598/3070/1024 596/3071/1024 592/3072/1024
f 543/3073/1025 598/3074/1025 592/3075/1025
f 600/3076/1026 598/3077/1026 543/3078/1026
f 544/3079/1027 600/3080/1027 543/3081/1027
f 601/3082/1028 600/3083/1028 544/3084/1028
f 540/3085/1029 535/3086/1029 537/3087/1029
f 609/3088/1030 540/3089/1030 537/3090/1030
f 599/3091/1031 540/3092/1031 609/3093/1031
f 607/3094/1032 599/3095/1032 609/3096/1032
f 597/3097/1033 599/3098/1033 607/3099/1033
f 605/3100/1034 597/3101/1034 607/3102/1034
f 595/3103/1035 597/3104/1035 605/3105/1035
f 603/3106/1036 595/3107/1036 605/3108/1036
f 593/3109/1037 595/3110/1037 603/3111/1037
f 617/3112/1038 647/3113/1038 648/3114/1038
f 649/3115/1039 617/3116/1039 648/3117/1039
f 611/3118/1040 617/3119/1040 649/3120/1040
f 650/3121/1041 611/3122/1041 649/3123/1041
f 602/3124/1042 611/3125/1042 650/3126/1042
f 651/3127/1043 602/3128/1043 650/3129/1043
f 603/3130/1044 602/3131/1044 651/3132/1044
f 652/3133/1045 603/3134/1045 651/3135/1045
f 593/3136/1046 603/3137/1046 652/3138/1046
f 527/3139/1047 525/3140/1047 624/3141/1047
f 625/3142/1048 527/3143/1048 624/3144/1048
f 623/3145/1049 527/3146/1049 625/3147/1049
f 626/3148/1050 623/3149/1050 625/3150/1050
f 622/3151/1051 623/3152/1051 626/3153/1051
f 628/3154/1052 622/3155/1052 626/3156/1052
f 621/3157/1053 622/3158/1053 628/3159/1053
f 630/3160/1054 621/3161/1054 628/3162/1054
f 620/3163/1055 621/3164/1055 630/3165/1055
f 632/3166/1056 620/3167/1056 630/3168/1056
f 619/3169/1057 620/3170/1057 632/3171/1057
f 634/3172/1058 619/3173/1058 632/3174/1058
f 618/3175/1059 619/3176/1059 634/3177/1059
f 636/3178/1060 618/3179/1060 634/3180/1060
f 617/3181/1061 618/3182/1061 636/3183/1061
f 638/3184/1062 617/3185/1062 636/3186/1062
f 647/3187/1063 617/3188/1063 638/3189/1063
f 640/3190/1064 647/3191/1064 638/3192/1064
f 482/3193/1065 481/3194/1065 641/3195/1065
f 639/3196/1066 482/3197/1066 641/3198/1066
f 653/3199/1067 482/3200/1067 639/3201/1067
f 637/3202/1068 653/3203/1068 639/3204/1068
f 654/3205/1069 653/3206/1069 637/3207/1069
f 635/3208/1070 654/3209/1070 637/3210/1070
f 655/3211/1071 654/3212/1071 635/3213/1071
f 633/3214/1072 655/3215/1072 635/3216/1072
f 656/3217/1073 655/3218/1073 633/3219/1073
f 631/3220/1074 656/3221/1074 633/3222/1074
f 657/3223/1075 656/3224/1075 631/3225/1075
f 629/3226/1076 657/3227/1076 631/3228/1076
f 658/3229/1077 657/3230/1077 629/3231/1077
f 627/3232/1078 658/3233/1078 629/3234/1078
f 493/3235/1079 658/3236/1079 627/3237/1079
f 496/3238/1080 493/3239/1080 627/3240/1080
f 491/3241/1081 493/3242/1081 496/3243/1081
f 495/3244/1082 491/3245/1082 496/3246/1082
f 585/3247/1083 659/3248/1083 480/3249/1083
f 482/3250/1084 585/3251/1084 480/3252/1084
f 577/3253/1085 585/3254/1085 482/3255/1085
f 653/3256/1086 577/3257/1086 482/3258/1086
f 572/3259/1087 577/3260/1087 653/3261/1087
f 654/3262/1088 572/3263/1088 653/3264/1088
f 568/3265/1089 572/3266/1089 654/3267/1089
f 655/3268/1090 568/3269/1090 654/3270/1090
f 563/3271/1091 568/3272/1091 655/3273/1091
f 656/3274/1092 563/3275/1092 655/3276/1092
f 561/3277/1093 563/3278/1093 656/3279/1093
f 657/3280/1094 561/3281/1094 656/3282/1094
f 485/3283/1095 561/3284/1095 657/3285/1095
f 658/3286/1096 485/3287/1096 657/3288/1096
f 483/3289/1097 485/3290/1097 658/3291/1097
f 493/3292/1098 483/3293/1098 658/3294/1098
f 489/3295/1099 483/3296/1099 493/3297/1099
f 492/3298/1100 489/3299/1100 493/3300/1100
f 556/3301/1101 558/3302/1101 560/3303/1101
f 660/3304/1102 556/3305/1102 560/3306/1102
f 591/3307/1103 556/3308/1103 660/3309/1103
f 661/3310/1104 591/3311/1104 660/3312/1104
f 590/3313/1105 591/3314/1105 661/3315/1105
f 662/3316/1106 590/3317/1106 661/3318/1106
f 589/3319/1107 590/3320/1107 662/3321/1107
f 663/3322/1108 589/3323/1108 662/3324/1108
f 588/3325/1109 589/3326/1109 663/3327/1109
f 664/3328/1110 588/3329/1110 663/3330/1110
f 587/3331/1111 588/3332/1111 664/3333/1111
f 665/3334/1112 587/3335/1112 664/3336/1112
f 586/3337/1113 587/3338/1113 665/3339/1113
f 666/3340/1114 586/3341/1114 665/3342/1114
f 585/3343/1115 586/3344/1115 666/3345/1115
f 667/3346/1116 585/3347/1116 666/3348/1116
f 659/3349/1117 585/3350/1117 667/3351/1117
f 560/3352/1118 486/3353/1118 488/3354/1118
f 518/3355/1119 560/3356/1119 488/3357/1119
f 660/3358/1120 560/3359/1120 518/3360/1120
f 515/3361/1121 660/3362/1121 518/3363/1121
f 661/3364/1122 660/3365/1122 515/3366/1122
f 512/3367/1123 661/3368/1123 515/3369/1123
f 662/3370/1124 661/3371/1124 512/3372/1124
f 509/3373/1125 662/3374/1125 512/3375/1125
f 663/3376/1126 662/3377/1126 509/3378/1126
f 503/3379/1127 663/3380/1127 509/3381/1127
f 664/3382/1128 663/3383/1128 503/3384/1128
f 502/3385/1129 664/3386/1129 503/3387/1129
f 665/3388/1130 664/3389/1130 502/3390/1130
f 506/3391/1131 665/3392/1131 502/3393/1131
f 666/3394/1132 665/3395/1132 506/3396/1132
f 505/3397/1133 666/3398/1133 506/3399/1133
f 667/3400/1134 666/3401/1134 505/3402/1134
f 668/3403/1135 215/3404/1135 214/3405/1135
f 669/3406/1136 479/3407/1136 124/3408/1136
f 479/3409/1137 465/3410/1137 464/3411/1137
f 669/3412/1138 446/3413/1138 454/3414/1138
f 465/3415/1139 479/3416/1139 669/3417/1139
f 454/3418/1140 465/3419/1140 669/3420/1140
f 462/3421/1141 465/3422/1141 454/3423/1141
f 670/3424/1142 437/3425/1142 436/3426/1142
f 671/3427/1143 670/3428/1143 436/3429/1143
f 407/3430/1144 95/3431/1144 94/3432/1144
f 672/3433/1145 407/3434/1145 94/3435/1145
f 406/3436/1146 407/3437/1146 672/3438/1146
f 671/3439/1147 406/3440/1147 672/3441/1147
f 435/3442/1148 406/3443/1148 671/3444/1148
f 436/3445/1149 435/3446/1149 671/3447/1149
f 376/3448/1150 438/3449/1150 437/3450/1150
f 670/3451/1151 376/3452/1151 437/3453/1151
f 375/3454/1152 376/3455/1152 670/3456/1152
f 673/3457/1153 375/3458/1153 670/3459/1153
f 429/3460/1154 375/3461/1154 673/3462/1154
f 430/3463/1155 429/3464/1155 673/3465/1155
f 674/3466/1156 434/3467/1156 433/3468/1156
f 432/3469/1157 674/3470/1157 433/3471/1157
f 673/3472/1158 674/3473/1158 432/3474/1158
f 431/3475/1159 673/3476/1159 432/3477/1159
f 430/3478/1160 673/3479/1160 431/3480/1160
f 424/3481/1161 675/3482/1161 425/3483/1161
f 675/3484/1162 424/3485/1162 423/3486/1162
f 330/3487/1163 675/3488/1163 423/3489/1163
f 674/3490/1164 675/3491/1164 330/3492/1164
f 331/3493/1165 674/3494/1165 330/3495/1165
f 434/3496/1166 674/3497/1166 331/3498/1166
f 420/3499/1167 419/3500/1167 676/3501/1167
f 677/3502/1168 420/3503/1168 676/3504/1168
f 421/3505/1169 420/3506/1169 677/3507/1169
f 427/3508/1170 426/3509/1170 425/3510/1170
f 675/3511/1171 427/3512/1171 425/3513/1171
f 428/3514/1172 427/3515/1172 675/3516/1172
f 676/3517/1173 428/3518/1173 675/3519/1173
f 285/3520/1174 428/3521/1174 676/3522/1174
f 419/3523/1175 285/3524/1175 676/3525/1175
f 284/3526/1176 285/3527/1176 419/3528/1176
f 254/3529/1177 422/3530/1177 421/3531/1177
f 677/3532/1178 254/3533/1178 421/3534/1178
f 253/3535/1179 254/3536/1179 677/3537/1179
f 678/3538/1180 253/3539/1180 677/3540/1180
f 415/3541/1181 253/3542/1181 678/3543/1181
f 416/3544/1182 415/3545/1182 678/3546/1182
f 668/3547/1183 416/3548/1183 678/3549/1183
f 417/3550/1184 416/3551/1184 668/3552/1184
f 214/3553/1185 417/3554/1185 668/3555/1185
f 418/3556/1186 417/3557/1186 214/3558/1186
f 679/3559/1187 411/3560/1187 412/3561/1187
f 413/3562/1188 679/3563/1188 412/3564/1188
f 414/3565/1189 679/3566/1189 413/3567/1189
f 680/3568/1190 408/3569/1190 409/3570/1190
f 410/3571/1191 680/3572/1191 409/3573/1191
f 683/3574/1192 681/3575/1192 682/3576/1192
f 684/3577/1193 683/3578/1193 682/3579/1193
f 680/3580/1194 410/3581/1194 411/3582/1194
f 679/3583/1195 680/3584/1195 411/3585/1195
f 685/3586/1196 680/3587/1196 679/3588/1196
f 683/3589/1197 685/3590/1197 679/3591/1197
f 686/3592/1198 685/3593/1198 683/3594/1198
f 684/3595/1199 686/3596/1199 683/3597/1199
f 687/3598/1200 686/3599/1200 684/3600/1200
f 678/3601/1201 688/3602/1201 689/3603/1201
f 690/3604/1202 678/3605/1202 689/3606/1202
f 691/3607/1203 678/3608/1203 690/3609/1203
f 678/3610/1204 691/3611/1204 692/3612/1204
f 693/3613/1205 678/3614/1205 692/3615/1205
f 694/3616/1206 678/3617/1206 693/3618/1206
f 678/3619/1207 694/3620/1207 695/3621/1207
f 696/3622/1208 678/3623/1208 695/3624/1208
f 697/3625/1209 678/3626/1209 696/3627/1209
f 677/3628/1210 676/3629/1210 698/3630/1210
f 699/3631/1211 677/3632/1211 698/3633/1211
f 678/3634/1212 677/3635/1212 699/3636/1212
f 700/3637/1213 678/3638/1213 699/3639/1213
f 688/3640/1214 678/3641/1214 700/3642/1214
f 676/3643/1215 701/3644/1215 702/3645/1215
f 675/3646/1216 703/3647/1216 704/3648/1216
f 676/3649/1217 675/3650/1217 704/3651/1217
f 705/3652/1218 676/3653/1218 704/3654/1218
f 701/3655/1219 676/3656/1219 705/3657/1219
f 676/3658/1220 702/3659/1220 706/3660/1220
f 707/3661/1221 676/3662/1221 706/3663/1221
f 708/3664/1222 676/3665/1222 707/3666/1222
f 676/3667/1223 708/3668/1223 709/3669/1223
f 710/3670/1224 676/3671/1224 709/3672/1224
f 698/3673/1225 676/3674/1225 710/3675/1225
f 674/3676/1226 711/3677/1226 712/3678/1226
f 713/3679/1227 674/3680/1227 712/3681/1227
f 714/3682/1228 674/3683/1228 713/3684/1228
f 716/3685/1229 715/3686/1229 675/3687/1229
f 674/3688/1230 716/3689/1230 675/3690/1230
f 717/3691/1231 716/3692/1231 674/3693/1231
f 714/3694/1232 717/3695/1232 674/3696/1232
f 675/3697/1233 715/3698/1233 718/3699/1233
f 719/3700/1234 675/3701/1234 718/3702/1234
f 720/3703/1235 675/3704/1235 719/3705/1235
f 675/3706/1236 720/3707/1236 721/3708/1236
f 722/3709/1237 675/3710/1237 721/3711/1237
f 703/3712/1238 675/3713/1238 722/3714/1238
f 724/3715/1239 673/3716/1239 723/3717/1239
f 673/3718/1240 724/3719/1240 725/3720/1240
f 726/3721/1241 673/3722/1241 725/3723/1241
f 727/3724/1242 673/3725/1242 726/3726/1242
f 673/3727/1243 727/3728/1243 728/3729/1243
f 729/3730/1244 673/3731/1244 728/3732/1244
f 674/3733/1245 673/3734/1245 729/3735/1245
f 730/3736/1246 674/3737/1246 729/3738/1246
f 711/3739/1247 674/3740/1247 730/3741/1247
f 671/3742/1248 731/3743/1248 732/3744/1248
f 733/3745/1249 671/3746/1249 732/3747/1249
f 670/3748/1250 671/3749/1250 733/3750/1250
f 734/3751/1251 670/3752/1251 733/3753/1251
f 673/3754/1252 670/3755/1252 734/3756/1252
f 735/3757/1253 673/3758/1253 734/3759/1253
f 723/3760/1254 673/3761/1254 735/3762/1254
f 671/3763/1255 736/3764/1255 737/3765/1255
f 738/3766/1256 671/3767/1256 737/3768/1256
f 671/3769/1257 738/3770/1257 739/3771/1257
f 740/3772/1258 671/3773/1258 739/3774/1258
f 741/3775/1259 671/3776/1259 740/3777/1259
f 671/3778/1260 741/3779/1260 742/3780/1260
f 743/3781/1261 671/3782/1261 742/3783/1261
f 744/3784/1262 671/3785/1262 743/3786/1262
f 671/3787/1263 744/3788/1263 745/3789/1263
f 746/3790/1264 671/3791/1264 745/3792/1264
f 731/3793/1265 671/3794/1265 746/3795/1265
f 749/3796/1266 747/3797/1266 748/3798/1266
f 750/3799/1267 749/3800/1267 748/3801/1267
f 751/3802/1268 747/3803/1268 749/3804/1268
f 669/3805/1269 751/3806/1269 749/3807/1269
f 752/3808/1270 751/3809/1270 669/3810/1270
f 124/3811/1271 752/3812/1271 669/3813/1271
f 126/3814/1272 752/3815/1272 124/3816/1272
f 678/3817/1273 697/3818/1273 681/3819/1273
f 683/3820/1274 678/3821/1274 681/3822/1274
f 668/3823/1275 678/3824/1275 683/3825/1275
f 679/3826/1276 668/3827/1276 683/3828/1276
f 215/3829/1277 668/3830/1277 679/3831/1277
f 414/3832/1278 215/3833/1278 679/3834/1278
f 672/3835/1279 94/3836/1279 446/3837/1279
f 669/3838/1280 672/3839/1280 446/3840/1280
f 671/3841/1281 672/3842/1281 669/3843/1281
f 749/3844/1282 671/3845/1282 669/3846/1282
f 736/3847/1283 671/3848/1283 749/3849/1283
f 750/3850/1284 736/3851/1284 749/3852/1284
f 755/3853/1285 753/3854/1285 754/3855/1285
f 757/3856/1286 756/3857/1286 753/3858/1286
f 760/3859/1287 758/3860/1287 759/3861/1287
f 760/3862/1288 761/3863/1288 762/3864/1288
f 763/3865/1289 760/3866/1289 762/3867/1289
f 758/3868/1290 760/3869/1290 763/3870/1290
f 766/3871/1291 764/3872/1291 765/3873/1291
f 767/3874/1292 766/3875/1292 765/3876/1292
f 761/3877/1293 766/3878/1293 767/3879/1293
f 768/3880/1294 761/3881/1294 767/3882/1294
f 762/3883/1295 761/3884/1295 768/3885/1295
f 769/3886/1296 764/3887/1296 766/3888/1296
f 770/3889/1297 769/3890/1297 766/3891/1297
f 771/3892/1298 769/3893/1298 770/3894/1298
f 772/3895/1299 771/3896/1299 770/3897/1299
f 773/3898/1300 772/3899/1300 770/3900/1300
f 774/3901/1301 772/3902/1301 773/3903/1301
f 775/3904/1302 774/3905/1302 773/3906/1302
f 776/3907/1303 775/3908/1303 773/3909/1303
f 777/3910/1304 775/3911/1304 776/3912/1304
f 778/3913/1305 777/3914/1305 776/3915/1305
f 779/3916/1306 777/3917/1306 778/3918/1306
f 780/3919/1307 779/3920/1307 778/3921/1307
f 781/3922/1308 780/3923/1308 778/3924/1308
f 782/3925/1309 780/3926/1309 781/3927/1309
f 783/3928/1310 782/3929/1310 781/3930/1310
f 784/3931/1311 782/3932/1311 783/3933/1311
f 787/3934/1312 786/3935/1312 785/3936/1312
f 785/3937/1313 788/3938/1313 789/3939/1313
f 790/3940/1314 785/3941/1314 789/3942/1314
f 791/3943/1315 790/3944/1315 789/3945/1315
f 792/3946/1316 790/3947/1316 791/3948/1316
f 793/3949/1317 792/3950/1317 791/3951/1317
f 794/3952/1318 792/3953/1318 793/3954/1318
f 795/3955/1319 794/3956/1319 793/3957/1319
f 796/3958/1320 794/3959/1320 795/3960/1320
f 797/3961/1321 796/3962/1321 795/3963/1321
f 798/3964/1322 796/3965/1322 797/3966/1322
f 799/3967/1323 798/3968/1323 797/3969/1323
f 799/3970/1324 755/3971/1324 800/3972/1324
f 798/3973/1325 799/3974/1325 800/3975/1325
f 755/3976/1326 754/3977/1326 801/3978/1326
f 802/3979/1327 755/3980/1327 801/3981/1327
f 803/3982/1328 755/3983/1328 802/3984/1328
f 800/3985/1329 755/3986/1329 803/3987/1329
f 805/3988/1330 759/3989/1330 804/3990/1330
f 760/3991/1331 759/3992/1331 805/3993/1331
f 806/3994/1332 760/3995/1332 805/3996/1332
f 808/3997/1333 806/3998/1333 807/3999/1333
f 756/4000/1334 808/4001/1334 807/4002/1334
f 760/4003/1335 806/4004/1335 808/4005/1335
f 809/4006/1336 760/4007/1336 808/4008/1336
f 761/4009/1337 760/4010/1337 809/4011/1337
f 810/4012/1338 761/4013/1338 809/4014/1338
f 766/4015/1339 761/4016/1339 810/4017/1339
f 811/4018/1340 766/4019/1340 810/4020/1340
f 770/4021/1341 766/4022/1341 811/4023/1341
f 812/4024/1342 770/4025/1342 811/4026/1342
f 773/4027/1343 770/4028/1343 812/4029/1343
f 813/4030/1344 773/4031/1344 812/4032/1344
f 776/4033/1345 773/4034/1345 813/4035/1345
f 814/4036/1346 776/4037/1346 813/4038/1346
f 778/4039/1347 776/4040/1347 814/4041/1347
f 815/4042/1348 778/4043/1348 814/4044/1348
f 781/4045/1349 778/4046/1349 815/4047/1349
f 816/4048/1350 781/4049/1350 815/4050/1350
f 783/4051/1351 781/4052/1351 816/4053/1351
f 808/4054/1352 756/4055/1352 757/4056/1352
f 817/4057/1353 808/4058/1353 757/4059/1353
f 809/4060/1354 808/4061/1354 817/4062/1354
f 818/4063/1355 809/4064/1355 817/4065/1355
f 810/4066/1356 809/4067/1356 818/4068/1356
f 819/4069/1357 810/4070/1357 818/4071/1357
f 811/4072/1358 810/4073/1358 819/4074/1358
f 820/4075/1359 811/4076/1359 819/4077/1359
f 812/4078/1360 811/4079/1360 820/4080/1360
f 821/4081/1361 812/4082/1361 820/4083/1361
f 813/4084/1362 812/4085/1362 821/4086/1362
f 822/4087/1363 813/4088/1363 821/4089/1363
f 814/4090/1364 813/4091/1364 822/4092/1364
f 823/4093/1365 814/4094/1365 822/4095/1365
f 815/4096/1366 814/4097/1366 823/4098/1366
f 824/4099/1367 815/4100/1367 823/4101/1367
f 816/4102/1368 815/4103/1368 824/4104/1368
f 788/4105/1369 785/4106/1369 786/4107/1369
f 825/4108/1370 788/4109/1370 786/4110/1370
f 826/4111/1371 788/4112/1371 825/4113/1371
f 757/4114/1372 753/4115/1372 755/4116/1372
f 799/4117/1373 757/4118/1373 755/4119/1373
f 817/4120/1374 757/4121/1374 799/4122/1374
f 797/4123/1375 817/4124/1375 799/4125/1375
f 818/4126/1376 817/4127/1376 797/4128/1376
f 795/4129/1377 818/4130/1377 797/4131/1377
f 819/4132/1378 818/4133/1378 795/4134/1378
f 793/4135/1379 819/4136/1379 795/4137/1379
f 820/4138/1380 819/4139/1380 793/4140/1380
f 791/4141/1381 820/4142/1381 793/4143/1381
f 821/4144/1382 820/4145/1382 791/4146/1382
f 789/4147/1383 821/4148/1383 791/4149/1383
f 822/4150/1384 821/4151/1384 789/4152/1384
f 788/4153/1385 822/4154/1385 789/4155/1385
f 823/4156/1386 822/4157/1386 788/4158/1386
f 826/4159/1387 823/4160/1387 788/4161/1387
f 824/4162/1388 823/4163/1388 826/4164/1388
f 829/4165/1389 827/4166/1389 828/4167/1389
f 832/4168/1390 830/4169/1390 831/4170/1390
f 835/4171/1391 833/4172/1391 834/4173/1391
f 838/4174/1392 836/4175/1392 837/4176/1392
f 839/4177/1393 838/4178/1393 837/4179/1393
f 840/4180/1394 838/4181/1394 839/4182/1394
f 838/4183/1395 840/4184/1395 841/4185/1395
f 842/4186/1396 838/4187/1396 841/4188/1396
f 843/4189/1397 838/4190/1397 842/4191/1397
f 844/4192/1398 843/4193/1398 842/4194/1398
f 845/4195/1399 843/4196/1399 844/4197/1399
f 846/4198/1400 845/4199/1400 844/4200/1400
f 847/4201/1401 845/4202/1401 846/4203/1401
f 850/4204/1402 848/4205/1402 849/4206/1402
f 851/4207/1403 850/4208/1403 849/4209/1403
f 850/4210/1404 851/4211/1404 833/4212/1404
f 835/4213/1405 850/4214/1405 833/4215/1405
f 836/4216/1406 850/4217/1406 835/4218/1406
f 852/4219/1407 836/4220/1407 835/4221/1407
f 837/4222/1408 836/4223/1408 852/4224/1408
f 848/4225/1409 853/4226/1409 854/4227/1409
f 857/4228/1410 855/4229/1410 856/4230/1410
f 858/4231/1411 855/4232/1411 857/4233/1411
f 858/4234/1412 857/4235/1412 853/4236/1412
f 848/4237/1413 858/4238/1413 853/4239/1413
f 859/4240/1414 858/4241/1414 848/4242/1414
f 850/4243/1415 859/4244/1415 848/4245/1415
f 860/4246/1416 859/4247/1416 850/4248/1416
f 836/4249/1417 860/4250/1417 850/4251/1417
f 861/4252/1418 856/4253/1418 855/4254/1418
f 862/4255/1419 861/4256/1419 855/4257/1419
f 863/4258/1420 861/4259/1420 862/4260/1420
f 865/4261/1421 864/4262/1421 863/4263/1421
f 862/4264/1422 865/4265/1422 863/4266/1422
f 866/4267/1423 865/4268/1423 862/4269/1423
f 867/4270/1424 866/4271/1424 862/4272/1424
f 868/4273/1425 866/4274/1425 867/4275/1425
f 869/4276/1426 868/4277/1426 867/4278/1426
f 872/4279/1427 870/4280/1427 871/4281/1427
f 870/4282/1428 872/4283/1428 873/4284/1428
f 874/4285/1429 870/4286/1429 873/4287/1429
f 875/4288/1430 870/4289/1430 874/4290/1430
f 876/4291/1431 875/4292/1431 874/4293/1431
f 867/4294/1432 875/4295/1432 876/4296/1432
f 877/4297/1433 867/4298/1433 876/4299/1433
f 869/4300/1434 867/4301/1434 877/4302/1434
f 879/4303/1435 878/4304/1435 871/4305/1435
f 870/4306/1436 879/4307/1436 871/4308/1436
f 880/4309/1437 879/4310/1437 870/4311/1437
f 881/4312/1438 880/4313/1438 870/4314/1438
f 882/4315/1439 880/4316/1439 881/4317/1439
f 883/4318/1440 882/4319/1440 881/4320/1440
f 884/4321/1441 883/4322/1441 881/4323/1441
f 885/4324/1442 883/4325/1442 884/4326/1442
f 886/4327/1443 885/4328/1443 884/4329/1443
f 887/4330/1444 885/4331/1444 886/4332/1444
f 890/4333/1445 888/4334/1445 889/4335/1445
f 892/4336/1446 891/4337/1446 887/4338/1446
f 886/4339/1447 892/4340/1447 887/4341/1447
f 893/4342/1448 892/4343/1448 886/4344/1448
f 888/4345/1449 893/4346/1449 886/4347/1449
f 894/4348/1450 893/4349/1450 888/4350/1450
f 890/4351/1451 894/4352/1451 888/4353/1451
f 895/4354/1452 889/4355/1452 888/4356/1452
f 896/4357/1453 895/4358/1453 888/4359/1453
f 897/4360/1454 895/4361/1454 896/4362/1454
f 830/4363/1455 898/4364/1455 899/4365/1455
f 898/4366/1456 900/4367/1456 901/4368/1456
f 900/4369/1457 898/4370/1457 830/4371/1457
f 832/4372/1458 900/4373/1458 830/4374/1458
f 896/4375/1459 900/4376/1459 832/4377/1459
f 902/4378/1460 896/4379/1460 832/4380/1460
f 897/4381/1461 896/4382/1461 902/4383/1461
f 905/4384/1462 903/4385/1462 904/4386/1462
f 906/4387/1463 905/4388/1463 904/4389/1463
f 900/4390/1464 896/4391/1464 907/4392/1464
f 908/4393/1465 900/4394/1465 907/4395/1465
f 901/4396/1466 900/4397/1466 908/4398/1466
f 909/4399/1467 901/4400/1467 908/4401/1467
f 910/4402/1468 901/4403/1468 909/4404/1468
f 911/4405/1469 910/4406/1469 909/4407/1469
f 912/4408/1470 910/4409/1470 911/4410/1470
f 911/4411/1471 913/4412/1471 914/4413/1471
f 915/4414/1472 911/4415/1472 914/4416/1472
f 912/4417/1473 911/4418/1473 915/4419/1473
f 917/4420/1474 906/4421/1474 916/4422/1474
f 920/4423/1475 918/4424/1475 919/4425/1475
f 922/4426/1476 921/4427/1476 920/4428/1476
f 919/4429/1477 922/4430/1477 920/4431/1477
f 923/4432/1478 922/4433/1478 919/4434/1478
f 924/4435/1479 923/4436/1479 919/4437/1479
f 927/4438/1480 925/4439/1480 926/4440/1480
f 928/4441/1481 927/4442/1481 926/4443/1481
f 931/4444/1482 929/4445/1482 930/4446/1482
f 931/4447/1483 930/4448/1483 932/4449/1483
f 933/4450/1484 931/4451/1484 932/4452/1484
f 934/4453/1485 931/4454/1485 933/4455/1485
f 935/4456/1486 931/4457/1486 934/4458/1486
f 936/4459/1487 931/4460/1487 935/4461/1487
f 938/4462/1488 937/4463/1488 925/4464/1488
f 927/4465/1489 938/4466/1489 925/4467/1489
f 939/4468/1490 938/4469/1490 927/4470/1490
f 931/4471/1491 939/4472/1491 927/4473/1491
f 936/4474/1492 939/4475/1492 931/4476/1492
f 940/4477/1493 939/4478/1493 936/4479/1493
f 941/4480/1494 939/4481/1494 940/4482/1494
f 942/4483/1495 939/4484/1495 941/4485/1495
f 943/4486/1496 939/4487/1496 942/4488/1496
f 946/4489/1497 944/4490/1497 945/4491/1497
f 948/4492/1498 947/4493/1498 944/4494/1498
f 948/4495/1499 949/4496/1499 947/4497/1499
f 944/4498/1500 947/4499/1500 950/4500/1500
f 945/4501/1501 944/4502/1501 950/4503/1501
f 951/4504/1502 945/4505/1502 950/4506/1502
f 952/4507/1503 945/4508/1503 951/4509/1503
f 953/4510/1504 945/4511/1504 952/4512/1504
f 931/4513/1505 954/4514/1505 955/4515/1505
f 956/4516/1506 931/4517/1506 955/4518/1506
f 957/4519/1507 931/4520/1507 956/4521/1507
f 960/4522/1508 958/4523/1508 959/4524/1508
f 961/4525/1509 949/4526/1509 958/4527/1509
f 958/4528/1510 960/4529/1510 962/4530/1510
f 961/4531/1511 958/4532/1511 962/4533/1511
f 963/4534/1512 949/4535/1512 961/4536/1512
f 949/4537/1513 963/4538/1513 964/4539/1513
f 949/4540/1514 964/4541/1514 965/4542/1514
f 947/4543/1515 949/4544/1515 965/4545/1515
f 929/4546/1516 966/4547/1516 967/4548/1516
f 968/4549/1517 929/4550/1517 967/4551/1517
f 969/4552/1518 929/4553/1518 968/4554/1518
f 970/4555/1519 929/4556/1519 969/4557/1519
f 959/4558/1520 971/4559/1520 972/4560/1520
f 960/4561/1521 959/4562/1521 972/4563/1521
f 972/4564/1522 929/4565/1522 970/4566/1522
f 971/4567/1523 929/4568/1523 972/4569/1523
f 973/4570/1524 931/4571/1524 957/4572/1524
f 974/4573/1525 931/4574/1525 973/4575/1525
f 974/4576/1526 929/4577/1526 931/4578/1526
f 966/4579/1527 929/4580/1527 974/4581/1527
f 975/4582/1528 786/4583/1528 787/4584/1528
f 976/4585/1529 975/4586/1529 787/4587/1529
f 977/4588/1530 975/4589/1530 976/4590/1530
f 978/4591/1531 975/4592/1531 977/4593/1531
f 946/4594/1532 975/4595/1532 978/4596/1532
f 945/4597/1533 975/4598/1533 946/4599/1533
f 783/4600/1534 945/4601/1534 784/4602/1534
f 826/4603/1535 825/4604/1535 786/4605/1535
f 975/4606/1536 826/4607/1536 786/4608/1536
f 824/4609/1537 826/4610/1537 975/4611/1537
f 945/4612/1538 824/4613/1538 975/4614/1538
f 816/4615/1539 824/4616/1539 945/4617/1539
f 783/4618/1540 816/4619/1540 945/4620/1540
f 919/4621/1541 918/4622/1541 979/4623/1541
f 980/4624/1542 919/4625/1542 979/4626/1542
f 981/4627/1543 919/4628/1543 980/4629/1543
f 919/4630/1544 981/4631/1544 982/4632/1544
f 983/4633/1545 919/4634/1545 982/4635/1545
f 984/4636/1546 919/4637/1546 983/4638/1546
f 985/4639/1547 919/4640/1547 984/4641/1547
f 986/4642/1548 919/4643/1548 985/4644/1548
f 987/4645/1549 919/4646/1549 986/4647/1549
f 919/4648/1550 987/4649/1550 988/4650/1550
f 919/4651/1551 988/4652/1551 989/4653/1551
f 990/4654/1552 919/4655/1552 989/4656/1552
f 991/4657/1553 919/4658/1553 990/4659/1553
f 992/4660/1554 919/4661/1554 991/4662/1554
f 927/4663/1555 919/4664/1555 992/4665/1555
f 924/4666/1556 919/4667/1556 927/4668/1556
f 928/4669/1557 924/4670/1557 927/4671/1557
f 927/4672/1558 992/4673/1558 993/4674/1558
f 994/4675/1559 927/4676/1559 993/4677/1559
f 995/4678/1560 927/4679/1560 994/4680/1560
f 996/4681/1561 927/4682/1561 995/4683/1561
f 927/4684/1562 996/4685/1562 997/4686/1562
f 927/4687/1563 997/4688/1563 998/4689/1563
f 999/4690/1564 927/4691/1564 998/4692/1564
f 1000/4693/1565 954/4694/1565 931/4695/1565
f 927/4696/1566 1000/4697/1566 931/4698/1566
f 1001/4699/1567 1000/4700/1567 927/4701/1567
f 999/4702/1568 1001/4703/1568 927/4704/1568
f 1002/4705/1569 1001/4706/1569 999/4707/1569
f 1004/4708/1570 1003/4709/1570 905/4710/1570
f 906/4711/1571 1004/4712/1571 905/4713/1571
f 913/4714/1572 1004/4715/1572 906/4716/1572
f 917/4717/1573 913/4718/1573 906/4719/1573
f 914/4720/1574 913/4721/1574 917/4722/1574
f 905/4723/1575 1003/4724/1575 827/4725/1575
f 829/4726/1576 905/4727/1576 827/4728/1576
f 903/4729/1577 905/4730/1577 829/4731/1577
f 918/4732/1578 903/4733/1578 829/4734/1578
f 1005/4735/1579 903/4736/1579 918/4737/1579
f 920/4738/1580 1005/4739/1580 918/4740/1580
f 846/4741/1581 1006/4742/1581 1007/4743/1581
f 1008/4744/1582 846/4745/1582 1007/4746/1582
f 847/4747/1583 846/4748/1583 1008/4749/1583
f 1011/4750/1584 1009/4751/1584 1010/4752/1584
f 846/4753/1585 844/4754/1585 1012/4755/1585
f 1013/4756/1586 846/4757/1586 1012/4758/1586
f 1006/4759/1587 846/4760/1587 1013/4761/1587
f 1011/4762/1588 1006/4763/1588 1013/4764/1588
f 1016/4765/1589 1014/4766/1589 1015/4767/1589
f 1017/4768/1590 1016/4769/1590 1015/4770/1590
f 1016/4771/1591 1017/4772/1591 1018/4773/1591
f 1019/4774/1592 1016/4775/1592 1018/4776/1592
f 1020/4777/1593 1016/4778/1593 1019/4779/1593
f 1016/4780/1594 1020/4781/1594 1021/4782/1594
f 1022/4783/1595 1016/4784/1595 1021/4785/1595
f 1023/4786/1596 1016/4787/1596 1022/4788/1596
f 1024/4789/1597 1016/4790/1597 1023/4791/1597
f 1025/4792/1598 1016/4793/1598 1024/4794/1598
f 1016/4795/1599 1025/4796/1599 1026/4797/1599
f 1027/4798/1600 1016/4799/1600 1026/4800/1600
f 1028/4801/1601 1016/4802/1601 1027/4803/1601
f 1016/4804/1602 1028/4805/1602 1029/4806/1602
f 1030/4807/1603 1016/4808/1603 1029/4809/1603
f 1016/4810/1604 1030/4811/1604 1031/4812/1604
f 1032/4813/1605 1016/4814/1605 1031/4815/1605
f 1033/4816/1606 1016/4817/1606 1032/4818/1606
f 1016/4819/1607 1033/4820/1607 1034/4821/1607
f 1035/4822/1608 1016/4823/1608 1034/4824/1608
f 1009/4825/1609 1016/4826/1609 1035/4827/1609
f 1036/4828/1610 1009/4829/1610 1035/4830/1610
f 1009/4831/1611 1036/4832/1611 1037/4833/1611
f 1038/4834/1612 1009/4835/1612 1037/4836/1612
f 1039/4837/1613 1009/4838/1613 1038/4839/1613
f 1009/4840/1614 1039/4841/1614 1040/4842/1614
f 1041/4843/1615 1009/4844/1615 1040/4845/1615
f 1042/4846/1616 1009/4847/1616 1041/4848/1616
f 1009/4849/1617 1042/4850/1617 1043/4851/1617
f 1044/4852/1618 1009/4853/1618 1043/4854/1618
f 1045/4855/1619 1009/4856/1619 1044/4857/1619
f 1009/4858/1620 1045/4859/1620 1046/4860/1620
f 1047/4861/1621 1009/4862/1621 1046/4863/1621
f 1048/4864/1622 1009/4865/1622 1047/4866/1622
f 1009/4867/1623 1048/4868/1623 1049/4869/1623
f 1050/4870/1624 1009/4871/1624 1049/4872/1624
f 1051/4873/1625 1009/4874/1625 1050/4875/1625
f 1009/4876/1626 1051/4877/1626 1052/4878/1626
f 1053/4879/1627 1009/4880/1627 1052/4881/1627
f 1054/4882/1628 1009/4883/1628 1053/4884/1628
f 1009/4885/1629 1054/4886/1629 1055/4887/1629
f 1056/4888/1630 1009/4889/1630 1055/4890/1630
f 1057/4891/1631 1009/4892/1631 1056/4893/1631
f 1010/4894/1632 1058/4895/1632 1059/4896/1632
f 1009/4897/1633 1057/4898/1633 1060/4899/1633
f 1061/4900/1634 1009/4901/1634 1060/4902/1634
f 1010/4903/1635 1009/4904/1635 1061/4905/1635
f 1062/4906/1636 1010/4907/1636 1061/4908/1636
f 1058/4909/1637 1010/4910/1637 1062/4911/1637
f 1065/4912/1638 1063/4913/1638 1064/4914/1638
f 1066/4915/1639 1065/4916/1639 1064/4917/1639
f 1067/4918/1640 1065/4919/1640 1066/4920/1640
f 1068/4921/1641 1065/4922/1641 1067/4923/1641
f 1069/4924/1642 1065/4925/1642 1068/4926/1642
f 1065/4927/1643 1069/4928/1643 1070/4929/1643
f 1065/4930/1644 1070/4931/1644 1071/4932/1644
f 1072/4933/1645 1065/4934/1645 1071/4935/1645
f 1073/4936/1646 1065/4937/1646 1072/4938/1646
f 1074/4939/1647 1065/4940/1647 1073/4941/1647
f 1065/4942/1648 1075/4943/1648 1076/4944/1648
f 1074/4945/1649 1075/4946/1649 1065/4947/1649
f 1076/4948/1650 1075/4949/1650 1077/4950/1650
f 1076/4951/1651 1077/4952/1651 1078/4953/1651
f 1079/4954/1652 1076/4955/1652 1078/4956/1652
f 1080/4957/1653 1076/4958/1653 1079/4959/1653
f 1081/4960/1654 1076/4961/1654 1080/4962/1654
f 1082/4963/1655 1076/4964/1655 1081/4965/1655
f 1076/4966/1656 1082/4967/1656 1083/4968/1656
f 1076/4969/1657 1083/4970/1657 1084/4971/1657
f 1085/4972/1658 1076/4973/1658 1084/4974/1658
f 1086/4975/1659 1076/4976/1659 1085/4977/1659
f 1087/4978/1660 1014/4979/1660 1016/4980/1660
f 1076/4981/1661 1087/4982/1661 1016/4983/1661
f 1088/4984/1662 1087/4985/1662 1076/4986/1662
f 1086/4987/1663 1088/4988/1663 1076/4989/1663
f 1089/4990/1664 1088/4991/1664 1086/4992/1664
f 505/4993/1665 504/4994/1665 1063/4995/1665
f 1065/4996/1666 505/4997/1666 1063/4998/1666
f 667/4999/1667 505/5000/1667 1065/5001/1667
f 480/5002/1668 667/5003/1668 1065/5004/1668
f 659/5005/1669 667/5006/1669 480/5007/1669
f 641/5008/1670 481/5009/1670 480/5010/1670
f 1065/5011/1671 641/5012/1671 480/5013/1671
f 640/5014/1672 641/5015/1672 1065/5016/1672
f 1076/5017/1673 640/5018/1673 1065/5019/1673
f 647/5020/1674 640/5021/1674 1076/5022/1674
f 648/5023/1675 647/5024/1675 1076/5025/1675
f 1016/5026/1676 652/5027/1676 651/5028/1676
f 650/5029/1677 1016/5030/1677 651/5031/1677
f 1076/5032/1678 1016/5033/1678 650/5034/1678
f 649/5035/1679 1076/5036/1679 650/5037/1679
f 648/5038/1680 1076/5039/1680 649/5040/1680
f 645/5041/1681 1009/5042/1681 644/5043/1681
f 1009/5044/1682 645/5045/1682 646/5046/1682
f 594/5047/1683 1009/5048/1683 646/5049/1683
f 1016/5050/1684 1009/5051/1684 594/5052/1684
f 593/5053/1685 1016/5054/1685 594/5055/1685
f 652/5056/1686 1016/5057/1686 593/5058/1686
f 643/5059/1687 1090/5060/1687 642/5061/1687
f 1011/5062/1688 1013/5063/1688 1091/5064/1688
f 1090/5065/1689 1011/5066/1689 1091/5067/1689
f 1009/5068/1690 1011/5069/1690 1090/5070/1690
f 643/5071/1691 1009/5072/1691 1090/5073/1691
f 644/5074/1692 1009/5075/1692 643/5076/1692
f 1094/5077/1693 1092/5078/1693 1093/5079/1693
f 1097/5080/1694 1095/5081/1694 1096/5082/1694
f 1099/5083/1695 1098/5084/1695 1097/5085/1695
f 1096/5086/1696 1099/5087/1696 1097/5088/1696
f 1100/5089/1697 1099/5090/1697 1096/5091/1697
f 1101/5092/1698 1100/5093/1698 1096/5094/1698
f 1102/5095/1699 1100/5096/1699 1101/5097/1699
f 1105/5098/1700 1103/5099/1700 1104/5100/1700
f 1103/5101/1701 1105/5102/1701 1095/5103/1701
f 1097/5104/1702 1103/5105/1702 1095/5106/1702
f 1106/5107/1703 1103/5108/1703 1097/5109/1703
f 1109/5110/1704 1107/5111/1704 1108/5112/1704
f 1110/5113/1705 1109/5114/1705 1108/5115/1705
f 1111/5116/1706 1109/5117/1706 1110/5118/1706
f 1112/5119/1707 1111/5120/1707 1110/5121/1707
f 1113/5122/1708 1111/5123/1708 1112/5124/1708
f 1114/5125/1709 1113/5126/1709 1112/5127/1709
f 1115/5128/1710 1113/5129/1710 1114/5130/1710
f 1118/5131/1711 1116/5132/1711 1117/5133/1711
f 1119/5134/1712 1118/5135/1712 1117/5136/1712
f 1120/5137/1713 1118/5138/1713 1119/5139/1713
f 1121/5140/1714 1120/5141/1714 1119/5142/1714
f 1122/5143/1715 1120/5144/1715 1121/5145/1715
f 1123/5146/1716 1122/5147/1716 1121/5148/1716
f 1124/5149/1717 1122/5150/1717 1123/5151/1717
f 1125/5152/1718 1124/5153/1718 1123/5154/1718
f 1107/5155/1719 1124/5156/1719 1125/5157/1719
f 1126/5158/1720 1107/5159/1720 1125/5160/1720
f 1108/5161/1721 1107/5162/1721 1126/5163/1721
f 1129/5164/1722 1127/5165/1722 1128/5166/1722
f 1127/5167/1723 1129/5168/1723 1092/5169/1723
f 1094/5170/1724 1127/5171/1724 1092/5172/1724
f 1130/5173/1725 1127/5174/1725 1094/5175/1725
f 1131/5176/1726 1130/5177/1726 1094/5178/1726
f 1116/5179/1727 1130/5180/1727 1131/5181/1727
f 1132/5182/1728 1116/5183/1728 1131/5184/1728
f 1117/5185/1729 1116/5186/1729 1132/5187/1729
f 1127/5188/1730 1130/5189/1730 1133/5190/1730
f 1134/5191/1731 1127/5192/1731 1133/5193/1731
f 1128/5194/1732 1127/5195/1732 1134/5196/1732
f 1135/5197/1733 1128/5198/1733 1134/5199/1733
f 1136/5200/1734 1128/5201/1734 1135/5202/1734
f 1137/5203/1735 1136/5204/1735 1135/5205/1735
f 1138/5206/1736 1136/5207/1736 1137/5208/1736
f 1097/5209/1737 1098/5210/1737 1139/5211/1737
f 1115/5212/1738 1097/5213/1738 1139/5214/1738
f 1106/5215/1739 1097/5216/1739 1115/5217/1739
f 1114/5218/1740 1106/5219/1740 1115/5220/1740
f 1142/5221/1741 1140/5222/1741 1141/5223/1741
f 1146/5224/1742 1144/5225/1742 1145/5226/1742
f 1147/5227/1743 1146/5228/1743 1145/5229/1743
f 1148/5230/1744 1146/5231/1744 1147/5232/1744
f 1151/5233/1745 1149/5234/1745 1150/5235/1745
f 1153/5236/1746 1152/5237/1746 1149/5238/1746
f 1151/5239/1747 1153/5240/1747 1149/5241/1747
f 1154/5242/1748 1153/5243/1748 1151/5244/1748
f 1155/5245/1749 1154/5246/1749 1151/5247/1749
f 1142/5248/1750 1141/5249/1750 1156/5250/1750
f 1157/5251/1751 1142/5252/1751 1156/5253/1751
f 1158/5254/1752 1142/5255/1752 1157/5256/1752
f 1159/5257/1753 1158/5258/1753 1157/5259/1753
f 1160/5260/1754 1158/5261/1754 1159/5262/1754
f 1161/5263/1755 1158/5264/1755 1160/5265/1755
f 525/5266/1756 524/5267/1756 1162/5268/1756
f 1163/5269/1757 525/5270/1757 1162/5271/1757
f 624/5272/1758 525/5273/1758 1163/5274/1758
f 494/5275/1759 624/5276/1759 1163/5277/1759
f 1164/5278/1760 494/5279/1760 1163/5280/1760
f 495/5281/1761 494/5282/1761 1164/5283/1761
f 1164/5284/1762 1165/5285/1762 492/5286/1762
f 491/5287/1763 1164/5288/1763 492/5289/1763
f 495/5290/1764 1164/5291/1764 491/5292/1764
f 1167/5293/1765 1166/5294/1765 545/5295/1765
f 490/5296/1766 1167/5297/1766 545/5298/1766
f 1165/5299/1767 1167/5300/1767 490/5301/1767
f 489/5302/1768 1165/5303/1768 490/5304/1768
f 492/5305/1769 1165/5306/1769 489/5307/1769
f 1169/5308/1770 1168/5309/1770 567/5310/1770
f 549/5311/1771 1169/5312/1771 567/5313/1771
f 1170/5314/1772 1169/5315/1772 549/5316/1772
f 548/5317/1773 1170/5318/1773 549/5319/1773
f 1166/5320/1774 1170/5321/1774 548/5322/1774
f 546/5323/1775 1166/5324/1775 548/5325/1775
f 545/5326/1776 1166/5327/1776 546/5328/1776
f 554/5329/1777 1171/5330/1777 555/5331/1777
f 1172/5332/1778 1171/5333/1778 554/5334/1778
f 552/5335/1779 1172/5336/1779 554/5337/1779
f 1168/5338/1780 1172/5339/1780 552/5340/1780
f 551/5341/1781 1168/5342/1781 552/5343/1781
f 567/5344/1782 1168/5345/1782 551/5346/1782
f 1174/5347/1783 1173/5348/1783 559/5349/1783
f 558/5350/1784 1174/5351/1784 559/5352/1784
f 1175/5353/1785 1174/5354/1785 558/5355/1785
f 557/5356/1786 1175/5357/1786 558/5358/1786
f 1171/5359/1787 1175/5360/1787 557/5361/1787
f 584/5362/1788 1171/5363/1788 557/5364/1788
f 555/5365/1789 1171/5366/1789 584/5367/1789
f 1144/5368/1790 1146/5369/1790 1143/5370/1790
f 499/5371/1791 1144/5372/1791 1143/5373/1791
f 1176/5374/1792 1144/5375/1792 499/5376/1792
f 487/5377/1793 1176/5378/1793 499/5379/1793
f 1173/5380/1794 1176/5381/1794 487/5382/1794
f 486/5383/1795 1173/5384/1795 487/5385/1795
f 559/5386/1796 1173/5387/1796 486/5388/1796
f 1179/5389/1797 1177/5390/1797 1178/5391/1797
f 1180/5392/1798 1179/5393/1798 1178/5394/1798
f 1145/5395/1799 1179/5396/1799 1180/5397/1799
f 1181/5398/1800 1145/5399/1800 1180/5400/1800
f 1147/5401/1801 1145/5402/1801 1181/5403/1801
f 1182/5404/1802 1177/5405/1802 1179/5406/1802
f 1183/5407/1803 1182/5408/1803 1179/5409/1803
f 1184/5410/1804 1182/5411/1804 1183/5412/1804
f 1185/5413/1805 1184/5414/1805 1183/5415/1805
f 1186/5416/1806 1185/5417/1806 1183/5418/1806
f 1187/5419/1807 1186/5420/1807 1183/5421/1807
f 1188/5422/1808 1186/5423/1808 1187/5424/1808
f 1189/5425/1809 1188/5426/1809 1187/5427/1809
f 1190/5428/1810 1189/5429/1810 1187/5430/1810
f 1191/5431/1811 1189/5432/1811 1190/5433/1811
f 1192/5434/1812 1191/5435/1812 1190/5436/1812
f 1193/5437/1813 1192/5438/1813 1190/5439/1813
f 1194/5440/1814 1192/5441/1814 1193/5442/1814
f 1195/5443/1815 1194/5444/1815 1193/5445/1815
f 1196/5446/1816 1194/5447/1816 1195/5448/1816
f 1197/5449/1817 1196/5450/1817 1195/5451/1817
f 1198/5452/1818 1196/5453/1818 1197/5454/1818
f 1199/5455/1819 1198/5456/1819 1197/5457/1819
f 1200/5458/1820 1198/5459/1820 1199/5460/1820
f 1201/5461/1821 1200/5462/1821 1199/5463/1821
f 1202/5464/1822 1200/5465/1822 1201/5466/1822
f 1203/5467/1823 1202/5468/1823 1201/5469/1823
f 1204/5470/1824 1203/5471/1824 1201/5472/1824
f 1205/5473/1825 1203/5474/1825 1204/5475/1825
f 1204/5476/1826 1206/5477/1826 1207/5478/1826
f 1208/5479/1827 1204/5480/1827 1207/5481/1827
f 1205/5482/1828 1204/5483/1828 1208/5484/1828
f 1151/5485/1829 1150/5486/1829 1209/5487/1829
f 1210/5488/1830 1151/5489/1830 1209/5490/1830
f 1206/5491/1831 1151/5492/1831 1210/5493/1831
f 1211/5494/1832 1206/5495/1832 1210/5496/1832
f 1207/5497/1833 1206/5498/1833 1211/5499/1833
f 1155/5500/1834 804/5501/1834 1154/5502/1834
f 805/5503/1835 804/5504/1835 1155/5505/1835
f 1212/5506/1836 805/5507/1836 1155/5508/1836
f 806/5509/1837 805/5510/1837 1212/5511/1837
f 1213/5512/1838 806/5513/1838 1212/5514/1838
f 807/5515/1839 806/5516/1839 1213/5517/1839
f 1214/5518/1840 807/5519/1840 1213/5520/1840
f 756/5521/1841 807/5522/1841 1214/5523/1841
f 753/5524/1842 756/5525/1842 1214/5526/1842
f 1215/5527/1843 753/5528/1843 1214/5529/1843
f 754/5530/1844 753/5531/1844 1215/5532/1844
f 1161/5533/1845 754/5534/1845 1215/5535/1845
f 801/5536/1846 754/5537/1846 1161/5538/1846
f 1160/5539/1847 801/5540/1847 1161/5541/1847
f 802/5542/1848 801/5543/1848 1160/5544/1848
f 1140/5545/1849 1142/5546/1849 1216/5547/1849
f 1217/5548/1850 1140/5549/1850 1216/5550/1850
f 1218/5551/1851 1217/5552/1851 1216/5553/1851
f 1219/5554/1852 1217/5555/1852 1218/5556/1852
f 1220/5557/1853 1219/5558/1853 1218/5559/1853
f 1220/5560/1854 1221/5561/1854 1222/5562/1854
f 1223/5563/1855 1220/5564/1855 1222/5565/1855
f 1224/5566/1856 1220/5567/1856 1223/5568/1856
f 1219/5569/1857 1220/5570/1857 1224/5571/1857
f 1227/5572/1858 1225/5573/1858 1226/5574/1858
f 1228/5575/1859 1227/5576/1859 1226/5577/1859
f 1221/5578/1860 1227/5579/1860 1228/5580/1860
f 1229/5581/1861 1221/5582/1861 1228/5583/1861
f 1222/5584/1862 1221/5585/1862 1229/5586/1862
f 1230/5587/1863 1225/5588/1863 1227/5589/1863
f 1231/5590/1864 1230/5591/1864 1227/5592/1864
f 1232/5593/1865 1230/5594/1865 1231/5595/1865
f 1233/5596/1866 1225/5597/1866 1230/5598/1866
f 1234/5599/1867 1229/5600/1867 1228/5601/1867
f 1235/5602/1868 1217/5603/1868 1219/5604/1868
f 1233/5605/1869 1236/5606/1869 1237/5607/1869
f 1240/5608/1870 1238/5609/1870 1239/5610/1870
f 1243/5611/1871 1241/5612/1871 1242/5613/1871
f 1246/5614/1872 1244/5615/1872 1245/5616/1872
f 1156/5617/1873 1141/5618/1873 1247/5619/1873
f 1247/5620/1874 1248/5621/1874 1249/5622/1874
f 1250/5623/1875 1247/5624/1875 1249/5625/1875
f 1251/5626/1876 1250/5627/1876 1249/5628/1876
f 1252/5629/1877 1250/5630/1877 1251/5631/1877
f 1253/5632/1878 1252/5633/1878 1251/5634/1878
f 1254/5635/1879 1252/5636/1879 1253/5637/1879
f 1255/5638/1880 1254/5639/1880 1253/5640/1880
f 1256/5641/1881 1254/5642/1881 1255/5643/1881
f 1257/5644/1882 1256/5645/1882 1255/5646/1882
f 1258/5647/1883 1256/5648/1883 1257/5649/1883
f 1259/5650/1884 1258/5651/1884 1257/5652/1884
f 1259/5653/1885 1260/5654/1885 1261/5655/1885
f 1258/5656/1886 1259/5657/1886 1261/5658/1886
f 943/5659/1887 1260/5660/1887 939/5661/1887
f 1261/5662/1888 1260/5663/1888 943/5664/1888
f 1262/5665/1889 1246/5666/1889 1245/5667/1889
f 1263/5668/1890 1262/5669/1890 1245/5670/1890
f 1264/5671/1891 1262/5672/1891 1263/5673/1891
f 1265/5674/1892 1243/5675/1892 1242/5676/1892
f 1265/5677/1893 1242/5678/1893 1266/5679/1893
f 1267/5680/1894 1265/5681/1894 1266/5682/1894
f 1246/5683/1895 1265/5684/1895 1267/5685/1895
f 1268/5686/1896 1246/5687/1896 1267/5688/1896
f 1244/5689/1897 1246/5690/1897 1268/5691/1897
f 1269/5692/1898 1240/5693/1898 1239/5694/1898
f 1269/5695/1899 1239/5696/1899 1270/5697/1899
f 1271/5698/1900 1269/5699/1900 1270/5700/1900
f 1243/5701/1901 1269/5702/1901 1271/5703/1901
f 1272/5704/1902 1243/5705/1902 1271/5706/1902
f 1241/5707/1903 1243/5708/1903 1272/5709/1903
f 1273/5710/1904 1233/5711/1904 1237/5712/1904
f 1273/5713/1905 1237/5714/1905 1274/5715/1905
f 1275/5716/1906 1273/5717/1906 1274/5718/1906
f 1240/5719/1907 1273/5720/1907 1275/5721/1907
f 1276/5722/1908 1240/5723/1908 1275/5724/1908
f 1238/5725/1909 1240/5726/1909 1276/5727/1909
f 1233/5728/1910 1230/5729/1910 1232/5730/1910
f 1277/5731/1911 1233/5732/1911 1232/5733/1911
f 1236/5734/1912 1233/5735/1912 1277/5736/1912
f 1248/5737/1913 1247/5738/1913 1141/5739/1913
f 1140/5740/1914 1248/5741/1914 1141/5742/1914
f 1217/5743/1915 1248/5744/1915 1140/5745/1915
f 1278/5746/1916 1219/5747/1916 1224/5748/1916
f 1223/5749/1917 1278/5750/1917 1224/5751/1917
f 1279/5752/1918 1223/5753/1918 1222/5754/1918
f 1229/5755/1919 1279/5756/1919 1222/5757/1919
f 1280/5758/1920 1228/5759/1920 1226/5760/1920
f 1225/5761/1921 1280/5762/1921 1226/5763/1921
f 1248/5764/1922 1217/5765/1922 1235/5766/1922
f 1281/5767/1923 1248/5768/1923 1235/5769/1923
f 1249/5770/1924 1248/5771/1924 1281/5772/1924
f 1282/5773/1925 1249/5774/1925 1281/5775/1925
f 1251/5776/1926 1249/5777/1926 1282/5778/1926
f 1283/5779/1927 1251/5780/1927 1282/5781/1927
f 1253/5782/1928 1251/5783/1928 1283/5784/1928
f 1284/5785/1929 1253/5786/1929 1283/5787/1929
f 1255/5788/1930 1253/5789/1930 1284/5790/1930
f 1285/5791/1931 1255/5792/1931 1284/5793/1931
f 1257/5794/1932 1255/5795/1932 1285/5796/1932
f 1286/5797/1933 1257/5798/1933 1285/5799/1933
f 1259/5800/1934 1257/5801/1934 1286/5802/1934
f 1287/5803/1935 1259/5804/1935 1286/5805/1935
f 1260/5806/1936 1259/5807/1936 1287/5808/1936
f 938/5809/1937 1260/5810/1937 1287/5811/1937
f 939/5812/1938 1260/5813/1938 938/5814/1938
f 1235/5815/1939 1219/5816/1939 1278/5817/1939
f 1288/5818/1940 1235/5819/1940 1278/5820/1940
f 1281/5821/1941 1235/5822/1941 1288/5823/1941
f 1289/5824/1942 1281/5825/1942 1288/5826/1942
f 1282/5827/1943 1281/5828/1943 1289/5829/1943
f 1290/5830/1944 1282/5831/1944 1289/5832/1944
f 1283/5833/1945 1282/5834/1945 1290/5835/1945
f 1291/5836/1946 1283/5837/1946 1290/5838/1946
f 1284/5839/1947 1283/5840/1947 1291/5841/1947
f 1292/5842/1948 1284/5843/1948 1291/5844/1948
f 1285/5845/1949 1284/5846/1949 1292/5847/1949
f 1293/5848/1950 1285/5849/1950 1292/5850/1950
f 1286/5851/1951 1285/5852/1951 1293/5853/1951
f 1294/5854/1952 1286/5855/1952 1293/5856/1952
f 1287/5857/1953 1286/5858/1953 1294/5859/1953
f 937/5860/1954 1287/5861/1954 1294/5862/1954
f 938/5863/1955 1287/5864/1955 937/5865/1955
f 925/5866/1956 1295/5867/1956 926/5868/1956
f 1278/5869/1957 1223/5870/1957 1279/5871/1957
f 1296/5872/1958 1278/5873/1958 1279/5874/1958
f 1288/5875/1959 1278/5876/1959 1296/5877/1959
f 1297/5878/1960 1288/5879/1960 1296/5880/1960
f 1289/5881/1961 1288/5882/1961 1297/5883/1961
f 1298/5884/1962 1289/5885/1962 1297/5886/1962
f 1290/5887/1963 1289/5888/1963 1298/5889/1963
f 1299/5890/1964 1290/5891/1964 1298/5892/1964
f 1291/5893/1965 1290/5894/1965 1299/5895/1965
f 1300/5896/1966 1291/5897/1966 1299/5898/1966
f 1292/5899/1967 1291/5900/1967 1300/5901/1967
f 1301/5902/1968 1292/5903/1968 1300/5904/1968
f 1293/5905/1969 1292/5906/1969 1301/5907/1969
f 1295/5908/1970 1293/5909/1970 1301/5910/1970
f 1294/5911/1971 1293/5912/1971 1295/5913/1971
f 925/5914/1972 1294/5915/1972 1295/5916/1972
f 937/5917/1973 1294/5918/1973 925/5919/1973
f 1279/5920/1974 1229/5921/1974 1234/5922/1974
f 1302/5923/1975 1279/5924/1975 1234/5925/1975
f 1296/5926/1976 1279/5927/1976 1302/5928/1976
f 1303/5929/1977 1296/5930/1977 1302/5931/1977
f 1297/5932/1978 1296/5933/1978 1303/5934/1978
f 1304/5935/1979 1297/5936/1979 1303/5937/1979
f 1298/5938/1980 1297/5939/1980 1304/5940/1980
f 1305/5941/1981 1298/5942/1981 1304/5943/1981
f 1299/5944/1982 1298/5945/1982 1305/5946/1982
f 1306/5947/1983 1299/5948/1983 1305/5949/1983
f 1300/5950/1984 1299/5951/1984 1306/5952/1984
f 1307/5953/1985 1300/5954/1985 1306/5955/1985
f 1301/5956/1986 1300/5957/1986 1307/5958/1986
f 1308/5959/1987 1301/5960/1987 1307/5961/1987
f 1295/5962/1988 1301/5963/1988 1308/5964/1988
f 928/5965/1989 1295/5966/1989 1308/5967/1989
f 926/5968/1990 1295/5969/1990 928/5970/1990
f 1234/5971/1991 1228/5972/1991 1280/5973/1991
f 1309/5974/1992 1234/5975/1992 1280/5976/1992
f 1302/5977/1993 1234/5978/1993 1309/5979/1993
f 1310/5980/1994 1302/5981/1994 1309/5982/1994
f 1303/5983/1995 1302/5984/1995 1310/5985/1995
f 1311/5986/1996 1303/5987/1996 1310/5988/1996
f 1304/5989/1997 1303/5990/1997 1311/5991/1997
f 1312/5992/1998 1304/5993/1998 1311/5994/1998
f 1305/5995/1999 1304/5996/1999 1312/5997/1999
f 1313/5998/2000 1305/5999/2000 1312/6000/2000
f 1306/6001/2001 1305/6002/2001 1313/6003/2001
f 1314/6004/2002 1306/6005/2002 1313/6006/2002
f 1307/6007/2003 1306/6008/2003 1314/6009/2003
f 1315/6010/2004 1307/6011/2004 1314/6012/2004
f 1308/6013/2005 1307/6014/2005 1315/6015/2005
f 924/6016/2006 1308/6017/2006 1315/6018/2006
f 928/6019/2007 1308/6020/2007 924/6021/2007
f 1262/6022/2008 1264/6023/2008 921/6024/2008
f 922/6025/2009 1262/6026/2009 921/6027/2009
f 923/6028/2010 1262/6029/2010 922/6030/2010
f 1280/6031/2011 1225/6032/2011 1233/6033/2011
f 1273/6034/2012 1280/6035/2012 1233/6036/2012
f 1309/6037/2013 1280/6038/2013 1273/6039/2013
f 1240/6040/2014 1309/6041/2014 1273/6042/2014
f 1310/6043/2015 1309/6044/2015 1240/6045/2015
f 1269/6046/2016 1310/6047/2016 1240/6048/2016
f 1311/6049/2017 1310/6050/2017 1269/6051/2017
f 1243/6052/2018 1311/6053/2018 1269/6054/2018
f 1312/6055/2019 1311/6056/2019 1243/6057/2019
f 1265/6058/2020 1312/6059/2020 1243/6060/2020
f 1313/6061/2021 1312/6062/2021 1265/6063/2021
f 1246/6064/2022 1313/6065/2022 1265/6066/2022
f 1314/6067/2023 1313/6068/2023 1246/6069/2023
f 1262/6070/2024 1314/6071/2024 1246/6072/2024
f 1315/6073/2025 1314/6074/2025 1262/6075/2025
f 923/6076/2026 1315/6077/2026 1262/6078/2026
f 924/6079/2027 1315/6080/2027 923/6081/2027
f 1316/6082/2028 1150/6083/2028 1149/6084/2028
f 1317/6085/2029 1211/6086/2029 1210/6087/2029
f 1318/6088/2030 1202/6089/2030 1203/6090/2030
f 1319/6091/2031 1192/6092/2031 1194/6093/2031
f 1320/6094/2032 1191/6095/2032 1192/6096/2032
f 1321/6097/2033 1184/6098/2033 1185/6099/2033
f 1322/6100/2034 1181/6101/2034 1180/6102/2034
f 1325/6103/2035 1323/6104/2035 1324/6105/2035
f 1328/6106/2036 1326/6107/2036 1327/6108/2036
f 1329/6109/2037 1096/6110/2037 1095/6111/2037
f 1331/6112/2038 1329/6113/2038 1330/6114/2038
f 1329/6115/2039 1331/6116/2039 1332/6117/2039
f 1333/6118/2040 1329/6119/2040 1332/6120/2040
f 1096/6121/2041 1329/6122/2041 1333/6123/2041
f 1334/6124/2042 1096/6125/2042 1333/6126/2042
f 1101/6127/2043 1096/6128/2043 1334/6129/2043
f 1335/6130/2044 1328/6131/2044 1327/6132/2044
f 1335/6133/2045 1327/6134/2045 1336/6135/2045
f 1337/6136/2046 1335/6137/2046 1336/6138/2046
f 1330/6139/2047 1335/6140/2047 1337/6141/2047
f 1338/6142/2048 1330/6143/2048 1337/6144/2048
f 1331/6145/2049 1330/6146/2049 1338/6147/2049
f 1328/6148/2050 1339/6149/2050 1340/6150/2050
f 1341/6151/2051 1328/6152/2051 1340/6153/2051
f 1326/6154/2052 1328/6155/2052 1341/6156/2052
f 1342/6157/2053 1325/6158/2053 1324/6159/2053
f 1342/6160/2054 1324/6161/2054 1343/6162/2054
f 1344/6163/2055 1342/6164/2055 1343/6165/2055
f 1339/6166/2056 1342/6167/2056 1344/6168/2056
f 1345/6169/2057 1339/6170/2057 1344/6171/2057
f 1340/6172/2058 1339/6173/2058 1345/6174/2058
f 1346/6175/2059 1323/6176/2059 1325/6177/2059
f 1316/6178/2060 1346/6179/2060 1325/6180/2060
f 1347/6181/2061 1346/6182/2061 1316/6183/2061
f 1149/6184/2062 1347/6185/2062 1316/6186/2062
f 1152/6187/2063 1347/6188/2063 1149/6189/2063
f 1350/6190/2064 1348/6191/2064 1349/6192/2064
f 1348/6193/2065 1351/6194/2065 1352/6195/2065
f 1353/6196/2066 1348/6197/2066 1352/6198/2066
f 1349/6199/2067 1348/6200/2067 1353/6201/2067
f 1356/6202/2068 1354/6203/2068 1355/6204/2068
f 1357/6205/2069 1356/6206/2069 1355/6207/2069
f 1351/6208/2070 1356/6209/2070 1357/6210/2070
f 1358/6211/2071 1351/6212/2071 1357/6213/2071
f 1352/6214/2072 1351/6215/2072 1358/6216/2072
f 1359/6217/2073 1354/6218/2073 1356/6219/2073
f 1360/6220/2074 1359/6221/2074 1356/6222/2074
f 1361/6223/2075 1359/6224/2075 1360/6225/2075
f 1360/6226/2076 1362/6227/2076 1363/6228/2076
f 1364/6229/2077 1360/6230/2077 1363/6231/2077
f 1361/6232/2078 1360/6233/2078 1364/6234/2078
f 1367/6235/2079 1365/6236/2079 1366/6237/2079
f 1368/6238/2080 1367/6239/2080 1366/6240/2080
f 1362/6241/2081 1367/6242/2081 1368/6243/2081
f 1369/6244/2082 1362/6245/2082 1368/6246/2082
f 1363/6247/2083 1362/6248/2083 1369/6249/2083
f 1370/6250/2084 1365/6251/2084 1367/6252/2084
f 1371/6253/2085 1370/6254/2085 1367/6255/2085
f 1372/6256/2086 1370/6257/2086 1371/6258/2086
f 1128/6259/2087 1373/6260/2087 1129/6261/2087
f 1374/6262/2088 1372/6263/2088 1371/6264/2088
f 1373/6265/2089 1374/6266/2089 1371/6267/2089
f 1375/6268/2090 1374/6269/2090 1373/6270/2090
f 1128/6271/2091 1375/6272/2091 1373/6273/2091
f 1136/6274/2092 1375/6275/2092 1128/6276/2092
f 1147/6277/2093 1181/6278/2093 1348/6279/2093
f 1350/6280/2094 1147/6281/2094 1348/6282/2094
f 1148/6283/2095 1147/6284/2095 1350/6285/2095
f 1376/6286/2096 1180/6287/2096 1178/6288/2096
f 1177/6289/2097 1376/6290/2097 1178/6291/2097
f 1377/6292/2098 1177/6293/2098 1182/6294/2098
f 1184/6295/2099 1377/6296/2099 1182/6297/2099
f 1378/6298/2100 1185/6299/2100 1186/6300/2100
f 1188/6301/2101 1378/6302/2101 1186/6303/2101
f 1379/6304/2102 1188/6305/2102 1189/6306/2102
f 1191/6307/2103 1379/6308/2103 1189/6309/2103
f 1380/6310/2104 1194/6311/2104 1196/6312/2104
f 1198/6313/2105 1380/6314/2105 1196/6315/2105
f 1381/6316/2106 1198/6317/2106 1200/6318/2106
f 1202/6319/2107 1381/6320/2107 1200/6321/2107
f 1382/6322/2108 1203/6323/2108 1205/6324/2108
f 1208/6325/2109 1382/6326/2109 1205/6327/2109
f 1383/6328/2110 1208/6329/2110 1207/6330/2110
f 1211/6331/2111 1383/6332/2111 1207/6333/2111
f 1384/6334/2112 1210/6335/2112 1209/6336/2112
f 1150/6337/2113 1384/6338/2113 1209/6339/2113
f 1348/6340/2114 1181/6341/2114 1322/6342/2114
f 1385/6343/2115 1348/6344/2115 1322/6345/2115
f 1351/6346/2116 1348/6347/2116 1385/6348/2116
f 1386/6349/2117 1351/6350/2117 1385/6351/2117
f 1356/6352/2118 1351/6353/2118 1386/6354/2118
f 1387/6355/2119 1356/6356/2119 1386/6357/2119
f 1360/6358/2120 1356/6359/2120 1387/6360/2120
f 1388/6361/2121 1360/6362/2121 1387/6363/2121
f 1362/6364/2122 1360/6365/2122 1388/6366/2122
f 1389/6367/2123 1362/6368/2123 1388/6369/2123
f 1367/6370/2124 1362/6371/2124 1389/6372/2124
f 1390/6373/2125 1367/6374/2125 1389/6375/2125
f 1371/6376/2126 1367/6377/2126 1390/6378/2126
f 1391/6379/2127 1371/6380/2127 1390/6381/2127
f 1373/6382/2128 1371/6383/2128 1391/6384/2128
f 1092/6385/2129 1373/6386/2129 1391/6387/2129
f 1129/6388/2130 1373/6389/2130 1092/6390/2130
f 1322/6391/2131 1180/6392/2131 1376/6393/2131
f 1392/6394/2132 1322/6395/2132 1376/6396/2132
f 1385/6397/2133 1322/6398/2133 1392/6399/2133
f 1393/6400/2134 1385/6401/2134 1392/6402/2134
f 1386/6403/2135 1385/6404/2135 1393/6405/2135
f 1394/6406/2136 1386/6407/2136 1393/6408/2136
f 1387/6409/2137 1386/6410/2137 1394/6411/2137
f 1395/6412/2138 1387/6413/2138 1394/6414/2138
f 1388/6415/2139 1387/6416/2139 1395/6417/2139
f 1396/6418/2140 1388/6419/2140 1395/6420/2140
f 1389/6421/2141 1388/6422/2141 1396/6423/2141
f 1397/6424/2142 1389/6425/2142 1396/6426/2142
f 1390/6427/2143 1389/6428/2143 1397/6429/2143
f 1398/6430/2144 1390/6431/2144 1397/6432/2144
f 1391/6433/2145 1390/6434/2145 1398/6435/2145
f 1093/6436/2146 1391/6437/2146 1398/6438/2146
f 1092/6439/2147 1391/6440/2147 1093/6441/2147
f 1094/6442/2148 1399/6443/2148 1131/6444/2148
f 1376/6445/2149 1177/6446/2149 1377/6447/2149
f 1400/6448/2150 1376/6449/2150 1377/6450/2150
f 1392/6451/2151 1376/6452/2151 1400/6453/2151
f 1401/6454/2152 1392/6455/2152 1400/6456/2152
f 1393/6457/2153 1392/6458/2153 1401/6459/2153
f 1402/6460/2154 1393/6461/2154 1401/6462/2154
f 1394/6463/2155 1393/6464/2155 1402/6465/2155
f 1403/6466/2156 1394/6467/2156 1402/6468/2156
f 1395/6469/2157 1394/6470/2157 1403/6471/2157
f 1404/6472/2158 1395/6473/2158 1403/6474/2158
f 1396/6475/2159 1395/6476/2159 1404/6477/2159
f 1405/6478/2160 1396/6479/2160 1404/6480/2160
f 1397/6481/2161 1396/6482/2161 1405/6483/2161
f 1399/6484/2162 1397/6485/2162 1405/6486/2162
f 1398/6487/2163 1397/6488/2163 1399/6489/2163
f 1094/6490/2164 1398/6491/2164 1399/6492/2164
f 1093/6493/2165 1398/6494/2165 1094/6495/2165
f 1377/6496/2166 1184/6497/2166 1321/6498/2166
f 1406/6499/2167 1377/6500/2167 1321/6501/2167
f 1400/6502/2168 1377/6503/2168 1406/6504/2168
f 1407/6505/2169 1400/6506/2169 1406/6507/2169
f 1401/6508/2170 1400/6509/2170 1407/6510/2170
f 1408/6511/2171 1401/6512/2171 1407/6513/2171
f 1402/6514/2172 1401/6515/2172 1408/6516/2172
f 1409/6517/2173 1402/6518/2173 1408/6519/2173
f 1403/6520/2174 1402/6521/2174 1409/6522/2174
f 1410/6523/2175 1403/6524/2175 1409/6525/2175
f 1404/6526/2176 1403/6527/2176 1410/6528/2176
f 1411/6529/2177 1404/6530/2177 1410/6531/2177
f 1405/6532/2178 1404/6533/2178 1411/6534/2178
f 1412/6535/2179 1405/6536/2179 1411/6537/2179
f 1399/6538/2180 1405/6539/2180 1412/6540/2180
f 1132/6541/2181 1399/6542/2181 1412/6543/2181
f 1131/6544/2182 1399/6545/2182 1132/6546/2182
f 1321/6547/2183 1185/6548/2183 1378/6549/2183
f 1413/6550/2184 1321/6551/2184 1378/6552/2184
f 1406/6553/2185 1321/6554/2185 1413/6555/2185
f 1414/6556/2186 1406/6557/2186 1413/6558/2186
f 1407/6559/2187 1406/6560/2187 1414/6561/2187
f 1415/6562/2188 1407/6563/2188 1414/6564/2188
f 1408/6565/2189 1407/6566/2189 1415/6567/2189
f 1416/6568/2190 1408/6569/2190 1415/6570/2190
f 1409/6571/2191 1408/6572/2191 1416/6573/2191
f 1417/6574/2192 1409/6575/2192 1416/6576/2192
f 1410/6577/2193 1409/6578/2193 1417/6579/2193
f 1418/6580/2194 1410/6581/2194 1417/6582/2194
f 1411/6583/2195 1410/6584/2195 1418/6585/2195
f 1419/6586/2196 1411/6587/2196 1418/6588/2196
f 1412/6589/2197 1411/6590/2197 1419/6591/2197
f 1117/6592/2198 1412/6593/2198 1419/6594/2198
f 1132/6595/2199 1412/6596/2199 1117/6597/2199
f 1119/6598/2200 1420/6599/2200 1121/6600/2200
f 1378/6601/2201 1188/6602/2201 1379/6603/2201
f 1421/6604/2202 1378/6605/2202 1379/6606/2202
f 1413/6607/2203 1378/6608/2203 1421/6609/2203
f 1422/6610/2204 1413/6611/2204 1421/6612/2204
f 1414/6613/2205 1413/6614/2205 1422/6615/2205
f 1423/6616/2206 1414/6617/2206 1422/6618/2206
f 1415/6619/2207 1414/6620/2207 1423/6621/2207
f 1424/6622/2208 1415/6623/2208 1423/6624/2208
f 1416/6625/2209 1415/6626/2209 1424/6627/2209
f 1425/6628/2210 1416/6629/2210 1424/6630/2210
f 1417/6631/2211 1416/6632/2211 1425/6633/2211
f 1426/6634/2212 1417/6635/2212 1425/6636/2212
f 1418/6637/2213 1417/6638/2213 1426/6639/2213
f 1420/6640/2214 1418/6641/2214 1426/6642/2214
f 1419/6643/2215 1418/6644/2215 1420/6645/2215
f 1119/6646/2216 1419/6647/2216 1420/6648/2216
f 1117/6649/2217 1419/6650/2217 1119/6651/2217
f 1379/6652/2218 1191/6653/2218 1320/6654/2218
f 1427/6655/2219 1379/6656/2219 1320/6657/2219
f 1421/6658/2220 1379/6659/2220 1427/6660/2220
f 1428/6661/2221 1421/6662/2221 1427/6663/2221
f 1422/6664/2222 1421/6665/2222 1428/6666/2222
f 1429/6667/2223 1422/6668/2223 1428/6669/2223
f 1423/6670/2224 1422/6671/2224 1429/6672/2224
f 1430/6673/2225 1423/6674/2225 1429/6675/2225
f 1424/6676/2226 1423/6677/2226 1430/6678/2226
f 1431/6679/2227 1424/6680/2227 1430/6681/2227
f 1425/6682/2228 1424/6683/2228 1431/6684/2228
f 1432/6685/2229 1425/6686/2229 1431/6687/2229
f 1426/6688/2230 1425/6689/2230 1432/6690/2230
f 1433/6691/2231 1426/6692/2231 1432/6693/2231
f 1420/6694/2232 1426/6695/2232 1433/6696/2232
f 1123/6697/2233 1420/6698/2233 1433/6699/2233
f 1121/6700/2234 1420/6701/2234 1123/6702/2234
f 1320/6703/2235 1192/6704/2235 1319/6705/2235
f 1434/6706/2236 1320/6707/2236 1319/6708/2236
f 1427/6709/2237 1320/6710/2237 1434/6711/2237
f 1435/6712/2238 1427/6713/2238 1434/6714/2238
f 1428/6715/2239 1427/6716/2239 1435/6717/2239
f 1436/6718/2240 1428/6719/2240 1435/6720/2240
f 1429/6721/2241 1428/6722/2241 1436/6723/2241
f 1437/6724/2242 1429/6725/2242 1436/6726/2242
f 1430/6727/2243 1429/6728/2243 1437/6729/2243
f 1438/6730/2244 1430/6731/2244 1437/6732/2244
f 1431/6733/2245 1430/6734/2245 1438/6735/2245
f 1439/6736/2246 1431/6737/2246 1438/6738/2246
f 1432/6739/2247 1431/6740/2247 1439/6741/2247
f 1440/6742/2248 1432/6743/2248 1439/6744/2248
f 1433/6745/2249 1432/6746/2249 1440/6747/2249
f 1125/6748/2250 1433/6749/2250 1440/6750/2250
f 1123/6751/2251 1433/6752/2251 1125/6753/2251
f 1319/6754/2252 1194/6755/2252 1380/6756/2252
f 1441/6757/2253 1319/6758/2253 1380/6759/2253
f 1434/6760/2254 1319/6761/2254 1441/6762/2254
f 1442/6763/2255 1434/6764/2255 1441/6765/2255
f 1435/6766/2256 1434/6767/2256 1442/6768/2256
f 1443/6769/2257 1435/6770/2257 1442/6771/2257
f 1436/6772/2258 1435/6773/2258 1443/6774/2258
f 1444/6775/2259 1436/6776/2259 1443/6777/2259
f 1437/6778/2260 1436/6779/2260 1444/6780/2260
f 1445/6781/2261 1437/6782/2261 1444/6783/2261
f 1438/6784/2262 1437/6785/2262 1445/6786/2262
f 1446/6787/2263 1438/6788/2263 1445/6789/2263
f 1439/6790/2264 1438/6791/2264 1446/6792/2264
f 1447/6793/2265 1439/6794/2265 1446/6795/2265
f 1440/6796/2266 1439/6797/2266 1447/6798/2266
f 1126/6799/2267 1440/6800/2267 1447/6801/2267
f 1125/6802/2268 1440/6803/2268 1126/6804/2268
f 1380/6805/2269 1198/6806/2269 1381/6807/2269
f 1448/6808/2270 1380/6809/2270 1381/6810/2270
f 1441/6811/2271 1380/6812/2271 1448/6813/2271
f 1449/6814/2272 1441/6815/2272 1448/6816/2272
f 1442/6817/2273 1441/6818/2273 1449/6819/2273
f 1450/6820/2274 1442/6821/2274 1449/6822/2274
f 1443/6823/2275 1442/6824/2275 1450/6825/2275
f 1451/6826/2276 1443/6827/2276 1450/6828/2276
f 1444/6829/2277 1443/6830/2277 1451/6831/2277
f 1452/6832/2278 1444/6833/2278 1451/6834/2278
f 1445/6835/2279 1444/6836/2279 1452/6837/2279
f 1453/6838/2280 1445/6839/2280 1452/6840/2280
f 1446/6841/2281 1445/6842/2281 1453/6843/2281
f 1454/6844/2282 1446/6845/2282 1453/6846/2282
f 1447/6847/2283 1446/6848/2283 1454/6849/2283
f 1108/6850/2284 1447/6851/2284 1454/6852/2284
f 1126/6853/2285 1447/6854/2285 1108/6855/2285
f 1110/6856/2286 1455/6857/2286 1112/6858/2286
f 1381/6859/2287 1202/6860/2287 1318/6861/2287
f 1456/6862/2288 1381/6863/2288 1318/6864/2288
f 1448/6865/2289 1381/6866/2289 1456/6867/2289
f 1457/6868/2290 1448/6869/2290 1456/6870/2290
f 1449/6871/2291 1448/6872/2291 1457/6873/2291
f 1458/6874/2292 1449/6875/2292 1457/6876/2292
f 1450/6877/2293 1449/6878/2293 1458/6879/2293
f 1459/6880/2294 1450/6881/2294 1458/6882/2294
f 1451/6883/2295 1450/6884/2295 1459/6885/2295
f 1460/6886/2296 1451/6887/2296 1459/6888/2296
f 1452/6889/2297 1451/6890/2297 1460/6891/2297
f 1461/6892/2298 1452/6893/2298 1460/6894/2298
f 1453/6895/2299 1452/6896/2299 1461/6897/2299
f 1455/6898/2300 1453/6899/2300 1461/6900/2300
f 1454/6901/2301 1453/6902/2301 1455/6903/2301
f 1110/6904/2302 1454/6905/2302 1455/6906/2302
f 1108/6907/2303 1454/6908/2303 1110/6909/2303
f 1318/6910/2304 1203/6911/2304 1382/6912/2304
f 1462/6913/2305 1318/6914/2305 1382/6915/2305
f 1456/6916/2306 1318/6917/2306 1462/6918/2306
f 1463/6919/2307 1456/6920/2307 1462/6921/2307
f 1457/6922/2308 1456/6923/2308 1463/6924/2308
f 1464/6925/2309 1457/6926/2309 1463/6927/2309
f 1458/6928/2310 1457/6929/2310 1464/6930/2310
f 1465/6931/2311 1458/6932/2311 1464/6933/2311
f 1459/6934/2312 1458/6935/2312 1465/6936/2312
f 1466/6937/2313 1459/6938/2313 1465/6939/2313
f 1460/6940/2314 1459/6941/2314 1466/6942/2314
f 1467/6943/2315 1460/6944/2315 1466/6945/2315
f 1461/6946/2316 1460/6947/2316 1467/6948/2316
f 1468/6949/2317 1461/6950/2317 1467/6951/2317
f 1455/6952/2318 1461/6953/2318 1468/6954/2318
f 1114/6955/2319 1455/6956/2319 1468/6957/2319
f 1112/6958/2320 1455/6959/2320 1114/6960/2320
f 1382/6961/2321 1208/6962/2321 1383/6963/2321
f 1469/6964/2322 1382/6965/2322 1383/6966/2322
f 1462/6967/2323 1382/6968/2323 1469/6969/2323
f 1470/6970/2324 1462/6971/2324 1469/6972/2324
f 1463/6973/2325 1462/6974/2325 1470/6975/2325
f 1471/6976/2326 1463/6977/2326 1470/6978/2326
f 1464/6979/2327 1463/6980/2327 1471/6981/2327
f 1472/6982/2328 1464/6983/2328 1471/6984/2328
f 1465/6985/2329 1464/6986/2329 1472/6987/2329
f 1473/6988/2330 1465/6989/2330 1472/6990/2330
f 1466/6991/2331 1465/6992/2331 1473/6993/2331
f 1474/6994/2332 1466/6995/2332 1473/6996/2332
f 1467/6997/2333 1466/6998/2333 1474/6999/2333
f 1475/7000/2334 1467/7001/2334 1474/7002/2334
f 1468/7003/2335 1467/7004/2335 1475/7005/2335
f 1106/7006/2336 1468/7007/2336 1475/7008/2336
f 1114/7009/2337 1468/7010/2337 1106/7011/2337
f 1103/7012/2338 1476/7013/2338 1104/7014/2338
f 1383/7015/2339 1211/7016/2339 1317/7017/2339
f 1477/7018/2340 1383/7019/2340 1317/7020/2340
f 1469/7021/2341 1383/7022/2341 1477/7023/2341
f 1478/7024/2342 1469/7025/2342 1477/7026/2342
f 1470/7027/2343 1469/7028/2343 1478/7029/2343
f 1479/7030/2344 1470/7031/2344 1478/7032/2344
f 1471/7033/2345 1470/7034/2345 1479/7035/2345
f 1480/7036/2346 1471/7037/2346 1479/7038/2346
f 1472/7039/2347 1471/7040/2347 1480/7041/2347
f 1481/7042/2348 1472/7043/2348 1480/7044/2348
f 1473/7045/2349 1472/7046/2349 1481/7047/2349
f 1482/7048/2350 1473/7049/2350 1481/7050/2350
f 1474/7051/2351 1473/7052/2351 1482/7053/2351
f 1476/7054/2352 1474/7055/2352 1482/7056/2352
f 1475/7057/2353 1474/7058/2353 1476/7059/2353
f 1103/7060/2354 1475/7061/2354 1476/7062/2354
f 1106/7063/2355 1475/7064/2355 1103/7065/2355
f 1317/7066/2356 1210/7067/2356 1384/7068/2356
f 1483/7069/2357 1317/7070/2357 1384/7071/2357
f 1477/7072/2358 1317/7073/2358 1483/7074/2358
f 1484/7075/2359 1477/7076/2359 1483/7077/2359
f 1478/7078/2360 1477/7079/2360 1484/7080/2360
f 1485/7081/2361 1478/7082/2361 1484/7083/2361
f 1479/7084/2362 1478/7085/2362 1485/7086/2362
f 1486/7087/2363 1479/7088/2363 1485/7089/2363
f 1480/7090/2364 1479/7091/2364 1486/7092/2364
f 1487/7093/2365 1480/7094/2365 1486/7095/2365
f 1481/7096/2366 1480/7097/2366 1487/7098/2366
f 1488/7099/2367 1481/7100/2367 1487/7101/2367
f 1482/7102/2368 1481/7103/2368 1488/7104/2368
f 1489/7105/2369 1482/7106/2369 1488/7107/2369
f 1476/7108/2370 1482/7109/2370 1489/7110/2370
f 1105/7111/2371 1476/7112/2371 1489/7113/2371
f 1104/7114/2372 1476/7115/2372 1105/7116/2372
f 1384/7117/2373 1150/7118/2373 1316/7119/2373
f 1325/7120/2374 1384/7121/2374 1316/7122/2374
f 1483/7123/2375 1384/7124/2375 1325/7125/2375
f 1342/7126/2376 1483/7127/2376 1325/7128/2376
f 1484/7129/2377 1483/7130/2377 1342/7131/2377
f 1339/7132/2378 1484/7133/2378 1342/7134/2378
f 1485/7135/2379 1484/7136/2379 1339/7137/2379
f 1328/7138/2380 1485/7139/2380 1339/7140/2380
f 1486/7141/2381 1485/7142/2381 1328/7143/2381
f 1335/7144/2382 1486/7145/2382 1328/7146/2382
f 1487/7147/2383 1486/7148/2383 1335/7149/2383
f 1330/7150/2384 1487/7151/2384 1335/7152/2384
f 1488/7153/2385 1487/7154/2385 1330/7155/2385
f 1329/7156/2386 1488/7157/2386 1330/7158/2386
f 1489/7159/2387 1488/7160/2387 1329/7161/2387
f 1095/7162/2388 1489/7163/2388 1329/7164/2388
f 1105/7165/2389 1489/7166/2389 1095/7167/2389
f 1100/7168/2390 1102/7169/2390 1490/7170/2390
f 1100/7171/2391 1490/7172/2391 1491/7173/2391
f 1492/7174/2392 1100/7175/2392 1491/7176/2392
f 1099/7177/2393 1100/7178/2393 1492/7179/2393
f 1098/7180/2394 1099/7181/2394 1492/7182/2394
f 1493/7183/2395 1098/7184/2395 1492/7185/2395
f 1139/7186/2396 1098/7187/2396 1493/7188/2396
f 1115/7189/2397 1139/7190/2397 1493/7191/2397
f 1494/7192/2398 1115/7193/2398 1493/7194/2398
f 1113/7195/2399 1115/7196/2399 1494/7197/2399
f 1111/7198/2400 1113/7199/2400 1494/7200/2400
f 1495/7201/2401 1111/7202/2401 1494/7203/2401
f 1109/7204/2402 1111/7205/2402 1495/7206/2402
f 1496/7207/2403 1109/7208/2403 1495/7209/2403
f 1107/7210/2404 1109/7211/2404 1496/7212/2404
f 1120/7213/2405 1122/7214/2405 1497/7215/2405
f 1118/7216/2406 1120/7217/2406 1497/7218/2406
f 1498/7219/2407 1118/7220/2407 1497/7221/2407
f 1116/7222/2408 1118/7223/2408 1498/7224/2408
f 1130/7225/2409 1116/7226/2409 1498/7227/2409
f 1499/7228/2410 1130/7229/2410 1498/7230/2410
f 1133/7231/2411 1130/7232/2411 1499/7233/2411
f 1134/7234/2412 1133/7235/2412 1499/7236/2412
f 1500/7237/2413 1134/7238/2413 1499/7239/2413
f 1135/7240/2414 1134/7241/2414 1500/7242/2414
f 1137/7243/2415 1135/7244/2415 1500/7245/2415
f 1502/7246/2416 1501/7247/2416 1138/7248/2416
f 1137/7249/2417 1502/7250/2417 1138/7251/2417
f 1503/7252/2418 1502/7253/2418 1137/7254/2418
f 1500/7255/2419 1503/7256/2419 1137/7257/2419
f 522/7258/2420 1089/7259/2420 523/7260/2420
f 1010/7261/2421 1059/7262/2421 1504/7263/2421
f 1505/7264/2422 1010/7265/2422 1504/7266/2422
f 1011/7267/2423 1010/7268/2423 1505/7269/2423
f 1014/7270/2424 1087/7271/2424 1088/7272/2424
f 1504/7273/2425 1014/7274/2425 1088/7275/2425
f 1015/7276/2426 1014/7277/2426 1504/7278/2426
f 1059/7279/2427 1015/7280/2427 1504/7281/2427
f 1506/7282/2428 1015/7283/2428 1059/7284/2428
f 1507/7285/2429 1506/7286/2429 1059/7287/2429
f 1089/7288/2430 522/7289/2430 521/7290/2430
f 500/7291/2431 1089/7292/2431 521/7293/2431
f 499/7294/2432 1089/7295/2432 500/7296/2432
f 1509/7297/2433 1508/7298/2433 1504/7299/2433
f 1088/7300/2434 1509/7301/2434 1504/7302/2434
f 1510/7303/2435 1509/7304/2435 1088/7305/2435
f 1089/7306/2436 1510/7307/2436 1088/7308/2436
f 1511/7309/2437 1510/7310/2437 1089/7311/2437
f 499/7312/2438 1511/7313/2438 1089/7314/2438
f 1143/7315/2439 1511/7316/2439 499/7317/2439
f 501/7318/2440 508/7319/2440 507/7320/2440
f 504/7321/2441 508/7322/2441 501/7323/2441
f 510/7324/2442 501/7325/2442 511/7326/2442
f 1063/7327/2443 504/7328/2443 501/7329/2443
f 510/7330/2444 1063/7331/2444 501/7332/2444
f 514/7333/2445 1063/7334/2445 510/7335/2445
f 1063/7336/2446 514/7337/2446 513/7338/2446
f 517/7339/2447 1063/7340/2447 513/7341/2447
f 516/7342/2448 1063/7343/2448 517/7344/2448
f 1089/7345/2449 1512/7346/2449 1513/7347/2449
f 1064/7348/2450 1089/7349/2450 1513/7350/2450
f 523/7351/2451 1089/7352/2451 1064/7353/2451
f 1063/7354/2452 523/7355/2452 1064/7356/2452
f 519/7357/2453 523/7358/2453 1063/7359/2453
f 516/7360/2454 519/7361/2454 1063/7362/2454
f 520/7363/2455 519/7364/2455 516/7365/2455
f 1516/7366/2456 1514/7367/2456 1515/7368/2456
f 979/7369/2457 918/7370/2457 1517/7371/2457
f 1514/7372/2458 979/7373/2458 1517/7374/2458
f 980/7375/2459 979/7376/2459 1514/7377/2459
f 954/7378/2460 1514/7379/2460 1516/7380/2460
f 1518/7381/2461 954/7382/2461 1516/7383/2461
f 955/7384/2462 954/7385/2462 1518/7386/2462
f 1519/7387/2463 955/7388/2463 1518/7389/2463
f 1154/7390/2464 955/7391/2464 1519/7392/2464
f 764/7393/2465 769/7394/2465 771/7395/2465
f 955/7396/2466 764/7397/2466 771/7398/2466
f 1002/7399/2467 1520/7400/2467 1521/7401/2467
f 980/7402/2468 1002/7403/2468 1521/7404/2468
f 1001/7405/2469 1002/7406/2469 980/7407/2469
f 1514/7408/2470 1001/7409/2470 980/7410/2470
f 1000/7411/2471 1001/7412/2471 1514/7413/2471
f 954/7414/2472 1000/7415/2472 1514/7416/2472
f 759/7417/2473 758/7418/2473 763/7419/2473
f 955/7420/2474 759/7421/2474 763/7422/2474
f 804/7423/2475 759/7424/2475 955/7425/2475
f 1154/7426/2476 804/7427/2476 955/7428/2476
f 767/7429/2477 765/7430/2477 764/7431/2477
f 955/7432/2478 767/7433/2478 764/7434/2478
f 768/7435/2479 767/7436/2479 955/7437/2479
f 763/7438/2480 768/7439/2480 955/7440/2480
f 762/7441/2481 768/7442/2481 763/7443/2481
f 777/7444/2482 779/7445/2482 780/7446/2482
f 782/7447/2483 777/7448/2483 780/7449/2483
f 774/7450/2484 775/7451/2484 777/7452/2484
f 955/7453/2485 774/7454/2485 777/7455/2485
f 772/7456/2486 774/7457/2486 955/7458/2486
f 771/7459/2487 772/7460/2487 955/7461/2487
f 953/7462/2488 1522/7463/2488 1523/7464/2488
f 955/7465/2489 953/7466/2489 1523/7467/2489
f 945/7468/2490 953/7469/2490 955/7470/2490
f 777/7471/2491 945/7472/2491 955/7473/2491
f 784/7474/2492 945/7475/2492 777/7476/2492
f 782/7477/2493 784/7478/2493 777/7479/2493
f 1510/7480/2494 1528/7481/2494 1501/7482/2494
f 1529/7483/2495 1153/7484/2495 1154/7485/2495
f 1519/7486/2496 1529/7487/2496 1154/7488/2496
f 1490/7489/2497 1529/7490/2497 1519/7491/2497
f 1518/7492/2498 1490/7493/2498 1519/7494/2498
f 1499/7495/2499 1524/7496/2499 1500/7497/2499
f 1498/7498/2500 1524/7499/2500 1499/7500/2500
f 1528/7501/2501 1510/7502/2501 1511/7503/2501
f 1143/7504/2502 1528/7505/2502 1511/7506/2502
f 1146/7507/2503 1528/7508/2503 1143/7509/2503
f 1006/7510/2504 1011/7511/2504 1505/7512/2504
f 1530/7513/2505 1006/7514/2505 1505/7515/2505
f 1007/7516/2506 1006/7517/2506 1530/7518/2506
f 1531/7519/2507 1007/7520/2507 1530/7521/2507
f 828/7522/2508 1007/7523/2508 1531/7524/2508
f 1532/7525/2509 828/7526/2509 1531/7527/2509
f 828/7528/2510 1532/7529/2510 1533/7530/2510
f 1517/7531/2511 828/7532/2511 1533/7533/2511
f 829/7534/2512 828/7535/2512 1517/7536/2512
f 918/7537/2513 829/7538/2513 1517/7539/2513
f 1504/7540/2514 1514/7541/2514 1534/7542/2514
f 1535/7543/2515 1504/7544/2515 1534/7545/2515
f 1536/7546/2516 51/7547/2516 48/7548/2516
f 1536/7549/2517 1144/7550/2517 1176/7551/2517
f 1204/7552/2518 1536/7553/2518 1206/7554/2518
f 1536/7555/2519 1204/7556/2519 1201/7557/2519
f 1199/7558/2520 1536/7559/2520 1201/7560/2520
f 1193/7561/2521 1190/7562/2521 1536/7563/2521
f 1536/7564/2522 1537/7565/2522 92/7566/2522
f 85/7567/2523 1536/7568/2523 92/7569/2523
f 1536/7570/2524 1164/7571/2524 1163/7572/2524
f 1537/7573/2525 1536/7574/2525 1538/7575/2525
f 1167/7576/2526 1536/7577/2526 1166/7578/2526
f 1165/7579/2527 1536/7580/2527 1167/7581/2527
f 1164/7582/2528 1536/7583/2528 1165/7584/2528
f 1536/7585/2529 1172/7586/2529 1168/7587/2529
f 1169/7588/2530 1536/7589/2530 1168/7590/2530
f 1170/7591/2531 1536/7592/2531 1169/7593/2531
f 1166/7594/2532 1536/7595/2532 1170/7596/2532
f 1171/7597/2533 1172/7598/2533 1536/7599/2533
f 1175/7600/2534 1171/7601/2534 1536/7602/2534
f 1174/7603/2535 1175/7604/2535 1536/7605/2535
f 1536/7606/2536 1179/7607/2536 1145/7608/2536
f 1536/7609/2537 1183/7610/2537 1179/7611/2537
f 1151/7612/2538 1206/7613/2538 1536/7614/2538
f 1155/7615/2539 1151/7616/2539 1536/7617/2539
f 1212/7618/2540 1155/7619/2540 1536/7620/2540
f 1215/7621/2541 1536/7622/2541 1161/7623/2541
f 1214/7624/2542 1536/7625/2542 1215/7626/2542
f 1536/7627/2543 1216/7628/2543 1142/7629/2543
f 1158/7630/2544 1536/7631/2544 1142/7632/2544
f 1161/7633/2545 1536/7634/2545 1158/7635/2545
f 1218/7636/2546 1536/7637/2546 1220/7638/2546
f 1540/7639/2547 1536/7640/2547 1539/7641/2547
f 11/7642/2548 7/7643/2548 1536/7644/2548
f 1536/7645/2549 26/7646/2549 19/7647/2549
f 41/7648/2550 1536/7649/2550 45/7650/2550
f 26/7651/2551 1536/7652/2551 24/7653/2551
f 36/7654/2552 34/7655/2552 1536/7656/2552
f 41/7657/2553 36/7658/2553 1536/7659/2553
f 48/7660/2554 45/7661/2554 1536/7662/2554
f 53/7663/2555 51/7664/2555 1536/7665/2555
f 58/7666/2556 60/7667/2556 1536/7668/2556
f 78/7669/2557 75/7670/2557 1536/7671/2557
f 80/7672/2558 78/7673/2558 1536/7674/2558
f 1536/7675/2559 1218/7676/2559 1216/7677/2559
f 53/7678/2560 1536/7679/2560 60/7680/2560
f 1145/7681/2561 1144/7682/2561 1536/7683/2561
f 827/7684/2562 1541/7685/2562 1542/7686/2562
f 1543/7687/2563 1541/7688/2563 827/7689/2563
f 1003/7690/2564 1543/7691/2564 827/7692/2564
f 1544/7693/2565 1543/7694/2565 1003/7695/2565
f 1546/7696/2566 828/7697/2566 1545/7698/2566
f 1007/7699/2567 1547/7700/2567 1548/7701/2567
f 828/7702/2568 1546/7703/2568 1549/7704/2568
f 1550/7705/2569 828/7706/2569 1549/7707/2569
f 1551/7708/2570 828/7709/2570 1550/7710/2570
f 827/7711/2571 1542/7712/2571 1552/7713/2571
f 1553/7714/2572 827/7715/2572 1552/7716/2572
f 828/7717/2573 827/7718/2573 1553/7719/2573
f 1554/7720/2574 828/7721/2574 1553/7722/2574
f 1545/7723/2575 828/7724/2575 1554/7725/2575
f 1007/7726/2576 1548/7727/2576 1555/7728/2576
f 1556/7729/2577 1007/7730/2577 1555/7731/2577
f 1557/7732/2578 1007/7733/2578 1556/7734/2578
f 1008/7735/2579 1558/7736/2579 1559/7737/2579
f 1560/7738/2580 1008/7739/2580 1559/7740/2580
f 847/7741/2581 1008/7742/2581 1560/7743/2581
f 1561/7744/2582 847/7745/2582 1560/7746/2582
f 845/7747/2583 847/7748/2583 1561/7749/2583
f 1562/7750/2584 845/7751/2584 1561/7752/2584
f 843/7753/2585 845/7754/2585 1562/7755/2585
f 1563/7756/2586 843/7757/2586 1562/7758/2586
f 838/7759/2587 843/7760/2587 1563/7761/2587
f 1544/7762/2588 1003/7763/2588 1004/7764/2588
f 913/7765/2589 1544/7766/2589 1004/7767/2589
f 1564/7768/2590 1544/7769/2590 913/7770/2590
f 911/7771/2591 1564/7772/2591 913/7773/2591
f 1565/7774/2592 1564/7775/2592 911/7776/2592
f 909/7777/2593 1565/7778/2593 911/7779/2593
f 1566/7780/2594 1565/7781/2594 909/7782/2594
f 908/7783/2595 1566/7784/2595 909/7785/2595
f 1007/7786/2596 1557/7787/2596 1567/7788/2596
f 1568/7789/2597 1007/7790/2597 1567/7791/2597
f 1008/7792/2598 1007/7793/2598 1568/7794/2598
f 1569/7795/2599 1008/7796/2599 1568/7797/2599
f 1558/7798/2600 1008/7799/2600 1569/7800/2600
f 836/7801/2601 838/7802/2601 1563/7803/2601
f 1570/7804/2602 836/7805/2602 1563/7806/2602
f 860/7807/2603 836/7808/2603 1570/7809/2603
f 1571/7810/2604 860/7811/2604 1570/7812/2604
f 859/7813/2605 860/7814/2605 1571/7815/2605
f 1572/7816/2606 859/7817/2606 1571/7818/2606
f 858/7819/2607 859/7820/2607 1572/7821/2607
f 1574/7822/2608 1573/7823/2608 881/7824/2608
f 870/7825/2609 1574/7826/2609 881/7827/2609
f 1575/7828/2610 1574/7829/2610 870/7830/2610
f 875/7831/2611 1575/7832/2611 870/7833/2611
f 1576/7834/2612 1575/7835/2612 875/7836/2612
f 867/7837/2613 1576/7838/2613 875/7839/2613
f 1577/7840/2614 1576/7841/2614 867/7842/2614
f 862/7843/2615 1577/7844/2615 867/7845/2615
f 1572/7846/2616 1577/7847/2616 862/7848/2616
f 855/7849/2617 1572/7850/2617 862/7851/2617
f 858/7852/2618 1572/7853/2618 855/7854/2618
f 828/7855/2619 1551/7856/2619 1578/7857/2619
f 1579/7858/2620 828/7859/2620 1578/7860/2620
f 1007/7861/2621 828/7862/2621 1579/7863/2621
f 1580/7864/2622 1007/7865/2622 1579/7866/2622
f 1547/7867/2623 1007/7868/2623 1580/7869/2623
f 1566/7870/2624 908/7871/2624 907/7872/2624
f 896/7873/2625 1566/7874/2625 907/7875/2625
f 1581/7876/2626 1566/7877/2626 896/7878/2626
f 888/7879/2627 1581/7880/2627 896/7881/2627
f 1582/7882/2628 1581/7883/2628 888/7884/2628
f 886/7885/2629 1582/7886/2629 888/7887/2629
f 1573/7888/2630 1582/7889/2630 886/7890/2630
f 884/7891/2631 1573/7892/2631 886/7893/2631
f 881/7894/2632 1573/7895/2632 884/7896/2632
f 1504/7897/2633 1515/7898/2633 1514/7899/2633
f 1526/7900/2634 1504/7901/2634 1508/7902/2634
f 1515/7903/2635 1504/7904/2635 1526/7905/2635
f 1533/7906/2636 1532/7907/2636 1583/7908/2636
f 1534/7909/2637 1533/7910/2637 1583/7911/2637
f 1535/7912/2638 1584/7913/2638 1531/7914/2638
f 1530/7915/2639 1535/7916/2639 1531/7917/2639
f 1534/7918/2640 1583/7919/2640 1584/7920/2640
f 1535/7921/2641 1534/7922/2641 1584/7923/2641
f 1532/7924/2642 1531/7925/2642 1584/7926/2642
f 1583/7927/2643 1532/7928/2643 1584/7929/2643
f 955/7930/2644 1523/7931/2644 1585/7932/2644
f 956/7933/2645 955/7934/2645 1585/7935/2645
f 1588/7936/2646 1587/7937/2646 1586/7938/2646
f 1589/7939/2647 1588/7940/2647 1586/7941/2647
f 1590/7942/2648 1589/7943/2648 1586/7944/2648
f 1591/7945/2649 1590/7946/2649 1586/7947/2649
f 1592/7948/2650 1591/7949/2650 1586/7950/2650
f 1593/7951/2651 1592/7952/2651 1586/7953/2651
f 1594/7954/2652 1593/7955/2652 1586/7956/2652
f 1594/7957/2653 1586/7958/2653 1522/7959/2653
f 1586/7960/2654 1587/7961/2654 1595/7962/2654
f 1596/7963/2655 1586/7964/2655 1595/7965/2655
f 1597/7966/2656 1586/7967/2656 1596/7968/2656
f 1598/7969/2657 1586/7970/2657 1597/7971/2657
f 1599/7972/2658 1586/7973/2658 1598/7974/2658
f 1600/7975/2659 1586/7976/2659 1599/7977/2659
f 1601/7978/2660 1586/7979/2660 1600/7980/2660
f 1602/7981/2661 1586/7982/2661 1601/7983/2661
f 1603/7984/2662 1586/7985/2662 1602/7986/2662
f 1604/7987/2663 1586/7988/2663 1603/7989/2663
f 1605/7990/2664 1586/7991/2664 1604/7992/2664
f 1585/7993/2665 1586/7994/2665 1605/7995/2665
f 1523/7996/2666 1522/7997/2666 1586/7998/2666
f 1585/7999/2667 1523/8000/2667 1586/8001/2667
f 957/8002/2668 956/8003/2668 1585/8004/2668
f 1605/8005/2669 957/8006/2669 1585/8007/2669
f 1605/8008/2670 1604/8009/2670 973/8010/2670
f 957/8011/2671 1605/8012/2671 973/8013/2671
f 974/8014/2672 973/8015/2672 1604/8016/2672
f 1603/8017/2673 974/8018/2673 1604/8019/2673
f 1602/8020/2674 974/8021/2674 1603/8022/2674
f 966/8023/2675 974/8024/2675 1602/8025/2675
f 1602/8026/2676 1601/8027/2676 966/8028/2676
f 1601/8029/2677 1600/8030/2677 967/8031/2677
f 966/8032/2678 1601/8033/2678 967/8034/2678
f 1599/8035/2679 969/8036/2679 968/8037/2679
f 1600/8038/2680 1599/8039/2680 968/8040/2680
f 967/8041/2681 1600/8042/2681 968/8043/2681
f 1598/8044/2682 969/8045/2682 1599/8046/2682
f 970/8047/2683 969/8048/2683 1598/8049/2683
f 1597/8050/2684 970/8051/2684 1598/8052/2684
f 1597/8053/2685 1596/8054/2685 972/8055/2685
f 970/8056/2686 1597/8057/2686 972/8058/2686
f 1595/8059/2687 962/8060/2687 960/8061/2687
f 1596/8062/2688 1595/8063/2688 960/8064/2688
f 972/8065/2689 1596/8066/2689 960/8067/2689
f 1587/8068/2690 962/8069/2690 1595/8070/2690
f 961/8071/2691 962/8072/2691 1587/8073/2691
f 1588/8074/2692 961/8075/2692 1587/8076/2692
f 1588/8077/2693 1589/8078/2693 963/8079/2693
f 961/8080/2694 1588/8081/2694 963/8082/2694
f 1590/8083/2695 965/8084/2695 964/8085/2695
f 1589/8086/2696 1590/8087/2696 964/8088/2696
f 963/8089/2697 1589/8090/2697 964/8091/2697
f 1591/8092/2698 965/8093/2698 1590/8094/2698
f 947/8095/2699 965/8096/2699 1591/8097/2699
f 1592/8098/2700 947/8099/2700 1591/8100/2700
f 1592/8101/2701 1593/8102/2701 950/8103/2701
f 947/8104/2702 1592/8105/2702 950/8106/2702
f 1593/8107/2703 1594/8108/2703 952/8109/2703
f 951/8110/2704 1593/8111/2704 952/8112/2704
f 950/8113/2705 1593/8114/2705 951/8115/2705
f 952/8116/2706 1594/8117/2706 1522/8118/2706
f 953/8119/2707 952/8120/2707 1522/8121/2707
f 999/8122/2708 1606/8123/2708 1520/8124/2708
f 1002/8125/2709 999/8126/2709 1520/8127/2709
f 982/8128/2710 981/8129/2710 1607/8130/2710
f 1608/8131/2711 982/8132/2711 1607/8133/2711
f 983/8134/2712 982/8135/2712 1608/8136/2712
f 984/8137/2713 983/8138/2713 1608/8139/2713
f 1609/8140/2714 984/8141/2714 1608/8142/2714
f 1610/8143/2715 984/8144/2715 1609/8145/2715
f 985/8146/2716 984/8147/2716 1610/8148/2716
f 1611/8149/2717 985/8150/2717 1610/8151/2717
f 986/8152/2718 985/8153/2718 1611/8154/2718
f 1611/8155/2719 1612/8156/2719 986/8157/2719
f 1612/8158/2720 1613/8159/2720 987/8160/2720
f 986/8161/2721 1612/8162/2721 987/8163/2721
f 1614/8164/2722 989/8165/2722 988/8166/2722
f 1613/8167/2723 1614/8168/2723 988/8169/2723
f 987/8170/2724 1613/8171/2724 988/8172/2724
f 1615/8173/2725 989/8174/2725 1614/8175/2725
f 990/8176/2726 989/8177/2726 1615/8178/2726
f 1616/8179/2727 990/8180/2727 1615/8181/2727
f 1616/8182/2728 1617/8183/2728 991/8184/2728
f 990/8185/2729 1616/8186/2729 991/8187/2729
f 1618/8188/2730 993/8189/2730 992/8190/2730
f 1617/8191/2731 1618/8192/2731 992/8193/2731
f 991/8194/2732 1617/8195/2732 992/8196/2732
f 1619/8197/2733 993/8198/2733 1618/8199/2733
f 994/8200/2734 993/8201/2734 1619/8202/2734
f 1620/8203/2735 994/8204/2735 1619/8205/2735
f 1620/8206/2736 1621/8207/2736 994/8208/2736
f 1622/8209/2737 996/8210/2737 995/8211/2737
f 1621/8212/2738 1622/8213/2738 995/8214/2738
f 994/8215/2739 1621/8216/2739 995/8217/2739
f 1623/8218/2740 996/8219/2740 1622/8220/2740
f 997/8221/2741 996/8222/2741 1623/8223/2741
f 1624/8224/2742 997/8225/2742 1623/8226/2742
f 1624/8227/2743 1625/8228/2743 998/8229/2743
f 997/8230/2744 1624/8231/2744 998/8232/2744
f 1625/8233/2745 1606/8234/2745 999/8235/2745
f 998/8236/2746 1625/8237/2746 999/8238/2746
f 980/8239/2747 1521/8240/2747 1607/8241/2747
f 981/8242/2748 980/8243/2748 1607/8244/2748
f 1015/8245/2749 1506/8246/2749 1626/8247/2749
f 1017/8248/2750 1015/8249/2750 1626/8250/2750
f 1507/8251/2751 1627/8252/2751 1628/8253/2751
f 1626/8254/2752 1506/8255/2752 1628/8256/2752
f 1506/8257/2753 1507/8258/2753 1628/8259/2753
f 1630/8260/2754 1628/8261/2754 1629/8262/2754
f 1631/8263/2755 1628/8264/2755 1630/8265/2755
f 1632/8266/2756 1628/8267/2756 1631/8268/2756
f 1633/8269/2757 1628/8270/2757 1632/8271/2757
f 1634/8272/2758 1628/8273/2758 1633/8274/2758
f 1635/8275/2759 1628/8276/2759 1634/8277/2759
f 1636/8278/2760 1628/8279/2760 1635/8280/2760
f 1637/8281/2761 1628/8282/2761 1636/8283/2761
f 1638/8284/2762 1628/8285/2762 1637/8286/2762
f 1626/8287/2763 1628/8288/2763 1638/8289/2763
f 1639/8290/2764 1628/8291/2764 1627/8292/2764
f 1640/8293/2765 1628/8294/2765 1639/8295/2765
f 1641/8296/2766 1628/8297/2766 1640/8298/2766
f 1642/8299/2767 1628/8300/2767 1641/8301/2767
f 1643/8302/2768 1628/8303/2768 1642/8304/2768
f 1644/8305/2769 1628/8306/2769 1643/8307/2769
f 1645/8308/2770 1628/8309/2770 1644/8310/2770
f 1646/8311/2771 1628/8312/2771 1645/8313/2771
f 1629/8314/2772 1628/8315/2772 1646/8316/2772
f 1018/8317/2773 1017/8318/2773 1626/8319/2773
f 1638/8320/2774 1018/8321/2774 1626/8322/2774
f 1019/8323/2775 1018/8324/2775 1638/8325/2775
f 1020/8326/2776 1019/8327/2776 1638/8328/2776
f 1637/8329/2777 1020/8330/2777 1638/8331/2777
f 1021/8332/2778 1020/8333/2778 1637/8334/2778
f 1022/8335/2779 1021/8336/2779 1637/8337/2779
f 1636/8338/2780 1022/8339/2780 1637/8340/2780
f 1023/8341/2781 1022/8342/2781 1636/8343/2781
f 1635/8344/2782 1023/8345/2782 1636/8346/2782
f 1024/8347/2783 1023/8348/2783 1635/8349/2783
f 1635/8350/2784 1634/8351/2784 1026/8352/2784
f 1025/8353/2785 1635/8354/2785 1026/8355/2785
f 1024/8356/2786 1635/8357/2786 1025/8358/2786
f 1634/8359/2787 1633/8360/2787 1028/8361/2787
f 1027/8362/2788 1634/8363/2788 1028/8364/2788
f 1026/8365/2789 1634/8366/2789 1027/8367/2789
f 1632/8368/2790 1031/8369/2790 1030/8370/2790
f 1029/8371/2791 1632/8372/2791 1030/8373/2791
f 1633/8374/2792 1632/8375/2792 1029/8376/2792
f 1028/8377/2793 1633/8378/2793 1029/8379/2793
f 1032/8380/2794 1031/8381/2794 1632/8382/2794
f 1631/8383/2795 1032/8384/2795 1632/8385/2795
f 1033/8386/2796 1032/8387/2796 1631/8388/2796
f 1034/8389/2797 1033/8390/2797 1631/8391/2797
f 1630/8392/2798 1034/8393/2798 1631/8394/2798
f 1035/8395/2799 1034/8396/2799 1630/8397/2799
f 1630/8398/2800 1629/8399/2800 1037/8400/2800
f 1036/8401/2801 1630/8402/2801 1037/8403/2801
f 1035/8404/2802 1630/8405/2802 1036/8406/2802
f 1646/8407/2803 1041/8408/2803 1040/8409/2803
f 1039/8410/2804 1646/8411/2804 1040/8412/2804
f 1629/8413/2805 1646/8414/2805 1039/8415/2805
f 1038/8416/2806 1629/8417/2806 1039/8418/2806
f 1037/8419/2807 1629/8420/2807 1038/8421/2807
f 1042/8422/2808 1041/8423/2808 1646/8424/2808
f 1645/8425/2809 1042/8426/2809 1646/8427/2809
f 1043/8428/2810 1042/8429/2810 1645/8430/2810
f 1044/8431/2811 1043/8432/2811 1645/8433/2811
f 1644/8434/2812 1044/8435/2812 1645/8436/2812
f 1045/8437/2813 1044/8438/2813 1644/8439/2813
f 1644/8440/2814 1643/8441/2814 1047/8442/2814
f 1046/8443/2815 1644/8444/2815 1047/8445/2815
f 1045/8446/2816 1644/8447/2816 1046/8448/2816
f 1642/8449/2817 1051/8450/2817 1050/8451/2817
f 1049/8452/2818 1642/8453/2818 1050/8454/2818
f 1643/8455/2819 1642/8456/2819 1049/8457/2819
f 1048/8458/2820 1643/8459/2820 1049/8460/2820
f 1047/8461/2821 1643/8462/2821 1048/8463/2821
f 1052/8464/2822 1051/8465/2822 1642/8466/2822
f 1641/8467/2823 1052/8468/2823 1642/8469/2823
f 1053/8470/2824 1052/8471/2824 1641/8472/2824
f 1054/8473/2825 1053/8474/2825 1641/8475/2825
f 1640/8476/2826 1054/8477/2826 1641/8478/2826
f 1055/8479/2827 1054/8480/2827 1640/8481/2827
f 1640/8482/2828 1639/8483/2828 1057/8484/2828
f 1056/8485/2829 1640/8486/2829 1057/8487/2829
f 1055/8488/2830 1640/8489/2830 1056/8490/2830
f 1639/8491/2831 1627/8492/2831 1058/8493/2831
f 1062/8494/2832 1639/8495/2832 1058/8496/2832
f 1639/8497/2833 1062/8498/2833 1061/8499/2833
f 1060/8500/2834 1639/8501/2834 1061/8502/2834
f 1057/8503/2835 1639/8504/2835 1060/8505/2835
f 1058/8506/2836 1627/8507/2836 1507/8508/2836
f 1059/8509/2837 1058/8510/2837 1507/8511/2837
f 1064/8512/2838 1513/8513/2838 1647/8514/2838
f 1066/8515/2839 1064/8516/2839 1647/8517/2839
f 1067/8518/2840 1066/8519/2840 1647/8520/2840
f 1649/8521/2841 1067/8522/2841 1647/8523/2841
f 1649/8524/2842 1650/8525/2842 1068/8526/2842
f 1067/8527/2843 1649/8528/2843 1068/8529/2843
f 1068/8530/2844 1651/8531/2844 1069/8532/2844
f 1650/8533/2845 1651/8534/2845 1068/8535/2845
f 1070/8536/2846 1069/8537/2846 1651/8538/2846
f 1652/8539/2847 1070/8540/2847 1651/8541/2847
f 1653/8542/2848 1070/8543/2848 1652/8544/2848
f 1071/8545/2849 1070/8546/2849 1653/8547/2849
f 1654/8548/2850 1071/8549/2850 1653/8550/2850
f 1072/8551/2851 1071/8552/2851 1654/8553/2851
f 1654/8554/2852 1655/8555/2852 1072/8556/2852
f 1655/8557/2853 1656/8558/2853 1073/8559/2853
f 1072/8560/2854 1655/8561/2854 1073/8562/2854
f 1657/8563/2855 1075/8564/2855 1074/8565/2855
f 1656/8566/2856 1657/8567/2856 1074/8568/2856
f 1073/8569/2857 1656/8570/2857 1074/8571/2857
f 1658/8572/2858 1075/8573/2858 1657/8574/2858
f 1077/8575/2859 1075/8576/2859 1658/8577/2859
f 1666/8578/2860 1077/8579/2860 1658/8580/2860
f 1666/8581/2861 1665/8582/2861 1078/8583/2861
f 1077/8584/2862 1666/8585/2862 1078/8586/2862
f 1664/8587/2863 1080/8588/2863 1079/8589/2863
f 1665/8590/2864 1664/8591/2864 1079/8592/2864
f 1078/8593/2865 1665/8594/2865 1079/8595/2865
f 1663/8596/2866 1080/8597/2866 1664/8598/2866
f 1081/8599/2867 1080/8600/2867 1663/8601/2867
f 1662/8602/2868 1081/8603/2868 1663/8604/2868
f 1082/8605/2869 1661/8606/2869 1083/8607/2869
f 1662/8608/2870 1661/8609/2870 1082/8610/2870
f 1081/8611/2871 1662/8612/2871 1082/8613/2871
f 1660/8614/2872 1659/8615/2872 1085/8616/2872
f 1660/8617/2873 1085/8618/2873 1084/8619/2873
f 1661/8620/2874 1660/8621/2874 1084/8622/2874
f 1083/8623/2875 1661/8624/2875 1084/8625/2875
f 1659/8626/2876 1648/8627/2876 1086/8628/2876
f 1085/8629/2877 1659/8630/2877 1086/8631/2877
f 1086/8632/2878 1648/8633/2878 1512/8634/2878
f 1089/8635/2879 1086/8636/2879 1512/8637/2879
f 1560/8638/2880 1667/8639/2880 1561/8640/2880
f 1668/8641/2881 1667/8642/2881 1560/8643/2881
f 1559/8644/2882 1668/8645/2882 1560/8646/2882
f 1669/8647/2883 1668/8648/2883 1559/8649/2883
f 1558/8650/2884 1669/8651/2884 1559/8652/2884
f 1670/8653/2885 1669/8654/2885 1558/8655/2885
f 1569/8656/2886 1670/8657/2886 1558/8658/2886
f 1671/8659/2887 1670/8660/2887 1569/8661/2887
f 1568/8662/2888 1671/8663/2888 1569/8664/2888
f 1672/8665/2889 1671/8666/2889 1568/8667/2889
f 1567/8668/2890 1672/8669/2890 1568/8670/2890
f 1673/8671/2891 1672/8672/2891 1567/8673/2891
f 1557/8674/2892 1673/8675/2892 1567/8676/2892
f 1674/8677/2893 1673/8678/2893 1557/8679/2893
f 1556/8680/2894 1674/8681/2894 1557/8682/2894
f 1675/8683/2895 1674/8684/2895 1556/8685/2895
f 1555/8686/2896 1675/8687/2896 1556/8688/2896
f 1676/8689/2897 1675/8690/2897 1555/8691/2897
f 1548/8692/2898 1676/8693/2898 1555/8694/2898
f 1677/8695/2899 1676/8696/2899 1548/8697/2899
f 1547/8698/2900 1677/8699/2900 1548/8700/2900
f 1678/8701/2901 1677/8702/2901 1547/8703/2901
f 1580/8704/2902 1678/8705/2902 1547/8706/2902
f 1679/8707/2903 1678/8708/2903 1580/8709/2903
f 1544/8710/2904 1680/8711/2904 1543/8712/2904
f 1681/8713/2905 1680/8714/2905 1544/8715/2905
f 1564/8716/2906 1681/8717/2906 1544/8718/2906
f 1682/8719/2907 1681/8720/2907 1564/8721/2907
f 1565/8722/2908 1682/8723/2908 1564/8724/2908
f 1683/8725/2909 1682/8726/2909 1565/8727/2909
f 1566/8728/2910 1683/8729/2910 1565/8730/2910
f 1684/8731/2911 1683/8732/2911 1566/8733/2911
f 1581/8734/2912 1684/8735/2912 1566/8736/2912
f 1685/8737/2913 1684/8738/2913 1581/8739/2913
f 1582/8740/2914 1685/8741/2914 1581/8742/2914
f 1686/8743/2915 1685/8744/2915 1582/8745/2915
f 1573/8746/2916 1686/8747/2916 1582/8748/2916
f 1687/8749/2917 1686/8750/2917 1573/8751/2917
f 1574/8752/2918 1687/8753/2918 1573/8754/2918
f 1688/8755/2919 1687/8756/2919 1574/8757/2919
f 1575/8758/2920 1688/8759/2920 1574/8760/2920
f 1689/8761/2921 1688/8762/2921 1575/8763/2921
f 1576/8764/2922 1689/8765/2922 1575/8766/2922
f 1690/8767/2923 1689/8768/2923 1576/8769/2923
f 1577/8770/2924 1690/8771/2924 1576/8772/2924
f 1691/8773/2925 1690/8774/2925 1577/8775/2925
f 1572/8776/2926 1691/8777/2926 1577/8778/2926
f 1692/8779/2927 1691/8780/2927 1572/8781/2927
f 1571/8782/2928 1692/8783/2928 1572/8784/2928
f 1693/8785/2929 1692/8786/2929 1571/8787/2929
f 1570/8788/2930 1693/8789/2930 1571/8790/2930
f 1694/8791/2931 1693/8792/2931 1570/8793/2931
f 1563/8794/2932 1694/8795/2932 1570/8796/2932
f 1695/8797/2933 1694/8798/2933 1563/8799/2933
f 1562/8800/2934 1695/8801/2934 1563/8802/2934
f 1696/8803/2935 1695/8804/2935 1562/8805/2935
f 1561/8806/2936 1696/8807/2936 1562/8808/2936
f 1667/8809/2937 1696/8810/2937 1561/8811/2937
f 1578/8812/2938 1697/8813/2938 1579/8814/2938
f 1698/8815/2939 1697/8816/2939 1578/8817/2939
f 1551/8818/2940 1698/8819/2940 1578/8820/2940
f 1699/8821/2941 1698/8822/2941 1551/8823/2941
f 1550/8824/2942 1699/8825/2942 1551/8826/2942
f 1700/8827/2943 1699/8828/2943 1550/8829/2943
f 1549/8830/2944 1700/8831/2944 1550/8832/2944
f 1701/8833/2945 1700/8834/2945 1549/8835/2945
f 1546/8836/2946 1701/8837/2946 1549/8838/2946
f 1702/8839/2947 1701/8840/2947 1546/8841/2947
f 1545/8842/2948 1702/8843/2948 1546/8844/2948
f 1703/8845/2949 1702/8846/2949 1545/8847/2949
f 1554/8848/2950 1703/8849/2950 1545/8850/2950
f 1704/8851/2951 1703/8852/2951 1554/8853/2951
f 1553/8854/2952 1704/8855/2952 1554/8856/2952
f 1705/8857/2953 1704/8858/2953 1553/8859/2953
f 1552/8860/2954 1705/8861/2954 1553/8862/2954
f 1706/8863/2955 1705/8864/2955 1552/8865/2955
f 1542/8866/2956 1706/8867/2956 1552/8868/2956
f 1707/8869/2957 1706/8870/2957 1542/8871/2957
f 1541/8872/2958 1707/8873/2958 1542/8874/2958
f 1708/8875/2959 1707/8876/2959 1541/8877/2959
f 1543/8878/2960 1708/8879/2960 1541/8880/2960
f 1680/8881/2961 1708/8882/2961 1543/8883/2961
f 1579/8884/2962 1697/8885/2962 1679/8886/2962
f 1580/8887/2963 1579/8888/2963 1679/8889/2963
f 1667/8890/2964 1679/8891/2964 1696/8892/2964
f 1697/8893/2965 1684/8894/2965 1685/8895/2965
f 1682/8896/2966 1683/8897/2966 1684/8898/2966
f 1697/8899/2967 1682/8900/2967 1684/8901/2967
f 1681/8902/2968 1682/8903/2968 1697/8904/2968
f 1698/8905/2969 1681/8906/2969 1697/8907/2969
f 1680/8908/2970 1681/8909/2970 1698/8910/2970
f 1699/8911/2971 1680/8912/2971 1698/8913/2971
f 1708/8914/2972 1680/8915/2972 1699/8916/2972
f 1700/8917/2973 1708/8918/2973 1699/8919/2973
f 1707/8920/2974 1708/8921/2974 1700/8922/2974
f 1701/8923/2975 1707/8924/2975 1700/8925/2975
f 1706/8926/2976 1707/8927/2976 1701/8928/2976
f 1702/8929/2977 1706/8930/2977 1701/8931/2977
f 1705/8932/2978 1706/8933/2978 1702/8934/2978
f 1703/8935/2979 1705/8936/2979 1702/8937/2979
f 1704/8938/2980 1705/8939/2980 1703/8940/2980
f 1697/8941/2981 1689/8942/2981 1690/8943/2981
f 1691/8944/2982 1697/8945/2982 1690/8946/2982
f 1692/8947/2983 1697/8948/2983 1691/8949/2983
f 1667/8950/2984 1668/8951/2984 1669/8952/2984
f 1670/8953/2985 1667/8954/2985 1669/8955/2985
f 1679/8956/2986 1667/8957/2986 1670/8958/2986
f 1671/8959/2987 1679/8960/2987 1670/8961/2987
f 1678/8962/2988 1679/8963/2988 1671/8964/2988
f 1672/8965/2989 1678/8966/2989 1671/8967/2989
f 1677/8968/2990 1678/8969/2990 1672/8970/2990
f 1673/8971/2991 1677/8972/2991 1672/8973/2991
f 1676/8974/2992 1677/8975/2992 1673/8976/2992
f 1674/8977/2993 1676/8978/2993 1673/8979/2993
f 1675/8980/2994 1676/8981/2994 1674/8982/2994
f 1687/8983/2995 1688/8984/2995 1689/8985/2995
f 1697/8986/2996 1687/8987/2996 1689/8988/2996
f 1686/8989/2997 1687/8990/2997 1697/8991/2997
f 1685/8992/2998 1686/8993/2998 1697/8994/2998
f 1697/8995/2999 1692/8996/2999 1693/8997/2999
f 1694/8998/3000 1697/8999/3000 1693/9000/3000
f 1679/9001/3001 1697/9002/3001 1694/9003/3001
f 1695/9004/3002 1679/9005/3002 1694/9006/3002
f 1696/9007/3003 1679/9008/3003 1695/9009/3003
f 1529/9010/3004 1490/9011/3004 1102/9012/3004
f 1346/9013/3005 1529/9014/3005 1102/9015/3005
f 1153/9016/3006 1529/9017/3006 1346/9018/3006
f 1347/9019/3007 1153/9020/3007 1346/9021/3007
f 1152/9022/3008 1153/9023/3008 1347/9024/3008
f 1102/9025/3009 1341/9026/3009 1340/9027/3009
f 1345/9028/3010 1102/9029/3010 1340/9030/3010
f 1344/9031/3011 1102/9032/3011 1345/9033/3011
f 1331/9034/3012 1338/9035/3012 1337/9036/3012
f 1102/9037/3013 1331/9038/3013 1337/9039/3013
f 1327/9040/3014 1326/9041/3014 1341/9042/3014
f 1102/9043/3015 1327/9044/3015 1341/9045/3015
f 1336/9046/3016 1327/9047/3016 1102/9048/3016
f 1337/9049/3017 1336/9050/3017 1102/9051/3017
f 1324/9052/3018 1323/9053/3018 1346/9054/3018
f 1102/9055/3019 1324/9056/3019 1346/9057/3019
f 1343/9058/3020 1324/9059/3020 1102/9060/3020
f 1344/9061/3021 1343/9062/3021 1102/9063/3021
f 1333/9064/3022 1332/9065/3022 1331/9066/3022
f 1102/9067/3023 1333/9068/3023 1331/9069/3023
f 1334/9070/3024 1333/9071/3024 1102/9072/3024
f 1101/9073/3025 1334/9074/3025 1102/9075/3025
f 1354/9076/3026 1357/9077/3026 1355/9078/3026
f 1365/9079/3027 1368/9080/3027 1366/9081/3027
f 1369/9082/3028 1368/9083/3028 1501/9084/3028
f 1364/9085/3029 1369/9086/3029 1501/9087/3029
f 1363/9088/3030 1369/9089/3030 1364/9090/3030
f 1528/9091/3031 1353/9092/3031 1352/9093/3031
f 1358/9094/3032 1528/9095/3032 1352/9096/3032
f 1501/9097/3033 1368/9098/3033 1365/9099/3033
f 1370/9100/3034 1501/9101/3034 1365/9102/3034
f 1372/9103/3035 1501/9104/3035 1370/9105/3035
f 1350/9106/3036 1349/9107/3036 1353/9108/3036
f 1528/9109/3037 1350/9110/3037 1353/9111/3037
f 1148/9112/3038 1350/9113/3038 1528/9114/3038
f 1146/9115/3039 1148/9116/3039 1528/9117/3039
f 1528/9118/3040 1358/9119/3040 1357/9120/3040
f 1354/9121/3041 1528/9122/3041 1357/9123/3041
f 1501/9124/3042 1528/9125/3042 1354/9126/3042
f 1359/9127/3043 1501/9128/3043 1354/9129/3043
f 1364/9130/3044 1501/9131/3044 1359/9132/3044
f 1361/9133/3045 1364/9134/3045 1359/9135/3045
f 1375/9136/3046 1136/9137/3046 1138/9138/3046
f 1501/9139/3047 1375/9140/3047 1138/9141/3047
f 1374/9142/3048 1375/9143/3048 1501/9144/3048
f 1372/9145/3049 1374/9146/3049 1501/9147/3049
f 787/9148/3050 1709/9149/3050 976/9150/3050
f 798/9151/3051 1709/9152/3051 796/9153/3051
f 1709/9154/3052 790/9155/3052 792/9156/3052
f 785/9157/3053 790/9158/3053 1709/9159/3053
f 787/9160/3054 785/9161/3054 1709/9162/3054
f 1709/9163/3055 794/9164/3055 796/9165/3055
f 792/9166/3056 794/9167/3056 1709/9168/3056
f 1709/9169/3057 798/9170/3057 800/9171/3057
f 803/9172/3058 1709/9173/3058 800/9174/3058
f 802/9175/3059 1160/9176/3059 1709/9177/3059
f 803/9178/3060 802/9179/3060 1709/9180/3060
f 977/9181/3061 976/9182/3061 1709/9183/3061
f 1710/9184/3062 977/9185/3062 1709/9186/3062
f 1710/9187/3063 1711/9188/3063 978/9189/3063
f 977/9190/3064 1710/9191/3064 978/9192/3064
f 1711/9193/3065 1712/9194/3065 946/9195/3065
f 978/9196/3066 1711/9197/3066 946/9198/3066
f 944/9199/3067 946/9200/3067 1712/9201/3067
f 1713/9202/3068 944/9203/3068 1712/9204/3068
f 948/9205/3069 944/9206/3069 1713/9207/3069
f 1714/9208/3070 948/9209/3070 1713/9210/3070
f 1714/9211/3071 1715/9212/3071 949/9213/3071
f 948/9214/3072 1714/9215/3072 949/9216/3072
f 1715/9217/3073 1716/9218/3073 958/9219/3073
f 949/9220/3074 1715/9221/3074 958/9222/3074
f 959/9223/3075 958/9224/3075 1716/9225/3075
f 1717/9226/3076 959/9227/3076 1716/9228/3076
f 971/9229/3077 959/9230/3077 1717/9231/3077
f 1718/9232/3078 971/9233/3078 1717/9234/3078
f 1718/9235/3079 1719/9236/3079 929/9237/3079
f 971/9238/3080 1718/9239/3080 929/9240/3080
f 929/9241/3081 1720/9242/3081 930/9243/3081
f 1719/9244/3082 1720/9245/3082 929/9246/3082
f 1721/9247/3083 933/9248/3083 932/9249/3083
f 1720/9250/3084 1721/9251/3084 932/9252/3084
f 930/9253/3085 1720/9254/3085 932/9255/3085
f 1723/9256/3086 1722/9257/3086 934/9258/3086
f 933/9259/3087 1723/9260/3087 934/9261/3087
f 1721/9262/3088 1723/9263/3088 933/9264/3088
f 1722/9265/3089 1724/9266/3089 935/9267/3089
f 934/9268/3090 1722/9269/3090 935/9270/3090
f 935/9271/3091 1725/9272/3091 936/9273/3091
f 1724/9274/3092 1725/9275/3092 935/9276/3092
f 940/9277/3093 936/9278/3093 1725/9279/3093
f 1726/9280/3094 940/9281/3094 1725/9282/3094
f 1727/9283/3095 940/9284/3095 1726/9285/3095
f 941/9286/3096 940/9287/3096 1727/9288/3096
f 1728/9289/3097 941/9290/3097 1727/9291/3097
f 942/9292/3098 941/9293/3098 1728/9294/3098
f 1728/9295/3099 943/9296/3099 942/9297/3099
f 1156/9298/3100 1728/9299/3100 1157/9300/3100
f 1728/9301/3101 1250/9302/3101 1252/9303/3101
f 1247/9304/3102 1250/9305/3102 1728/9306/3102
f 1156/9307/3103 1247/9308/3103 1728/9309/3103
f 1728/9310/3104 1254/9311/3104 1256/9312/3104
f 1252/9313/3105 1254/9314/3105 1728/9315/3105
f 1258/9316/3106 1728/9317/3106 1256/9318/3106
f 1261/9319/3107 943/9320/3107 1728/9321/3107
f 1258/9322/3108 1261/9323/3108 1728/9324/3108
f 1730/9325/3109 1729/9326/3109 844/9327/3109
f 842/9328/3110 1730/9329/3110 844/9330/3110
f 1731/9331/3111 1730/9332/3111 842/9333/3111
f 1732/9334/3112 1731/9335/3112 842/9336/3112
f 841/9337/3113 1732/9338/3113 842/9339/3113
f 1733/9340/3114 1732/9341/3114 841/9342/3114
f 840/9343/3115 1733/9344/3115 841/9345/3115
f 1734/9346/3116 1733/9347/3116 840/9348/3116
f 839/9349/3117 1734/9350/3117 840/9351/3117
f 1735/9352/3118 1734/9353/3118 839/9354/3118
f 837/9355/3119 1735/9356/3119 839/9357/3119
f 1736/9358/3120 1735/9359/3120 837/9360/3120
f 1736/9361/3121 837/9362/3121 852/9363/3121
f 835/9364/3122 1736/9365/3122 852/9366/3122
f 1737/9367/3123 1736/9368/3123 835/9369/3123
f 834/9370/3124 1737/9371/3124 835/9372/3124
f 1738/9373/3125 1737/9374/3125 834/9375/3125
f 833/9376/3126 1738/9377/3126 834/9378/3126
f 1739/9379/3127 1738/9380/3127 833/9381/3127
f 1740/9382/3128 1739/9383/3128 833/9384/3128
f 851/9385/3129 1740/9386/3129 833/9387/3129
f 1741/9388/3130 1740/9389/3130 851/9390/3130
f 849/9391/3131 1741/9392/3131 851/9393/3131
f 1742/9394/3132 1741/9395/3132 849/9396/3132
f 848/9397/3133 1742/9398/3133 849/9399/3133
f 1743/9400/3134 1742/9401/3134 848/9402/3134
f 854/9403/3135 1743/9404/3135 848/9405/3135
f 1744/9406/3136 1743/9407/3136 854/9408/3136
f 853/9409/3137 1744/9410/3137 854/9411/3137
f 1745/9412/3138 1744/9413/3138 853/9414/3138
f 857/9415/3139 1745/9416/3139 853/9417/3139
f 1746/9418/3140 1745/9419/3140 857/9420/3140
f 856/9421/3141 1746/9422/3141 857/9423/3141
f 1747/9424/3142 1746/9425/3142 856/9426/3142
f 861/9427/3143 1747/9428/3143 856/9429/3143
f 1748/9430/3144 1747/9431/3144 861/9432/3144
f 863/9433/3145 1748/9434/3145 861/9435/3145
f 1749/9436/3146 1748/9437/3146 863/9438/3146
f 864/9439/3147 1749/9440/3147 863/9441/3147
f 1750/9442/3148 1749/9443/3148 864/9444/3148
f 865/9445/3149 1750/9446/3149 864/9447/3149
f 1751/9448/3150 1750/9449/3150 865/9450/3150
f 1752/9451/3151 1751/9452/3151 865/9453/3151
f 866/9454/3152 1752/9455/3152 865/9456/3152
f 1753/9457/3153 1752/9458/3153 866/9459/3153
f 868/9460/3154 1753/9461/3154 866/9462/3154
f 1754/9463/3155 1753/9464/3155 868/9465/3155
f 1754/9466/3156 868/9467/3156 869/9468/3156
f 877/9469/3157 1754/9470/3157 869/9471/3157
f 1755/9472/3158 1754/9473/3158 877/9474/3158
f 876/9475/3159 1755/9476/3159 877/9477/3159
f 1756/9478/3160 1755/9479/3160 876/9480/3160
f 874/9481/3161 1756/9482/3161 876/9483/3161
f 1757/9484/3162 1756/9485/3162 874/9486/3162
f 873/9487/3163 1757/9488/3163 874/9489/3163
f 1758/9490/3164 1757/9491/3164 873/9492/3164
f 872/9493/3165 1758/9494/3165 873/9495/3165
f 1759/9496/3166 1758/9497/3166 872/9498/3166
f 871/9499/3167 1759/9500/3167 872/9501/3167
f 1760/9502/3168 1759/9503/3168 871/9504/3168
f 878/9505/3169 1760/9506/3169 871/9507/3169
f 1761/9508/3170 1760/9509/3170 878/9510/3170
f 879/9511/3171 1761/9512/3171 878/9513/3171
f 1762/9514/3172 1761/9515/3172 879/9516/3172
f 880/9517/3173 1762/9518/3173 879/9519/3173
f 1763/9520/3174 1762/9521/3174 880/9522/3174
f 1763/9523/3175 880/9524/3175 882/9525/3175
f 883/9526/3176 1763/9527/3176 882/9528/3176
f 1764/9529/3177 1763/9530/3177 883/9531/3177
f 885/9532/3178 1764/9533/3178 883/9534/3178
f 1765/9535/3179 1764/9536/3179 885/9537/3179
f 887/9538/3180 1765/9539/3180 885/9540/3180
f 1766/9541/3181 1765/9542/3181 887/9543/3181
f 891/9544/3182 1766/9545/3182 887/9546/3182
f 1767/9547/3183 1766/9548/3183 891/9549/3183
f 892/9550/3184 1767/9551/3184 891/9552/3184
f 1768/9553/3185 1767/9554/3185 892/9555/3185
f 893/9556/3186 1768/9557/3186 892/9558/3186
f 1769/9559/3187 1768/9560/3187 893/9561/3187
f 1770/9562/3188 1769/9563/3188 893/9564/3188
f 894/9565/3189 1770/9566/3189 893/9567/3189
f 1771/9568/3190 1770/9569/3190 894/9570/3190
f 890/9571/3191 1771/9572/3191 894/9573/3191
f 1772/9574/3192 1771/9575/3192 890/9576/3192
f 889/9577/3193 1772/9578/3193 890/9579/3193
f 1773/9580/3194 1772/9581/3194 889/9582/3194
f 895/9583/3195 1773/9584/3195 889/9585/3195
f 1774/9586/3196 1773/9587/3196 895/9588/3196
f 897/9589/3197 1774/9590/3197 895/9591/3197
f 1775/9592/3198 1774/9593/3198 897/9594/3198
f 1775/9595/3199 897/9596/3199 902/9597/3199
f 832/9598/3200 1775/9599/3200 902/9600/3200
f 1776/9601/3201 1775/9602/3201 832/9603/3201
f 831/9604/3202 1776/9605/3202 832/9606/3202
f 1777/9607/3203 1776/9608/3203 831/9609/3203
f 1778/9610/3204 1777/9611/3204 831/9612/3204
f 830/9613/3205 1778/9614/3205 831/9615/3205
f 1779/9616/3206 1778/9617/3206 830/9618/3206
f 899/9619/3207 1779/9620/3207 830/9621/3207
f 1780/9622/3208 1779/9623/3208 899/9624/3208
f 898/9625/3209 1780/9626/3209 899/9627/3209
f 1781/9628/3210 1780/9629/3210 898/9630/3210
f 901/9631/3211 1781/9632/3211 898/9633/3211
f 1782/9634/3212 1781/9635/3212 901/9636/3212
f 910/9637/3213 1782/9638/3213 901/9639/3213
f 1783/9640/3214 1782/9641/3214 910/9642/3214
f 912/9643/3215 1783/9644/3215 910/9645/3215
f 1784/9646/3216 1783/9647/3216 912/9648/3216
f 915/9649/3217 1784/9650/3217 912/9651/3217
f 1785/9652/3218 1784/9653/3218 915/9654/3218
f 914/9655/3219 1785/9656/3219 915/9657/3219
f 1786/9658/3220 1785/9659/3220 914/9660/3220
f 917/9661/3221 1786/9662/3221 914/9663/3221
f 1787/9664/3222 1786/9665/3222 917/9666/3222
f 916/9667/3223 1787/9668/3223 917/9669/3223
f 1788/9670/3224 1787/9671/3224 916/9672/3224
f 906/9673/3225 1788/9674/3225 916/9675/3225
f 1789/9676/3226 1788/9677/3226 906/9678/3226
f 528/9679/3227 524/9680/3227 526/9681/3227
f 1012/9682/3228 844/9683/3228 1729/9684/3228
f 1790/9685/3229 1012/9686/3229 1729/9687/3229
f 1013/9688/3230 1012/9689/3230 1790/9690/3230
f 1791/9691/3231 1013/9692/3231 1790/9693/3231
f 1792/9694/3232 601/9695/3232 544/9696/3232
f 542/9697/3233 1792/9698/3233 544/9699/3233
f 1792/9700/3234 542/9701/3234 497/9702/3234
f 642/9703/3235 1792/9704/3235 497/9705/3235
f 1793/9706/3236 1792/9707/3236 642/9708/3236
f 1090/9709/3237 1793/9710/3237 642/9711/3237
f 1791/9712/3238 1793/9713/3238 1090/9714/3238
f 1091/9715/3239 1791/9716/3239 1090/9717/3239
f 1013/9718/3240 1791/9719/3240 1091/9720/3240
f 1792/9721/3241 1538/9722/3241 1162/9723/3241
f 524/9724/3242 1792/9725/3242 1162/9726/3242
f 541/9727/3243 601/9728/3243 1792/9729/3243
f 536/9730/3244 541/9731/3244 1792/9732/3244
f 535/9733/3245 541/9734/3245 536/9735/3245
f 1792/9736/3246 524/9737/3246 528/9738/3246
f 531/9739/3247 1792/9740/3247 528/9741/3247
f 530/9742/3248 1792/9743/3248 531/9744/3248
f 539/9745/3249 538/9746/3249 536/9747/3249
f 1792/9748/3250 539/9749/3250 536/9750/3250
f 533/9751/3251 539/9752/3251 1792/9753/3251
f 530/9754/3252 533/9755/3252 1792/9756/3252
f 534/9757/3253 533/9758/3253 530/9759/3253
f 144/9760/3254 137/9761/3254 142/9762/3254
f 144/9763/3255 145/9764/3255 147/9765/3255
f 1537/9766/3256 144/9767/3256 147/9768/3256
f 137/9769/3257 144/9770/3257 1537/9771/3257
f 138/9772/3258 137/9773/3258 1537/9774/3258
f 130/9775/3259 131/9776/3259 133/9777/3259
f 1794/9778/3260 130/9779/3260 133/9780/3260
f 1537/9781/3261 147/9782/3261 149/9783/3261
f 148/9784/3262 1537/9785/3262 149/9786/3262
f 152/9787/3263 1537/9788/3263 148/9789/3263
f 93/9790/3264 92/9791/3264 1537/9792/3264
f 152/9793/3265 93/9794/3265 1537/9795/3265
f 150/9796/3266 93/9797/3266 152/9798/3266
f 151/9799/3267 150/9800/3267 152/9801/3267
f 127/9802/3268 128/9803/3268 130/9804/3268
f 1794/9805/3269 127/9806/3269 130/9807/3269
f 126/9808/3270 127/9809/3270 1794/9810/3270
f 1795/9811/3271 126/9812/3271 1794/9813/3271
f 752/9814/3272 126/9815/3272 1795/9816/3272
f 1796/9817/3273 752/9818/3273 1795/9819/3273
f 751/9820/3274 752/9821/3274 1796/9822/3274
f 1797/9823/3275 751/9824/3275 1796/9825/3275
f 747/9826/3276 751/9827/3276 1797/9828/3276
f 1798/9829/3277 747/9830/3277 1797/9831/3277
f 748/9832/3278 747/9833/3278 1798/9834/3278
f 1799/9835/3279 748/9836/3279 1798/9837/3279
f 141/9838/3280 140/9839/3280 138/9840/3280
f 1537/9841/3281 141/9842/3281 138/9843/3281
f 135/9844/3282 141/9845/3282 1537/9846/3282
f 1794/9847/3283 135/9848/3283 1537/9849/3283
f 136/9850/3284 135/9851/3284 1794/9852/3284
f 133/9853/3285 136/9854/3285 1794/9855/3285
f 687/9856/3286 1800/9857/3286 1801/9858/3286
f 1800/9859/3287 687/9860/3287 684/9861/3287
f 682/9862/3288 1800/9863/3288 684/9864/3288
f 1802/9865/3289 1800/9866/3289 682/9867/3289
f 681/9868/3290 1802/9869/3290 682/9870/3290
f 1803/9871/3291 1802/9872/3291 681/9873/3291
f 697/9874/3292 1803/9875/3292 681/9876/3292
f 1804/9877/3293 1803/9878/3293 697/9879/3293
f 696/9880/3294 1804/9881/3294 697/9882/3294
f 1805/9883/3295 1804/9884/3295 696/9885/3295
f 695/9886/3296 1805/9887/3296 696/9888/3296
f 1806/9889/3297 1805/9890/3297 695/9891/3297
f 694/9892/3298 1806/9893/3298 695/9894/3298
f 1807/9895/3299 1806/9896/3299 694/9897/3299
f 693/9898/3300 1807/9899/3300 694/9900/3300
f 1808/9901/3301 1807/9902/3301 693/9903/3301
f 692/9904/3302 1808/9905/3302 693/9906/3302
f 689/9907/3303 1809/9908/3303 1810/9909/3303
f 1811/9910/3304 689/9911/3304 1810/9912/3304
f 690/9913/3305 689/9914/3305 1811/9915/3305
f 1812/9916/3306 690/9917/3306 1811/9918/3306
f 691/9919/3307 690/9920/3307 1812/9921/3307
f 1813/9922/3308 691/9923/3308 1812/9924/3308
f 692/9925/3309 691/9926/3309 1813/9927/3309
f 1814/9928/3310 692/9929/3310 1813/9930/3310
f 1808/9931/3311 692/9932/3311 1814/9933/3311
f 1809/9934/3312 689/9935/3312 688/9936/3312
f 700/9937/3313 1809/9938/3313 688/9939/3313
f 1815/9940/3314 1809/9941/3314 700/9942/3314
f 1815/9943/3315 700/9944/3315 699/9945/3315
f 698/9946/3316 1815/9947/3316 699/9948/3316
f 1816/9949/3317 1815/9950/3317 698/9951/3317
f 710/9952/3318 1816/9953/3318 698/9954/3318
f 1817/9955/3319 1816/9956/3319 710/9957/3319
f 709/9958/3320 1817/9959/3320 710/9960/3320
f 1818/9961/3321 1817/9962/3321 709/9963/3321
f 708/9964/3322 1818/9965/3322 709/9966/3322
f 1819/9967/3323 1818/9968/3323 708/9969/3323
f 707/9970/3324 1819/9971/3324 708/9972/3324
f 1820/9973/3325 1819/9974/3325 707/9975/3325
f 706/9976/3326 1820/9977/3326 707/9978/3326
f 1821/9979/3327 1820/9980/3327 706/9981/3327
f 702/9982/3328 1821/9983/3328 706/9984/3328
f 1822/9985/3329 1821/9986/3329 702/9987/3329
f 701/9988/3330 1822/9989/3330 702/9990/3330
f 1823/9991/3331 1822/9992/3331 701/9993/3331
f 1824/9994/3332 1823/9995/3332 701/9996/3332
f 705/9997/3333 1824/9998/3333 701/9999/3333
f 1825/10000/3334 1824/10001/3334 705/10002/3334
f 704/10003/3335 1825/10004/3335 705/10005/3335
f 1826/10006/3336 1825/10007/3336 704/10008/3336
f 1826/10009/3337 704/10010/3337 703/10011/3337
f 722/10012/3338 1826/10013/3338 703/10014/3338
f 1827/10015/3339 1826/10016/3339 722/10017/3339
f 721/10018/3340 1827/10019/3340 722/10020/3340
f 1828/10021/3341 1827/10022/3341 721/10023/3341
f 720/10024/3342 1828/10025/3342 721/10026/3342
f 1829/10027/3343 1828/10028/3343 720/10029/3343
f 719/10030/3344 1829/10031/3344 720/10032/3344
f 1830/10033/3345 1829/10034/3345 719/10035/3345
f 718/10036/3346 1830/10037/3346 719/10038/3346
f 1831/10039/3347 1830/10040/3347 718/10041/3347
f 715/10042/3348 1831/10043/3348 718/10044/3348
f 1832/10045/3349 1831/10046/3349 715/10047/3349
f 716/10048/3350 1832/10049/3350 715/10050/3350
f 1833/10051/3351 1832/10052/3351 716/10053/3351
f 1834/10054/3352 1833/10055/3352 716/10056/3352
f 717/10057/3353 1834/10058/3353 716/10059/3353
f 1835/10060/3354 1834/10061/3354 717/10062/3354
f 714/10063/3355 1835/10064/3355 717/10065/3355
f 1836/10066/3356 1835/10067/3356 714/10068/3356
f 713/10069/3357 1836/10070/3357 714/10071/3357
f 1837/10072/3358 1836/10073/3358 713/10074/3358
f 712/10075/3359 1837/10076/3359 713/10077/3359
f 1838/10078/3360 1837/10079/3360 712/10080/3360
f 711/10081/3361 1838/10082/3361 712/10083/3361
f 1839/10084/3362 1838/10085/3362 711/10086/3362
f 730/10087/3363 1839/10088/3363 711/10089/3363
f 1840/10090/3364 1839/10091/3364 730/10092/3364
f 729/10093/3365 1840/10094/3365 730/10095/3365
f 1841/10096/3366 1840/10097/3366 729/10098/3366
f 728/10099/3367 1841/10100/3367 729/10101/3367
f 1842/10102/3368 1841/10103/3368 728/10104/3368
f 727/10105/3369 1842/10106/3369 728/10107/3369
f 1843/10108/3370 1842/10109/3370 727/10110/3370
f 1844/10111/3371 1843/10112/3371 727/10113/3371
f 726/10114/3372 1844/10115/3372 727/10116/3372
f 1845/10117/3373 1844/10118/3373 726/10119/3373
f 725/10120/3374 1845/10121/3374 726/10122/3374
f 1846/10123/3375 1845/10124/3375 725/10125/3375
f 724/10126/3376 1846/10127/3376 725/10128/3376
f 1847/10129/3377 1846/10130/3377 724/10131/3377
f 1847/10132/3378 724/10133/3378 723/10134/3378
f 735/10135/3379 1847/10136/3379 723/10137/3379
f 1848/10138/3380 1847/10139/3380 735/10140/3380
f 734/10141/3381 1848/10142/3381 735/10143/3381
f 1849/10144/3382 1848/10145/3382 734/10146/3382
f 1849/10147/3383 734/10148/3383 733/10149/3383
f 732/10150/3384 1849/10151/3384 733/10152/3384
f 1850/10153/3385 1849/10154/3385 732/10155/3385
f 731/10156/3386 1850/10157/3386 732/10158/3386
f 1851/10159/3387 1850/10160/3387 731/10161/3387
f 746/10162/3388 1851/10163/3388 731/10164/3388
f 1852/10165/3389 1851/10166/3389 746/10167/3389
f 745/10168/3390 1852/10169/3390 746/10170/3390
f 1853/10171/3391 1852/10172/3391 745/10173/3391
f 1854/10174/3392 1853/10175/3392 745/10176/3392
f 744/10177/3393 1854/10178/3393 745/10179/3393
f 1855/10180/3394 1854/10181/3394 744/10182/3394
f 743/10183/3395 1855/10184/3395 744/10185/3395
f 1856/10186/3396 1855/10187/3396 743/10188/3396
f 1857/10189/3397 1856/10190/3397 743/10191/3397
f 742/10192/3398 1857/10193/3398 743/10194/3398
f 1858/10195/3399 1857/10196/3399 742/10197/3399
f 741/10198/3400 1858/10199/3400 742/10200/3400
f 1859/10201/3401 1858/10202/3401 741/10203/3401
f 740/10204/3402 1859/10205/3402 741/10206/3402
f 1860/10207/3403 1859/10208/3403 740/10209/3403
f 739/10210/3404 1860/10211/3404 740/10212/3404
f 1861/10213/3405 1860/10214/3405 739/10215/3405
f 738/10216/3406 1861/10217/3406 739/10218/3406
f 1862/10219/3407 1861/10220/3407 738/10221/3407
f 750/10222/3408 748/10223/3408 1799/10224/3408
f 1863/10225/3409 750/10226/3409 1799/10227/3409
f 736/10228/3410 750/10229/3410 1863/10230/3410
f 1862/10231/3411 736/10232/3411 1863/10233/3411
f 737/10234/3412 736/10235/3412 1862/10236/3412
f 738/10237/3413 737/10238/3413 1862/10239/3413
f 686/10240/3414 687/10241/3414 1801/10242/3414
f 1864/10243/3415 686/10244/3415 1801/10245/3415
f 685/10246/3416 686/10247/3416 1864/10248/3416
f 1865/10249/3417 685/10250/3417 1864/10251/3417
f 680/10252/3418 685/10253/3418 1865/10254/3418
f 155/10255/3419 1/10256/3419 153/10257/3419
f 1866/10258/3420 1/10259/3420 155/10260/3420
f 2/10261/3421 1/10262/3421 1866/10263/3421
f 1539/10264/3422 2/10265/3422 1866/10266/3422
f 167/10267/3423 166/10268/3423 1866/10269/3423
f 165/10270/3424 167/10271/3424 1866/10272/3424
f 169/10273/3425 167/10274/3425 165/10275/3425
f 1866/10276/3426 155/10277/3426 159/10278/3426
f 157/10279/3427 1866/10280/3427 159/10281/3427
f 156/10282/3428 1866/10283/3428 157/10284/3428
f 122/10285/3429 121/10286/3429 119/10287/3429
f 1866/10288/3430 122/10289/3430 119/10290/3430
f 192/10291/3431 122/10292/3431 1866/10293/3431
f 166/10294/3432 192/10295/3432 1866/10296/3432
f 680/10297/3433 1865/10298/3433 1867/10299/3433
f 1868/10300/3434 680/10301/3434 1867/10302/3434
f 408/10303/3435 680/10304/3435 1868/10305/3435
f 1866/10306/3436 408/10307/3436 1868/10308/3436
f 118/10309/3437 408/10310/3437 1866/10311/3437
f 119/10312/3438 118/10313/3438 1866/10314/3438
f 162/10315/3439 164/10316/3439 165/10317/3439
f 1866/10318/3440 162/10319/3440 165/10320/3440
f 161/10321/3441 162/10322/3441 1866/10323/3441
f 156/10324/3442 161/10325/3442 1866/10326/3442
f 1239/10327/3443 1271/10328/3443 1270/10329/3443
f 906/10330/3444 1869/10331/3444 1789/10332/3444
f 1239/10333/3445 1238/10334/3445 1276/10335/3445
f 1540/10336/3446 1239/10337/3446 1276/10338/3446
f 1271/10339/3447 1239/10340/3447 1540/10341/3447
f 1272/10342/3448 1271/10343/3448 1540/10344/3448
f 1540/10345/3449 1276/10346/3449 1275/10347/3449
f 1274/10348/3450 1540/10349/3450 1275/10350/3450
f 1237/10351/3451 1540/10352/3451 1274/10353/3451
f 1232/10354/3452 1231/10355/3452 1540/10356/3452
f 1237/10357/3453 1232/10358/3453 1540/10359/3453
f 1277/10360/3454 1232/10361/3454 1237/10362/3454
f 1236/10363/3455 1277/10364/3455 1237/10365/3455
f 1871/10366/3456 1870/10367/3456 920/10368/3456
f 921/10369/3457 1871/10370/3457 920/10371/3457
f 1872/10372/3458 1871/10373/3458 921/10374/3458
f 1872/10375/3459 921/10376/3459 1264/10377/3459
f 1263/10378/3460 1872/10379/3460 1264/10380/3460
f 1245/10381/3461 1872/10382/3461 1263/10383/3461
f 1242/10384/3462 1241/10385/3462 1272/10386/3462
f 1540/10387/3463 1242/10388/3463 1272/10389/3463
f 1266/10390/3464 1242/10391/3464 1540/10392/3464
f 1872/10393/3465 1266/10394/3465 1540/10395/3465
f 1267/10396/3466 1266/10397/3466 1872/10398/3466
f 1245/10399/3467 1267/10400/3467 1872/10401/3467
f 1268/10402/3468 1267/10403/3468 1245/10404/3468
f 1244/10405/3469 1268/10406/3469 1245/10407/3469
f 1869/10408/3470 906/10409/3470 904/10410/3470
f 903/10411/3471 1869/10412/3471 904/10413/3471
f 1870/10414/3472 1869/10415/3472 903/10416/3472
f 1005/10417/3473 1870/10418/3473 903/10419/3473
f 920/10420/3474 1870/10421/3474 1005/10422/3474
f 1798/10423/3475 1797/10424/3475 1873/10425/3475
f 1799/10426/3476 1798/10427/3476 1873/10428/3476
f 1872/10429/3477 1866/10430/3477 1868/10431/3477
f 1871/10432/3478 1872/10433/3478 1868/10434/3478
f 1870/10435/3479 1871/10436/3479 1868/10437/3479
f 1867/10438/3480 1870/10439/3480 1868/10440/3480
f 1865/10441/3481 1870/10442/3481 1867/10443/3481
f 1869/10444/3482 1874/10445/3482 1788/10446/3482
f 1789/10447/3483 1869/10448/3483 1788/10449/3483
f 1777/10450/3484 1875/10451/3484 1776/10452/3484
f 1875/10453/3485 1777/10454/3485 1778/10455/3485
f 1779/10456/3486 1875/10457/3486 1778/10458/3486
f 1780/10459/3487 1875/10460/3487 1779/10461/3487
f 1818/10462/3488 1770/10463/3488 1771/10464/3488
f 1817/10465/3489 1818/10466/3489 1771/10467/3489
f 1772/10468/3490 1817/10469/3490 1771/10470/3490
f 1816/10471/3491 1817/10472/3491 1772/10473/3491
f 1773/10474/3492 1816/10475/3492 1772/10476/3492
f 1815/10477/3493 1816/10478/3493 1773/10479/3493
f 1774/10480/3494 1815/10481/3494 1773/10482/3494
f 1809/10483/3495 1815/10484/3495 1774/10485/3495
f 1775/10486/3496 1809/10487/3496 1774/10488/3496
f 1810/10489/3497 1809/10490/3497 1775/10491/3497
f 1776/10492/3498 1810/10493/3498 1775/10494/3498
f 1811/10495/3499 1810/10496/3499 1776/10497/3499
f 1875/10498/3500 1811/10499/3500 1776/10500/3500
f 1812/10501/3501 1811/10502/3501 1875/10503/3501
f 1770/10504/3502 1818/10505/3502 1819/10506/3502
f 1820/10507/3503 1770/10508/3503 1819/10509/3503
f 1769/10510/3504 1770/10511/3504 1820/10512/3504
f 1821/10513/3505 1769/10514/3505 1820/10515/3505
f 1768/10516/3506 1769/10517/3506 1821/10518/3506
f 1822/10519/3507 1768/10520/3507 1821/10521/3507
f 1767/10522/3508 1768/10523/3508 1822/10524/3508
f 1823/10525/3509 1767/10526/3509 1822/10527/3509
f 1766/10528/3510 1767/10529/3510 1823/10530/3510
f 1824/10531/3511 1766/10532/3511 1823/10533/3511
f 1765/10534/3512 1766/10535/3512 1824/10536/3512
f 1825/10537/3513 1765/10538/3513 1824/10539/3513
f 1764/10540/3514 1765/10541/3514 1825/10542/3514
f 1826/10543/3515 1764/10544/3515 1825/10545/3515
f 1763/10546/3516 1764/10547/3516 1826/10548/3516
f 1827/10549/3517 1763/10550/3517 1826/10551/3517
f 1762/10552/3518 1763/10553/3518 1827/10554/3518
f 1762/10555/3519 1827/10556/3519 1828/10557/3519
f 1829/10558/3520 1762/10559/3520 1828/10560/3520
f 1761/10561/3521 1762/10562/3521 1829/10563/3521
f 1830/10564/3522 1761/10565/3522 1829/10566/3522
f 1760/10567/3523 1761/10568/3523 1830/10569/3523
f 1831/10570/3524 1760/10571/3524 1830/10572/3524
f 1759/10573/3525 1760/10574/3525 1831/10575/3525
f 1832/10576/3526 1759/10577/3526 1831/10578/3526
f 1833/10579/3527 1759/10580/3527 1832/10581/3527
f 1758/10582/3528 1759/10583/3528 1833/10584/3528
f 1834/10585/3529 1758/10586/3529 1833/10587/3529
f 1757/10588/3530 1758/10589/3530 1834/10590/3530
f 1835/10591/3531 1757/10592/3531 1834/10593/3531
f 1756/10594/3532 1757/10595/3532 1835/10596/3532
f 1756/10597/3533 1835/10598/3533 1836/10599/3533
f 1837/10600/3534 1756/10601/3534 1836/10602/3534
f 1755/10603/3535 1756/10604/3535 1837/10605/3535
f 1838/10606/3536 1755/10607/3536 1837/10608/3536
f 1754/10609/3537 1755/10610/3537 1838/10611/3537
f 1839/10612/3538 1754/10613/3538 1838/10614/3538
f 1753/10615/3539 1754/10616/3539 1839/10617/3539
f 1840/10618/3540 1753/10619/3540 1839/10620/3540
f 1752/10621/3541 1753/10622/3541 1840/10623/3541
f 1841/10624/3542 1752/10625/3542 1840/10626/3542
f 1751/10627/3543 1752/10628/3543 1841/10629/3543
f 1842/10630/3544 1751/10631/3544 1841/10632/3544
f 1750/10633/3545 1751/10634/3545 1842/10635/3545
f 1843/10636/3546 1750/10637/3546 1842/10638/3546
f 1749/10639/3547 1750/10640/3547 1843/10641/3547
f 1844/10642/3548 1749/10643/3548 1843/10644/3548
f 1748/10645/3549 1749/10646/3549 1844/10647/3549
f 1845/10648/3550 1748/10649/3550 1844/10650/3550
f 1747/10651/3551 1748/10652/3551 1845/10653/3551
f 1846/10654/3552 1747/10655/3552 1845/10656/3552
f 1746/10657/3553 1747/10658/3553 1846/10659/3553
f 1739/10660/3554 1876/10661/3554 1738/10662/3554
f 1876/10663/3555 1739/10664/3555 1740/10665/3555
f 1741/10666/3556 1876/10667/3556 1740/10668/3556
f 1742/10669/3557 1876/10670/3557 1741/10671/3557
f 1730/10672/3558 1790/10673/3558 1729/10674/3558
f 1793/10675/3559 1795/10676/3559 1794/10677/3559
f 1792/10678/3560 1793/10679/3560 1794/10680/3560
f 1746/10681/3561 1846/10682/3561 1847/10683/3561
f 1848/10684/3562 1746/10685/3562 1847/10686/3562
f 1745/10687/3563 1746/10688/3563 1848/10689/3563
f 1849/10690/3564 1745/10691/3564 1848/10692/3564
f 1744/10693/3565 1745/10694/3565 1849/10695/3565
f 1850/10696/3566 1744/10697/3566 1849/10698/3566
f 1743/10699/3567 1744/10700/3567 1850/10701/3567
f 1851/10702/3568 1743/10703/3568 1850/10704/3568
f 1742/10705/3569 1743/10706/3569 1851/10707/3569
f 1852/10708/3570 1742/10709/3570 1851/10710/3570
f 1876/10711/3571 1742/10712/3571 1852/10713/3571
f 1853/10714/3572 1876/10715/3572 1852/10716/3572
f 1796/10717/3573 1795/10718/3573 1793/10719/3573
f 1791/10720/3574 1796/10721/3574 1793/10722/3574
f 1797/10723/3575 1796/10724/3575 1791/10725/3575
f 1790/10726/3576 1797/10727/3576 1791/10728/3576
f 1873/10729/3577 1797/10730/3577 1790/10731/3577
f 1730/10732/3578 1873/10733/3578 1790/10734/3578
f 1799/10735/3579 1873/10736/3579 1730/10737/3579
f 1731/10738/3580 1799/10739/3580 1730/10740/3580
f 1863/10741/3581 1799/10742/3581 1731/10743/3581
f 1732/10744/3582 1863/10745/3582 1731/10746/3582
f 1862/10747/3583 1863/10748/3583 1732/10749/3583
f 1733/10750/3584 1862/10751/3584 1732/10752/3584
f 1861/10753/3585 1862/10754/3585 1733/10755/3585
f 1734/10756/3586 1861/10757/3586 1733/10758/3586
f 1860/10759/3587 1861/10760/3587 1734/10761/3587
f 1735/10762/3588 1860/10763/3588 1734/10764/3588
f 1859/10765/3589 1860/10766/3589 1735/10767/3589
f 1736/10768/3590 1859/10769/3590 1735/10770/3590
f 1858/10771/3591 1859/10772/3591 1736/10773/3591
f 1737/10774/3592 1858/10775/3592 1736/10776/3592
f 1857/10777/3593 1858/10778/3593 1737/10779/3593
f 1738/10780/3594 1857/10781/3594 1737/10782/3594
f 1856/10783/3595 1857/10784/3595 1738/10785/3595
f 1876/10786/3596 1856/10787/3596 1738/10788/3596
f 1855/10789/3597 1856/10790/3597 1876/10791/3597
f 1853/10792/3598 1855/10793/3598 1876/10794/3598
f 1854/10795/3599 1855/10796/3599 1853/10797/3599
f 1814/10798/3600 1813/10799/3600 1812/10800/3600
f 1875/10801/3601 1814/10802/3601 1812/10803/3601
f 1808/10804/3602 1814/10805/3602 1875/10806/3602
f 1780/10807/3603 1808/10808/3603 1875/10809/3603
f 1807/10810/3604 1808/10811/3604 1780/10812/3604
f 1781/10813/3605 1807/10814/3605 1780/10815/3605
f 1806/10816/3606 1807/10817/3606 1781/10818/3606
f 1782/10819/3607 1806/10820/3607 1781/10821/3607
f 1805/10822/3608 1806/10823/3608 1782/10824/3608
f 1783/10825/3609 1805/10826/3609 1782/10827/3609
f 1804/10828/3610 1805/10829/3610 1783/10830/3610
f 1784/10831/3611 1804/10832/3611 1783/10833/3611
f 1803/10834/3612 1804/10835/3612 1784/10836/3612
f 1785/10837/3613 1803/10838/3613 1784/10839/3613
f 1802/10840/3614 1803/10841/3614 1785/10842/3614
f 1786/10843/3615 1802/10844/3615 1785/10845/3615
f 1800/10846/3616 1802/10847/3616 1786/10848/3616
f 1787/10849/3617 1800/10850/3617 1786/10851/3617
f 1801/10852/3618 1800/10853/3618 1787/10854/3618
f 1788/10855/3619 1801/10856/3619 1787/10857/3619
f 1864/10858/3620 1801/10859/3620 1788/10860/3620
f 1874/10861/3621 1864/10862/3621 1788/10863/3621
f 1865/10864/3622 1864/10865/3622 1874/10866/3622
f 1869/10867/3623 1865/10868/3623 1874/10869/3623
f 1870/10870/3624 1865/10871/3624 1869/10872/3624
f 1794/10873/3625 1537/10874/3625 1538/10875/3625
f 1792/10876/3626 1794/10877/3626 1538/10878/3626
f 1872/10879/3627 1540/10880/3627 1539/10881/3627
f 1866/10882/3628 1872/10883/3628 1539/10884/3628
f 1195/10885/3629 1193/10886/3629 1536/10887/3629
f 1197/10888/3630 1195/10889/3630 1536/10890/3630
f 1199/10891/3631 1197/10892/3631 1536/10893/3631
f 1525/10894/3632 1508/10895/3632 1509/10896/3632
f 1508/10897/3633 1525/10898/3633 1526/10899/3633
f 1527/10900/3634 1509/10901/3634 1510/10902/3634
f 1509/10903/3635 1527/10904/3635 1525/10905/3635
f 1124/10906/3636 1107/10907/3636 1496/10908/3636
f 1877/10909/3637 1122/10910/3637 1124/10911/3637
f 1497/10912/3638 1122/10913/3638 1877/10914/3638
f 1124/10915/3639 1496/10916/3639 1878/10917/3639
f 1124/10918/3640 1878/10919/3640 1877/10920/3640
f 1510/10921/3641 1501/10922/3641 1502/10923/3641
f 1510/10924/3642 1502/10925/3642 1503/10926/3642
f 1503/10927/3643 1500/10928/3643 1510/10929/3643
f 1527/10930/3644 1500/10931/3644 1524/10932/3644
f 1510/10933/3645 1500/10934/3645 1527/10935/3645
f 1498/10936/3646 1497/10937/3646 1524/10938/3646
f 1524/10939/3647 1497/10940/3647 1877/10941/3647
f 1878/10942/3648 1524/10943/3648 1877/10944/3648
f 1878/10945/3649 1496/10946/3649 1524/10947/3649
f 1493/10948/3650 1492/10949/3650 1524/10950/3650
f 1494/10951/3651 1493/10952/3651 1524/10953/3651
f 1495/10954/3652 1494/10955/3652 1524/10956/3652
f 1496/10957/3653 1495/10958/3653 1524/10959/3653
f 1527/10960/3654 1490/10961/3654 1518/10962/3654
f 1491/10963/3655 1490/10964/3655 1527/10965/3655
f 1492/10966/3656 1491/10967/3656 1527/10968/3656
f 1524/10969/3657 1492/10970/3657 1527/10971/3657
f 1525/10972/3658 1518/10973/3658 1516/10974/3658
f 1518/10975/3659 1525/10976/3659 1527/10977/3659
f 1516/10978/3660 1526/10979/3660 1525/10980/3660
f 1526/10981/3661 1516/10982/3661 1515/10983/3661
f 1514/10984/3662 1533/10985/3662 1534/10986/3662
f 1533/10987/3663 1514/10988/3663 1517/10989/3663
f 1504/10990/3664 1530/10991/3664 1505/10992/3664
f 1530/10993/3665 1504/10994/3665 1535/10995/3665
f 1520/10996/3666 1879/10997/3666 1521/10998/3666
f 1520/10999/3667 1606/11000/3667 1879/11001/3667
f 1521/11002/3668 1879/11003/3668 1607/11004/3668
f 1608/11005/3669 1607/11006/3669 1879/11007/3669
f 1609/11008/3670 1608/11009/3670 1879/11010/3670
f 1610/11011/3671 1609/11012/3671 1879/11013/3671
f 1612/11014/3672 1611/11015/3672 1879/11016/3672
f 1613/11017/3673 1612/11018/3673 1879/11019/3673
f 1611/11020/3674 1610/11021/3674 1879/11022/3674
f 1614/11023/3675 1613/11024/3675 1879/11025/3675
f 1615/11026/3676 1614/11027/3676 1879/11028/3676
f 1616/11029/3677 1615/11030/3677 1879/11031/3677
f 1617/11032/3678 1616/11033/3678 1879/11034/3678
f 1618/11035/3679 1617/11036/3679 1879/11037/3679
f 1619/11038/3680 1618/11039/3680 1879/11040/3680
f 1620/11041/3681 1619/11042/3681 1879/11043/3681
f 1621/11044/3682 1620/11045/3682 1879/11046/3682
f 1622/11047/3683 1621/11048/3683 1879/11049/3683
f 1623/11050/3684 1622/11051/3684 1879/11052/3684
f 1624/11053/3685 1623/11054/3685 1879/11055/3685
f 1625/11056/3686 1624/11057/3686 1879/11058/3686
f 1879/11059/3687 1606/11060/3687 1625/11061/3687
f 1160/11062/3688 1159/11063/3688 1709/11064/3688
f 1709/11065/3689 1159/11066/3689 1710/11067/3689
f 1710/11068/3690 1159/11069/3690 1711/11070/3690
f 1711/11071/3691 1159/11072/3691 1712/11073/3691
f 1712/11074/3692 1159/11075/3692 1713/11076/3692
f 1713/11077/3693 1159/11078/3693 1714/11079/3693
f 1714/11080/3694 1159/11081/3694 1715/11082/3694
f 1715/11083/3695 1159/11084/3695 1716/11085/3695
f 1716/11086/3696 1159/11087/3696 1717/11088/3696
f 1717/11089/3697 1159/11090/3697 1718/11091/3697
f 1718/11092/3698 1159/11093/3698 1719/11094/3698
f 1719/11095/3699 1159/11096/3699 1720/11097/3699
f 1720/11098/3700 1159/11099/3700 1721/11100/3700
f 1721/11101/3701 1159/11102/3701 1723/11103/3701
f 1723/11104/3702 1159/11105/3702 1722/11106/3702
f 1722/11107/3703 1159/11108/3703 1724/11109/3703
f 1724/11110/3704 1159/11111/3704 1725/11112/3704
f 1725/11113/3705 1159/11114/3705 1726/11115/3705
f 1726/11116/3706 1159/11117/3706 1727/11118/3706
f 1727/11119/3707 1159/11120/3707 1728/11121/3707
f 1159/11122/3708 1157/11123/3708 1728/11124/3708
f 1512/11125/3709 1880/11126/3709 1513/11127/3709
f 1512/11128/3710 1648/11129/3710 1880/11130/3710
f 1513/11131/3711 1880/11132/3711 1647/11133/3711
f 1880/11134/3712 1648/11135/3712 1659/11136/3712
f 1880/11137/3713 1659/11138/3713 1660/11139/3713
f 1880/11140/3714 1660/11141/3714 1661/11142/3714
f 1880/11143/3715 1661/11144/3715 1662/11145/3715
f 1880/11146/3716 1662/11147/3716 1663/11148/3716
f 1880/11149/3717 1663/11150/3717 1664/11151/3717
f 1880/11152/3718 1664/11153/3718 1665/11154/3718
f 1880/11155/3719 1665/11156/3719 1666/11157/3719
f 1666/11158/3720 1658/11159/3720 1880/11160/3720
f 1658/11161/3721 1657/11162/3721 1880/11163/3721
f 1657/11164/3722 1656/11165/3722 1880/11166/3722
f 1656/11167/3723 1655/11168/3723 1880/11169/3723
f 1655/11170/3724 1654/11171/3724 1880/11172/3724
f 1654/11173/3725 1653/11174/3725 1880/11175/3725
f 1653/11176/3726 1652/11177/3726 1880/11178/3726
f 1652/11179/3727 1651/11180/3727 1880/11181/3727
f 1651/11182/3728 1650/11183/3728 1880/11184/3728
f 1650/11185/3729 1649/11186/3729 1880/11187/3729
f 1649/11188/3730 1647/11189/3730 1880/11190/3730
f 87/11191/3731 80/11192/3731 1536/11193/3731
f 1536/11194/3732 85/11195/3732 87/11196/3732
f 72/11197/3733 68/11198/3733 1536/11199/3733
f 75/11200/3734 72/11201/3734 1536/11202/3734
f 68/11203/3735 65/11204/3735 1536/11205/3735
f 65/11206/3736 58/11207/3736 1536/11208/3736
f 31/11209/3737 24/11210/3737 1536/11211/3737
f 34/11212/3738 31/11213/3738 1536/11214/3738
f 19/11215/3739 17/11216/3739 1536/11217/3739
f 17/11218/3740 14/11219/3740 1536/11220/3740
f 14/11221/3741 11/11222/3741 1536/11223/3741
f 2/11224/3742 1539/11225/3742 1881/11226/3742
f 1536/11227/3743 7/11228/3743 1881/11229/3743
f 1536/11230/3744 1881/11231/3744 1539/11232/3744
f 4/11233/3745 2/11234/3745 1881/11235/3745
f 7/11236/3746 4/11237/3746 1881/11238/3746
f 1536/11239/3747 1540/11240/3747 1882/11241/3747
f 1536/11242/3748 1882/11243/3748 1220/11244/3748
f 1221/11245/3749 1220/11246/3749 1882/11247/3749
f 1227/11248/3750 1221/11249/3750 1882/11250/3750
f 1231/11251/3751 1227/11252/3751 1882/11253/3751
f 1540/11254/3752 1231/11255/3752 1882/11256/3752
f 1213/11257/3753 1212/11258/3753 1536/11259/3753
f 1214/11260/3754 1213/11261/3754 1536/11262/3754
f 1190/11263/3755 1187/11264/3755 1536/11265/3755
f 1187/11266/3756 1183/11267/3756 1536/11268/3756
f 1176/11269/3757 1173/11270/3757 1536/11271/3757
f 1536/11272/3758 1173/11273/3758 1174/11274/3758
f 1536/11275/3759 1162/11276/3759 1538/11277/3759
f 1163/11278/3760 1162/11279/3760 1536/11280/3760
